actual,predicted,error,abs_error,rolling_woba
0.225,0.24813542,0.023135424,0.023135424,0.3425
0.0,0.0024870113,0.0024870113,0.0024870113,0.3625
0.0,0.0020901263,0.0020901263,0.0020901263,0.51708335
0.175,0.19656101,0.021561012,0.021561012,0.2925
0.0,0.0029012635,0.0029012635,0.0029012635,0.50491667
0.8,0.40273827,-0.39726174,0.39726174,0.33
0.225,0.23210159,0.0071015954,0.0071015954,0.36675
0.32,0.3589084,0.038908422,0.038908422,0.38
0.175,0.20038238,0.025382385,0.025382385,0.33375
0.0,0.0027998462,0.0027998462,0.0027998462,0.3705
0.4,0.35621434,-0.04378566,0.04378566,0.39741668
0.35,0.27812082,-0.07187918,0.07187918,0.355
0.225,0.22375813,-0.0012418628,0.0012418628,0.418
0.4,0.38562256,-0.014377445,0.014377445,0.402
0.0,0.0028528422,0.0028528422,0.0028528422,0.3415
0.175,0.20885584,0.03385584,0.03385584,0.392
0.225,0.21586832,-0.00913167,0.00913167,0.34708333
0.0,0.0030233487,0.0030233487,0.0030233487,0.18035714
0.3,0.23685107,-0.063148946,0.063148946,0.3765
0.225,0.25589043,0.030890435,0.030890435,0.28475
0.7,0.22965837,-0.47034162,0.47034162,0.37566668
0.225,0.21942943,-0.0055705607,0.0055705607,0.37025
0.18,0.23645511,0.056455106,0.056455106,0.26
0.9,0.88065535,-0.019344628,0.019344628,0.42825
0.9,0.51427376,-0.3857262,0.3857262,0.43283334
0.225,0.22935292,0.004352927,0.004352927,0.33466667
0.225,0.24263284,0.017632842,0.017632842,0.38666666
0.25,0.32173902,0.07173902,0.07173902,0.15875
0.175,0.22078016,0.045780167,0.045780167,0.3775
0.7,0.22117922,-0.47882077,0.47882077,0.29158333
0.625,0.30438522,-0.32061478,0.32061478,0.39275
0.175,0.20697102,0.031971022,0.031971022,0.18116666
0.9,0.77207404,-0.12792593,0.12792593,0.17833333
0.68,0.66945314,-0.010546863,0.010546863,0.35
0.0,0.0032440647,0.0032440647,0.0032440647,0.13025
0.175,0.20074892,0.025748923,0.025748923,0.29725
0.0,0.003002353,0.003002353,0.003002353,0.385
0.0,0.002350919,0.002350919,0.002350919,0.32933334
0.3,0.2560861,-0.0439139,0.0439139,0.26166666
0.175,0.24018604,0.06518604,0.06518604,0.2625
0.225,0.22107914,-0.003920853,0.003920853,0.203
0.225,0.24576291,0.02076292,0.02076292,0.3225
0.7,0.2307907,-0.46920928,0.46920928,0.235
0.5,0.40376717,-0.09623283,0.09623283,0.43575
0.0,0.0031609833,0.0031609833,0.0031609833,0.14916667
0.4,0.36373714,-0.03626287,0.03626287,0.4065
0.225,0.22866961,0.0036696196,0.0036696196,0.45916668
0.0,0.0029548705,0.0029548705,0.0029548705,0.237
0.225,0.22413334,-0.00086665154,0.00086665154,0.324
0.7125,0.6010919,-0.111408055,0.111408055,0.4095
0.41666666,0.30050662,-0.116160035,0.116160035,0.215
0.0,0.0026218295,0.0026218295,0.0026218295,0.16791667
0.0,0.0030040368,0.0030040368,0.0030040368,0.185
0.35,0.28118885,-0.06881115,0.06881115,0.29225
0.35,0.35702315,0.0070231557,0.0070231557,0.2175
0.175,0.20748854,0.03248854,0.03248854,0.16575
0.5375,0.44853514,-0.08896488,0.08896488,0.37725
0.225,0.22277045,-0.0022295415,0.0022295415,0.443
0.45,0.39141154,-0.058588445,0.058588445,0.276
0.45,0.42966333,-0.020336658,0.020336658,0.27575
0.0,0.0024911836,0.0024911836,0.0024911836,0.36266667
0.25,0.2562587,0.0062586963,0.0062586963,0.41083333
0.57,0.5277964,-0.042203605,0.042203605,0.42816666
0.5375,0.50326705,-0.034232974,0.034232974,0.29333332
0.0,0.0023713857,0.0023713857,0.0023713857,0.34166667
0.32,0.41552547,0.09552547,0.09552547,0.31041667
0.225,0.22657073,0.0015707314,0.0015707314,0.46625
0.0,0.0024613366,0.0024613366,0.0024613366,0.3345
0.36,0.43572795,0.07572794,0.07572794,0.281
0.83,0.8034345,-0.026565492,0.026565492,0.355
0.53333336,0.38485932,-0.14847404,0.14847404,0.284
0.7625,0.6065335,-0.15596646,0.15596646,0.355
0.72,0.7940428,0.0740428,0.0740428,0.22275
0.58,0.6434964,0.06349641,0.06349641,0.32683334
0.23333333,0.24047488,0.0071415454,0.0071415454,0.3465
0.0,0.002968423,0.002968423,0.002968423,0.1825
1.225,0.9471586,-0.27784145,0.27784145,0.295
0.35,0.37353587,0.023535877,0.023535877,0.13883333
0.9,0.89658487,-0.0034151077,0.0034151077,0.35541666
0.35,0.38139087,0.031390876,0.031390876,0.1255
0.6625,0.5034727,-0.15902734,0.15902734,0.22
0.3125,0.2887868,-0.023713201,0.023713201,0.2675
0.225,0.22645152,0.0014515221,0.0014515221,0.26
0.7625,0.6439784,-0.11852157,0.11852157,0.28083333
0.225,0.2647561,0.03975612,0.03975612,0.2
0.18,0.23403174,0.05403173,0.05403173,0.2845
0.225,0.24980089,0.024800897,0.024800897,0.23325
0.0,0.0028419718,0.0028419718,0.0028419718,0.2105
0.0,0.003019333,0.003019333,0.003019333,0.18125
0.225,0.25999138,0.034991384,0.034991384,0.24416667
0.0,0.002908066,0.002908066,0.002908066,0.27166668
0.225,0.216878,-0.008121997,0.008121997,0.40175
0.95,0.7956973,-0.15430272,0.15430272,0.17883334
0.3,0.24832055,-0.051679462,0.051679462,0.24666667
0.53333336,0.42269248,-0.11064088,0.11064088,0.14708333
0.0,0.002246976,0.002246976,0.002246976,0.45258334
0.9,0.26365808,-0.6363419,0.6363419,0.0925
0.0,0.0027457103,0.0027457103,0.0027457103,0.22725
0.32,0.36730415,0.047304153,0.047304153,0.33058333
0.0,0.0023013726,0.0023013726,0.0023013726,0.5435
0.45,0.38499796,-0.065002024,0.065002024,0.5503333
0.35,0.22516957,-0.124830425,0.124830425,0.30408335
0.0,0.0029083788,0.0029083788,0.0029083788,0.34991667
0.45,0.2620879,-0.18791208,0.18791208,0.20175
0.7,0.26264903,-0.43735096,0.43735096,0.089
0.0,0.0026545152,0.0026545152,0.0026545152,0.30725
0.3125,0.29163414,-0.020865858,0.020865858,0.24625
0.0,0.002342701,0.002342701,0.002342701,0.33
0.3125,0.27649924,-0.03600076,0.03600076,0.60333335
0.175,0.23914161,0.064141616,0.064141616,0.29371428
0.225,0.2508332,0.02583322,0.02583322,0.29133335
0.0,0.0029534176,0.0029534176,0.0029534176,0.19633333
0.225,0.23362327,0.008623272,0.008623272,0.2505
0.0,0.002647169,0.002647169,0.002647169,0.33308333
0.0,0.0022433028,0.0022433028,0.0022433028,0.37033334
0.225,0.2286081,0.0036081076,0.0036081076,0.167
0.41666666,0.35000676,-0.0666599,0.0666599,0.085
0.7,0.22552979,-0.4744702,0.4744702,0.34575
0.23333333,0.23261008,-0.00072325766,0.00072325766,0.18666667
0.3,0.24862361,-0.051376402,0.051376402,0.37875
0.6666667,0.48397288,-0.18269381,0.18269381,0.16416667
0.35,0.28800368,-0.06199631,0.06199631,0.391
0.5,0.4833932,-0.016606808,0.016606808,0.28075
0.36,0.39890057,0.038900554,0.038900554,0.2475
0.4,0.3723117,-0.027688295,0.027688295,0.335
0.45,0.38706762,-0.06293237,0.06293237,0.35341668
0.54,0.490859,-0.04914102,0.04914102,0.4065
0.725,0.5154026,-0.20959741,0.20959741,0.42125
0.0,0.0023957863,0.0023957863,0.0023957863,0.38283333
0.4,0.4069478,0.0069477856,0.0069477856,0.3425
0.5,0.4631641,-0.03683591,0.03683591,0.29383335
0.0,0.0025382265,0.0025382265,0.0025382265,0.22291666
0.25,0.30805916,0.058059156,0.058059156,0.17675
0.0,0.0030204728,0.0030204728,0.0030204728,0.17875
0.3125,0.3053386,-0.0071614087,0.0071614087,0.24666667
0.5,0.47882882,-0.021171182,0.021171182,0.1825
0.0,0.0021493807,0.0021493807,0.0021493807,0.4275
0.675,0.49178222,-0.1832178,0.1832178,0.3265
0.61,0.67560977,0.06560975,0.06560975,0.27441666
0.0,0.0026542023,0.0026542023,0.0026542023,0.29725
0.225,0.2505962,0.025596201,0.025596201,0.27316666
0.0,0.0028712675,0.0028712675,0.0028712675,0.331
0.0,0.003084831,0.003084831,0.003084831,0.4125
0.0,0.0024911687,0.0024911687,0.0024911687,0.3235
0.5,0.46671674,-0.033283263,0.033283263,0.31625
0.3,0.23661178,-0.06338823,0.06338823,0.2115
0.225,0.21770623,-0.007293761,0.007293761,0.3395
0.0,0.0024941936,0.0024941936,0.0024941936,0.36508334
0.61,0.64029396,0.030293941,0.030293941,0.3005
0.0,0.0028611794,0.0028611794,0.0028611794,0.35216665
0.36,0.41414562,0.054145604,0.054145604,0.34275
0.39,0.41385868,0.023858696,0.023858696,0.25125
0.0,0.0028052703,0.0028052703,0.0028052703,0.24433333
0.0,0.002645351,0.002645351,0.002645351,0.34
0.4,0.41737428,0.017374277,0.017374277,0.18958333
0.0,0.002749458,0.002749458,0.002749458,0.48475
0.675,0.59084773,-0.08415228,0.08415228,0.2425
0.725,0.6262854,-0.09871465,0.09871465,0.386
0.5,0.47530508,-0.02469492,0.02469492,0.0775
0.0,0.0024013743,0.0024013743,0.0024013743,0.36
0.18,0.23523647,0.05523646,0.05523646,0.29616666
0.5375,0.43604714,-0.10145289,0.10145289,0.14425
0.3125,0.2838372,-0.0286628,0.0286628,0.26925
0.0,0.0023327544,0.0023327544,0.0023327544,0.40783334
0.5,0.47029513,-0.029704869,0.029704869,0.345
0.3125,0.2949872,-0.017512798,0.017512798,0.38166666
0.6,0.38732696,-0.21267307,0.21267307,0.3295
0.0,0.0027363896,0.0027363896,0.0027363896,0.3325
0.3125,0.28972012,-0.022779882,0.022779882,0.3175
0.225,0.25258246,0.027582467,0.027582467,0.33825
0.5,0.42677483,-0.07322517,0.07322517,0.124
0.0,0.0021243915,0.0021243915,0.0021243915,0.40975
0.45,0.46245554,0.012455553,0.012455553,0.3095
0.225,0.25344405,0.028444052,0.028444052,0.3005
0.3,0.22360006,-0.07639995,0.07639995,0.37916666
0.7125,0.6078863,-0.10461366,0.10461366,0.28
0.3,0.21670187,-0.08329815,0.08329815,0.45741665
0.53333336,0.36660716,-0.1667262,0.1667262,0.26641667
1.25,0.28418902,-0.965811,0.965811,0.351
0.5,0.46080118,-0.039198816,0.039198816,0.19483334
0.57,0.6156438,0.045643806,0.045643806,0.26433334
0.32,0.39182132,0.07182133,0.07182133,0.23183334
0.7,0.24006167,-0.45993832,0.45993832,0.32541665
0.35,0.34252632,-0.0074736774,0.0074736774,0.44941667
0.0,0.002304539,0.002304539,0.002304539,0.30775
0.18,0.2204665,0.040466487,0.040466487,0.32141668
0.0,0.0025623813,0.0025623813,0.0025623813,0.39758334
0.225,0.25288954,0.02788955,0.02788955,0.2775
0.58,0.5224479,-0.0575521,0.0575521,0.37425
0.18,0.22819352,0.048193514,0.048193514,0.32125
0.64,0.68531334,0.04531336,0.04531336,0.25725
0.5375,0.48791337,-0.049586654,0.049586654,0.39925
0.0,0.0026077256,0.0026077256,0.0026077256,0.31
0.18,0.22320858,0.04320857,0.04320857,0.312
0.43,0.43194208,0.0019420683,0.0019420683,0.46725
0.0,0.0025891736,0.0025891736,0.0025891736,0.28125
0.3125,0.30213812,-0.01036188,0.01036188,0.25283334
0.225,0.2265785,0.0015785098,0.0015785098,0.17866667
0.35,0.3679068,0.017906815,0.017906815,0.2385
0.225,0.22093585,-0.0040641427,0.0040641427,0.18275
0.9,0.6191391,-0.2808609,0.2808609,0.178
0.225,0.23710811,0.012108117,0.012108117,0.32833335
0.0,0.0032507852,0.0032507852,0.0032507852,0.12166667
0.0,0.003120117,0.003120117,0.003120117,0.18783334
0.0,0.0028204024,0.0028204024,0.0028204024,0.297
0.3125,0.30412287,-0.008377135,0.008377135,0.23258333
0.0,0.0027927384,0.0027927384,0.0027927384,0.2375
0.3,0.24404508,-0.055954933,0.055954933,0.2805
0.0,0.0025311634,0.0025311634,0.0025311634,0.33
0.0,0.0027098507,0.0027098507,0.0027098507,0.245
0.4875,0.4254558,-0.062044203,0.062044203,0.19125
0.225,0.23295993,0.007959932,0.007959932,0.30725
0.23333333,0.23802584,0.00469251,0.00469251,0.2465
0.3,0.21769711,-0.0823029,0.0823029,0.3575
0.3125,0.24328667,-0.06921333,0.06921333,0.31825
0.0,0.002676241,0.002676241,0.002676241,0.29583332
0.0,0.0026512444,0.0026512444,0.0026512444,0.28583333
0.0,0.0025286824,0.0025286824,0.0025286824,0.285
0.43,0.4252652,-0.004734814,0.004734814,0.39625
0.0,0.0024925396,0.0024925396,0.0024925396,0.3325
0.94,0.8978855,-0.042114496,0.042114496,0.51233333
0.0,0.0024950728,0.0024950728,0.0024950728,0.36833334
0.45,0.2525028,-0.19749719,0.19749719,0.331
0.46,0.462917,0.0029169917,0.0029169917,0.293
0.18,0.22138199,0.041381985,0.041381985,0.3245
0.0,0.0022671968,0.0022671968,0.0022671968,0.43533334
0.5,0.42122856,-0.07877144,0.07877144,0.28225
0.0,0.0025838688,0.0025838688,0.0025838688,0.29416665
1.34,1.2664243,-0.073575735,0.073575735,0.247
0.46,0.5063927,0.04639271,0.04639271,0.344
0.5,0.53981555,0.039815545,0.039815545,0.2775
0.18,0.21949771,0.039497703,0.039497703,0.25925
0.175,0.19005913,0.015059128,0.015059128,0.57425
0.36,0.4510577,0.09105769,0.09105769,0.35875
0.61,0.63259983,0.022599816,0.022599816,0.3085
0.0,0.0030453578,0.0030453578,0.0030453578,0.1755
0.675,0.5658471,-0.10915291,0.10915291,0.36875
0.43,0.5110272,0.08102721,0.08102721,0.1425
0.14,0.19924164,0.059241638,0.059241638,0.373
0.0,0.0027153865,0.0027153865,0.0027153865,0.14125
0.225,0.25113437,0.026134372,0.026134372,0.24
0.0,0.003053248,0.003053248,0.003053248,0.13
0.225,0.26194018,0.036940187,0.036940187,0.22675
0.0,0.0031203255,0.0031203255,0.0031203255,0.43375
0.0,0.0028719828,0.0028719828,0.0028719828,0.27325
0.0,0.0028345138,0.0028345138,0.0028345138,0.37666667
0.0,0.002666533,0.002666533,0.002666533,0.237
0.0,0.0026257634,0.0026257634,0.0026257634,0.285
0.525,0.42082542,-0.104174554,0.104174554,0.28825
0.3125,0.30717587,-0.0053241253,0.0053241253,0.29741666
0.0,0.0028745458,0.0028745458,0.0028745458,0.296
0.0,0.0026487932,0.0026487932,0.0026487932,0.379
0.45,0.38702703,-0.06297296,0.06297296,0.45708334
0.6,0.40326345,-0.19673657,0.19673657,0.25083333
0.23333333,0.20826581,-0.025067523,0.025067523,0.41741666
0.175,0.19882107,0.02382107,0.02382107,0.225
0.175,0.21492758,0.039927587,0.039927587,0.446
0.5375,0.46405095,-0.073449075,0.073449075,0.345
0.0,0.0025658533,0.0025658533,0.0025658533,0.30658334
0.0,0.002660334,0.002660334,0.002660334,0.17125
0.225,0.25868917,0.03368917,0.03368917,0.26083332
0.4,0.3304095,-0.06959051,0.06959051,0.322
0.0,0.002661176,0.002661176,0.002661176,0.28375
0.225,0.21405303,-0.010946959,0.010946959,0.31
0.625,0.78021765,0.15521765,0.15521765,0.271
0.225,0.23839918,0.013399184,0.013399184,0.27341667
0.9,0.24867204,-0.65132797,0.65132797,0.16666667
0.225,0.21862662,-0.0063733757,0.0063733757,0.33291668
0.0,0.003001295,0.003001295,0.003001295,0.34575
0.3,0.2303741,-0.069625914,0.069625914,0.25166667
0.9,0.45805344,-0.44194654,0.44194654,0.48
0.0,0.002515696,0.002515696,0.002515696,0.32975
0.05,0.0054824427,-0.044517558,0.044517558,0.31333333
0.0,0.0027757362,0.0027757362,0.0027757362,0.30625
0.8,0.40058208,-0.39941794,0.39941794,0.21041666
0.0,0.0030050129,0.0030050129,0.0030050129,0.4035
0.18,0.26421157,0.08421156,0.08421156,0.2
0.0,0.0027927384,0.0027927384,0.0027927384,0.236
0.6666667,0.4297321,-0.23693457,0.23693457,0.15
0.25,0.3002045,0.050204486,0.050204486,0.26775
0.15,0.23650175,0.08650175,0.08650175,0.2595
0.0,0.0030760393,0.0030760393,0.0030760393,0.16916667
0.23333333,0.23468205,0.001348719,0.001348719,0.41883335
0.0,0.002312623,0.002312623,0.002312623,0.41925
1.45,0.5841987,-0.86580133,0.86580133,0.3655
0.4,0.40200633,0.0020063221,0.0020063221,0.25575
0.0,0.0027670935,0.0027670935,0.0027670935,0.3525
0.85,0.7435703,-0.106429696,0.106429696,0.26041666
0.0,0.0025856122,0.0025856122,0.0025856122,0.30875
0.4,0.38101116,-0.018988848,0.018988848,0.46658334
0.225,0.22081354,-0.0041864514,0.0041864514,0.229
0.45,0.25300795,-0.19699204,0.19699204,0.263
0.175,0.20021245,0.025212452,0.025212452,0.382
0.225,0.23167452,0.006674528,0.006674528,0.389
0.725,0.51772285,-0.20727718,0.20727718,0.35066667
0.225,0.22284752,-0.0021524727,0.0021524727,0.364
0.0,0.0026535615,0.0026535615,0.0026535615,0.35616666
0.0,0.002564706,0.002564706,0.002564706,0.33666667
0.4,0.4041232,0.004123181,0.004123181,0.27525
0.7625,0.6635486,-0.0989514,0.0989514,0.25125
0.3,0.23645511,-0.0635449,0.0635449,0.26
0.45,0.23371378,-0.21628621,0.21628621,0.33
0.0,0.0023435205,0.0023435205,0.0023435205,0.42916667
0.0,0.0025854334,0.0025854334,0.0025854334,0.29625
0.225,0.24047616,0.015476167,0.015476167,0.29441667
0.0,0.0025758147,0.0025758147,0.0025758147,0.27375
0.4,0.4074458,0.0074457824,0.0074457824,0.3425
0.3125,0.30289626,-0.009603739,0.009603739,0.3625
0.4,0.350449,-0.04955101,0.04955101,0.278
0.225,0.22062588,-0.0043741167,0.0043741167,0.43741667
0.3,0.23324654,-0.06675348,0.06675348,0.33925
0.23333333,0.21964598,-0.013687357,0.013687357,0.33233333
0.225,0.221347,-0.0036529899,0.0036529899,0.354
0.3,0.22215769,-0.077842325,0.077842325,0.26125
0.3125,0.25097698,-0.06152302,0.06152302,0.36616668
0.0,0.0029279962,0.0029279962,0.0029279962,0.376
0.23333333,0.2199814,-0.013351932,0.013351932,0.30083334
0.3125,0.2597759,-0.052724093,0.052724093,0.3905
0.0,0.0023340508,0.0023340508,0.0023340508,0.4195
0.0,0.0025781468,0.0025781468,0.0025781468,0.29
0.3,0.22119159,-0.07880843,0.07880843,0.2815
0.0,0.0026141405,0.0026141405,0.0026141405,0.34366667
0.0,0.0029738173,0.0029738173,0.0029738173,0.29333332
0.0,0.002519466,0.002519466,0.002519466,0.34983334
0.58,0.51278627,-0.067213714,0.067213714,0.1865
0.0,0.0026681572,0.0026681572,0.0026681572,0.27833334
0.4,0.42830056,0.028300554,0.028300554,0.305
0.45,0.4439103,-0.0060896873,0.0060896873,0.23916666
0.4875,0.39554095,-0.09195906,0.09195906,0.4545
0.225,0.25735888,0.032358885,0.032358885,0.25333333
0.9,0.74520504,-0.15479493,0.15479493,0.4065
0.0,0.0024638548,0.0024638548,0.0024638548,0.44666666
0.0,0.0030317307,0.0030317307,0.0030317307,0.2145
0.4875,0.40418446,-0.08331555,0.08331555,0.3465
0.175,0.23622796,0.061227962,0.061227962,0.45825
0.8125,0.6871364,-0.12536359,0.12536359,0.25666666
0.175,0.2516979,0.0766979,0.0766979,0.12716667
0.5375,0.43261796,-0.10488206,0.10488206,0.296
0.0,0.0031083003,0.0031083003,0.0031083003,0.16075
0.0,0.0025519058,0.0025519058,0.0025519058,0.4085
0.5375,0.4306385,-0.10686153,0.10686153,0.4205
0.0,0.0029905364,0.0029905364,0.0029905364,0.271
0.0,0.002653636,0.002653636,0.002653636,0.30016667
0.3,0.25272056,-0.047279447,0.047279447,0.42833334
0.4,0.3581605,-0.04183951,0.04183951,0.43583333
0.575,0.44667888,-0.12832111,0.12832111,0.44016665
0.41666666,0.30456382,-0.11210284,0.11210284,0.32375
0.0,0.0024303272,0.0024303272,0.0024303272,0.31166667
0.675,0.625588,-0.049412012,0.049412012,0.34241667
0.3,0.22822154,-0.071778476,0.071778476,0.42208335
0.175,0.23807237,0.06307237,0.06307237,0.317
0.0,0.002677612,0.002677612,0.002677612,0.2915
0.225,0.23469937,0.009699374,0.009699374,0.42
0.225,0.22328123,-0.0017187595,0.0017187595,0.38625
0.4,0.3979692,-0.0020308197,0.0020308197,0.29475
1.0,0.85138714,-0.14861286,0.14861286,0.36683333
0.0,0.0022837967,0.0022837967,0.0022837967,0.42233333
0.0,0.0029270574,0.0029270574,0.0029270574,0.37525
0.0,0.0028774515,0.0028774515,0.0028774515,0.21133333
0.0,0.0026841685,0.0026841685,0.0026841685,0.28016666
0.45,0.38492614,-0.06507385,0.06507385,0.52283335
0.3,0.22860965,-0.07139036,0.07139036,0.30716667
0.4,0.41424906,0.014249057,0.014249057,0.18375
0.0,0.0024983212,0.0024983212,0.0024983212,0.35
0.0,0.0024778545,0.0024778545,0.0024778545,0.36158332
0.225,0.22398058,-0.0010194182,0.0010194182,0.207
0.175,0.20577648,0.030776486,0.030776486,0.19866666
0.4,0.40531018,0.005310178,0.005310178,0.23833333
0.725,0.60642445,-0.11857557,0.11857557,0.418
0.45,0.41738683,-0.03261316,0.03261316,0.13025
0.0,0.002852194,0.002852194,0.002852194,0.31475
0.675,0.47733843,-0.19766158,0.19766158,0.3625
0.225,0.2521861,0.027186096,0.027186096,0.30683333
0.35,0.24767718,-0.10232282,0.10232282,0.14166667
0.175,0.24357146,0.06857146,0.06857146,0.25166667
0.0,0.0023991242,0.0023991242,0.0023991242,0.395
0.18,0.22785476,0.04785475,0.04785475,0.42791668
0.0,0.002846472,0.002846472,0.002846472,0.22875
1.0375,0.8503438,-0.1871562,0.1871562,0.25875
0.0,0.002414845,0.002414845,0.002414845,0.35833332
0.3125,0.29390898,-0.018591017,0.018591017,0.2225
0.0,0.0027915016,0.0027915016,0.0027915016,0.20375
0.45,0.46212608,0.012126088,0.012126088,0.21075
0.54,0.6164913,0.0764913,0.0764913,0.193
0.36,0.45810616,0.098106146,0.098106146,0.14875
0.8125,0.68688905,-0.12561095,0.12561095,0.18125
0.23333333,0.2385791,0.00524576,0.00524576,0.24333334
0.225,0.21678299,-0.008217007,0.008217007,0.35175
0.45,0.40121913,-0.04878086,0.04878086,0.25133333
0.225,0.24203005,0.01703006,0.01703006,0.21208334
0.4875,0.48286355,-0.0046364665,0.0046364665,0.21
0.0,0.0025586113,0.0025586113,0.0025586113,0.20041667
0.18,0.23680598,0.05680597,0.05680597,0.39458334
0.41666666,0.263266,-0.15340066,0.15340066,0.31383333
0.3125,0.28326836,-0.029231638,0.029231638,0.4435
0.28,0.27102673,-0.008973271,0.008973271,0.5553333
0.14,0.22378504,0.08378504,0.08378504,0.33908334
0.175,0.19774997,0.022749975,0.022749975,0.33191666
0.0,0.00278683,0.00278683,0.00278683,0.159
0.45,0.39868432,-0.051315665,0.051315665,0.28975
0.9,0.26083016,-0.6391698,0.6391698,0.165
0.225,0.23106879,0.006068796,0.006068796,0.5620833
0.475,0.62312686,0.14812687,0.14812687,0.27121428
0.32,0.42273152,0.102731526,0.102731526,0.31383333
0.0,0.0031515285,0.0031515285,0.0031515285,0.15133333
0.625,0.49393216,-0.13106784,0.13106784,0.228
0.43,0.48824537,0.05824536,0.05824536,0.38933334
0.5,0.4911813,-0.008818686,0.008818686,0.28308332
0.41666666,0.3046212,-0.11204547,0.11204547,0.33433333
0.36,0.4110194,0.0510194,0.0510194,0.1535
1.08,1.1461242,0.0661242,0.0661242,0.20166667
0.225,0.25274605,0.027746052,0.027746052,0.30375
0.7625,0.64637876,-0.11612123,0.11612123,0.3985
0.0,0.0022193715,0.0022193715,0.0022193715,0.4925
0.175,0.20407993,0.029079929,0.029079929,0.4755
0.225,0.22407761,-0.0009223819,0.0009223819,0.18
0.5375,0.42759025,-0.10990977,0.10990977,0.41866666
0.175,0.22166607,0.04666607,0.04666607,0.36541668
0.0,0.002287887,0.002287887,0.002287887,0.32116666
1.25,0.29755476,-0.95244527,0.95244527,0.21375
0.5,0.42257017,-0.07742983,0.07742983,0.261
0.225,0.21863592,-0.0063640773,0.0063640773,0.3145
0.0,0.002581112,0.002581112,0.002581112,0.2895
0.675,0.59426624,-0.080733776,0.080733776,0.277
0.0,0.0027957484,0.0027957484,0.0027957484,0.234
0.3,0.23837024,-0.061629772,0.061629772,0.31233335
0.45,0.41379416,-0.03620583,0.03620583,0.38
0.3,0.25285104,-0.047148973,0.047148973,0.27875
0.225,0.25311303,0.028113037,0.028113037,0.32075
0.0,0.002229847,0.002229847,0.002229847,0.41383332
0.225,0.24667701,0.021677017,0.021677017,0.3295
0.225,0.22425792,-0.0007420778,0.0007420778,0.253
0.5,0.46543795,-0.03456205,0.03456205,0.4
0.675,0.59454286,-0.08045715,0.08045715,0.26083332
0.68,0.6236665,-0.056333482,0.056333482,0.48075
0.0,0.0024809912,0.0024809912,0.0024809912,0.44666666
0.41666666,0.30220982,-0.11445683,0.11445683,0.21583334
0.0,0.002712153,0.002712153,0.002712153,0.245
0.225,0.23242378,0.0074237883,0.0074237883,0.30725
0.35,0.3572436,0.0072436035,0.0072436035,0.23858333
0.175,0.21610025,0.04110025,0.04110025,0.23583333
0.4,0.39152962,-0.008470386,0.008470386,0.185
0.23333333,0.25153178,0.018198445,0.018198445,0.13066667
0.0,0.0026584417,0.0026584417,0.0026584417,0.24
0.39,0.3982563,0.008256316,0.008256316,0.34975
0.8125,0.7690408,-0.043459177,0.043459177,0.2025
0.32,0.3860423,0.066042304,0.066042304,0.14325
0.225,0.2470378,0.022037804,0.022037804,0.2465
0.75,0.59772444,-0.15227556,0.15227556,0.3525
0.0,0.0024796054,0.0024796054,0.0024796054,0.32791665
0.0,0.002725646,0.002725646,0.002725646,0.255
0.72,0.73990405,0.019904017,0.019904017,0.48408332
0.18,0.22307813,0.043078125,0.043078125,0.37491667
0.225,0.25271478,0.027714789,0.027714789,0.263
0.72,0.75413847,0.03413844,0.03413844,0.35125
0.5,0.46495232,-0.03504768,0.03504768,0.35066667
0.45,0.39096555,-0.059034437,0.059034437,0.3135
0.18,0.21940193,0.03940192,0.03940192,0.37241668
0.225,0.24415636,0.019156367,0.019156367,0.25166667
0.225,0.23061422,0.005614221,0.005614221,0.28616667
0.45,0.4401777,-0.009822279,0.009822279,0.31525
0.0,0.002711229,0.002711229,0.002711229,0.27875
0.43,0.43642628,0.006426275,0.006426275,0.2975
0.36,0.40152076,0.041520745,0.041520745,0.27166668
0.0,0.0025148615,0.0025148615,0.0025148615,0.35791665
1.01,1.0816711,0.07167113,0.07167113,0.18035714
0.45,0.40963292,-0.040367067,0.040367067,0.33233333
0.18,0.24095336,0.06095335,0.06095335,0.251
0.0,0.0025580972,0.0025580972,0.0025580972,0.315
1.175,0.98164916,-0.19335079,0.19335079,0.19125
0.175,0.23081705,0.055817053,0.055817053,0.215
0.5,0.46088228,-0.039117724,0.039117724,0.26925
0.5,0.43688938,-0.06311062,0.06311062,0.35083333
0.0,0.0032560378,0.0032560378,0.0032560378,0.12166667
0.54,0.48874938,-0.051250637,0.051250637,0.3445
0.725,0.52595025,-0.19904977,0.19904977,0.26875
0.35,0.21176398,-0.13823602,0.13823602,0.2375
0.6,0.5350293,-0.06497073,0.06497073,0.3535
0.4875,0.47149485,-0.016005158,0.016005158,0.291
0.28,0.29670936,0.016709358,0.016709358,0.3905
0.7,0.20937794,-0.49062204,0.49062204,0.2225
0.65,0.6711166,0.021116614,0.021116614,0.402
0.225,0.21678516,-0.008214831,0.008214831,0.3475
0.225,0.21317029,-0.011829704,0.011829704,0.2915
0.0,0.002824366,0.002824366,0.002824366,0.21916667
0.225,0.23385713,0.008857131,0.008857131,0.3375
0.0,0.0028039888,0.0028039888,0.0028039888,0.22083333
0.0,0.0028164089,0.0028164089,0.0028164089,0.3335
0.575,0.5428757,-0.03212428,0.03212428,0.20625
0.175,0.19317344,0.018173441,0.018173441,0.41125
0.0,0.0028866008,0.0028866008,0.0028866008,0.25575
0.7,0.20031714,-0.49968284,0.49968284,0.37666667
0.175,0.19480482,0.01980482,0.01980482,0.34075
0.0,0.002435185,0.002435185,0.002435185,0.27333334
0.0,0.0028106198,0.0028106198,0.0028106198,0.26125
0.0,0.0026662275,0.0026662275,0.0026662275,0.31083333
0.175,0.19666192,0.021661922,0.021661922,0.3535
0.175,0.21717003,0.042170033,0.042170033,0.391
0.3,0.2474657,-0.052534312,0.052534312,0.23875
0.9,0.4066118,-0.49338818,0.49338818,0.257
0.35,0.21684808,-0.13315192,0.13315192,0.16916667
0.175,0.2343351,0.059335098,0.059335098,0.41966668
0.0,0.0024761036,0.0024761036,0.0024761036,0.32925
0.53333336,0.41716737,-0.116165996,0.116165996,0.256
0.3125,0.30375797,-0.008742034,0.008742034,0.453
0.35,0.2403763,-0.1096237,0.1096237,0.32366666
0.175,0.19376351,0.018763512,0.018763512,0.2925
0.0,0.0027294755,0.0027294755,0.0027294755,0.27341667
0.0,0.0029240176,0.0029240176,0.0029240176,0.33291668
0.6,0.3822096,-0.21779042,0.21779042,0.3145
0.0,0.0027622953,0.0027622953,0.0027622953,0.24666667
0.45,0.4159673,-0.034032702,0.034032702,0.32866666
0.45,0.4373055,-0.012694478,0.012694478,0.2625
0.225,0.23050001,0.0055000186,0.0055000186,0.34775
0.0,0.00239148,0.00239148,0.00239148,0.29041666
0.5375,0.4336384,-0.10386163,0.10386163,0.46208334
0.32,0.34924373,0.029243737,0.029243737,0.2425
0.0,0.002832085,0.002832085,0.002832085,0.1955
0.0,0.0024907067,0.0024907067,0.0024907067,0.36375
0.175,0.23168409,0.05668409,0.05668409,0.27458334
0.0,0.0027950406,0.0027950406,0.0027950406,0.236
0.0,0.0028675273,0.0028675273,0.0028675273,0.21666667
0.225,0.26150033,0.036500335,0.036500335,0.23833333
0.175,0.19543958,0.02043958,0.02043958,0.348
0.4,0.35888076,-0.041119248,0.041119248,0.45675
0.35,0.27241424,-0.07758576,0.07758576,0.271
0.0,0.0026042387,0.0026042387,0.0026042387,0.28075
0.225,0.24049374,0.015493751,0.015493751,0.27766666
0.0,0.002192475,0.002192475,0.002192475,0.435
0.0,0.0032069087,0.0032069087,0.0032069087,0.13883333
0.45,0.37965912,-0.07034087,0.07034087,0.48825
0.5,0.40427873,-0.095721275,0.095721275,0.45833334
2.0,0.49826455,-1.5017354,1.5017354,0.25316668
0.225,0.25270477,0.027704775,0.027704775,0.28041667
0.9,0.24351239,-0.6564876,0.6564876,0.3
0.225,0.24634364,0.021343648,0.021343648,0.23658334
0.225,0.26309657,0.038096577,0.038096577,0.1605
0.0,0.0029609203,0.0029609203,0.0029609203,0.2295
0.0,0.002600424,0.002600424,0.002600424,0.42958334
0.0,0.0026888326,0.0026888326,0.0026888326,0.255
0.225,0.23726016,0.012260169,0.012260169,0.43675
0.53333336,0.39378607,-0.13954729,0.13954729,0.17525
0.0,0.0027116463,0.0027116463,0.0027116463,0.27483332
0.4,0.36229602,-0.03770399,0.03770399,0.40875
0.0,0.0024470687,0.0024470687,0.0024470687,0.28933334
0.0,0.002420701,0.002420701,0.002420701,0.36233333
1.37,1.3115981,-0.058401942,0.058401942,0.1825
0.72,0.7216753,0.0016752481,0.0016752481,0.33525
1.05,0.98577666,-0.06422329,0.06422329,0.395
0.75,0.6627861,-0.087213874,0.087213874,0.1605
0.54,0.50601465,-0.033985376,0.033985376,0.17875
0.0,0.0027441233,0.0027441233,0.0027441233,0.25766668
0.23333333,0.19836983,-0.034963503,0.034963503,0.5503333
0.14,0.20479769,0.064797685,0.064797685,0.2655
1.25,0.3016245,-0.94837546,0.94837546,0.40916666
0.18,0.23417658,0.05417657,0.05417657,0.33125
0.18,0.24920064,0.069200635,0.069200635,0.31208333
0.61,0.57575965,-0.034240365,0.034240365,0.18416667
0.5375,0.43733954,-0.10016048,0.10016048,0.27166668
0.0,0.0029547736,0.0029547736,0.0029547736,0.33425
0.35,0.29640353,-0.053596467,0.053596467,0.28275
0.39,0.39059395,0.0005939603,0.0005939603,0.43
0.0,0.0026841983,0.0026841983,0.0026841983,0.14166667
0.0,0.0026348457,0.0026348457,0.0026348457,0.26916668
0.32,0.35392085,0.033920854,0.033920854,0.2515
0.225,0.22950801,0.0045080185,0.0045080185,0.37491667
0.43,0.4289642,-0.0010358095,0.0010358095,0.377
0.25,0.27907145,0.02907145,0.02907145,0.3795
0.0,0.0028614476,0.0028614476,0.0028614476,0.3865
0.9,0.74328744,-0.15671253,0.15671253,0.31416667
0.0,0.0028581023,0.0028581023,0.0028581023,0.18483333
0.3,0.24803084,-0.05196917,0.05196917,0.25575
0.0,0.0028107017,0.0028107017,0.0028107017,0.2245
0.35,0.34952545,-0.00047454238,0.00047454238,0.34
0.0,0.0026451275,0.0026451275,0.0026451275,0.26666668
0.28,0.36567083,0.08567083,0.08567083,0.21458334
0.46,0.46874875,0.00874874,0.00874874,0.202
0.725,0.6195955,-0.105404496,0.105404496,0.317
0.6666667,0.4898023,-0.17686439,0.17686439,0.16625
0.45,0.39405382,-0.05594617,0.05594617,0.29633334
0.0,0.002868764,0.002868764,0.002868764,0.21208334
0.0,0.0025842115,0.0025842115,0.0025842115,0.27375
0.0,0.002604708,0.002604708,0.002604708,0.32375
0.225,0.2511843,0.02618432,0.02618432,0.21
0.45,0.22047076,-0.22952923,0.22952923,0.313
0.0,0.0023616925,0.0023616925,0.0023616925,0.36625
0.0,0.0025590658,0.0025590658,0.0025590658,0.33258334
0.45,0.39001048,-0.059989512,0.059989512,0.3555
0.0,0.0026646778,0.0026646778,0.0026646778,0.3615
0.225,0.2430155,0.018015504,0.018015504,0.35308334
0.9,0.2528976,-0.64710236,0.64710236,0.24875
0.0,0.0026714131,0.0026714131,0.0026714131,0.26
0.0,0.0025350526,0.0025350526,0.0025350526,0.34375
0.86,0.84959394,-0.010406077,0.010406077,0.2787143
0.3,0.21921042,-0.080789596,0.080789596,0.26525
0.175,0.22678107,0.051781073,0.051781073,0.40033334
0.8,0.67422694,-0.12577307,0.12577307,0.31058332
0.0,0.0028734729,0.0028734729,0.0028734729,0.29825
0.0,0.002805531,0.002805531,0.002805531,0.19958334
0.35,0.37347382,0.023473829,0.023473829,0.34
0.5375,0.43845594,-0.099044085,0.099044085,0.1895
0.0,0.0027840808,0.0027840808,0.0027840808,0.21333334
0.4,0.40726364,0.0072636306,0.0072636306,0.28716666
0.625,0.58228916,-0.04271084,0.04271084,0.21
0.575,0.4570738,-0.11792618,0.11792618,0.35125
0.0,0.002378635,0.002378635,0.002378635,0.37875
0.58,0.5358609,-0.044139087,0.044139087,0.383
0.0,0.0026122108,0.0026122108,0.0026122108,0.30825
0.45,0.4346307,-0.015369296,0.015369296,0.19483334
0.57,0.5034806,-0.06651938,0.06651938,0.2835
0.35,0.28074193,-0.069258064,0.069258064,0.36641666
0.225,0.247313,0.022312999,0.022312999,0.25133333
0.75,0.7390101,-0.010989904,0.010989904,0.45291665
0.54,0.48952767,-0.05047235,0.05047235,0.4065
0.5,0.40957075,-0.09042925,0.09042925,0.33941665
0.0,0.0026328415,0.0026328415,0.0026328415,0.34008333
0.58,0.588364,0.008364022,0.008364022,0.38283333
0.0,0.0029510409,0.0029510409,0.0029510409,0.40975
0.45,0.22710356,-0.22289643,0.22289643,0.27675
0.675,0.5823866,-0.0926134,0.0926134,0.29325
0.0,0.0026706979,0.0026706979,0.0026706979,0.43775
0.0,0.0028705075,0.0028705075,0.0028705075,0.3765
0.85,0.69529253,-0.15470749,0.15470749,0.39475
0.0,0.0026034936,0.0026034936,0.0026034936,0.493
0.45,0.3988914,-0.0511086,0.0511086,0.3025
0.14,0.19674754,0.05674754,0.05674754,0.47241667
0.71666664,0.48493603,-0.23173061,0.23173061,0.345
0.175,0.24119878,0.06619878,0.06619878,0.29116666
0.175,0.20232639,0.02732639,0.02732639,0.2635
0.675,0.48494977,-0.19005024,0.19005024,0.287
0.625,0.5802938,-0.044706225,0.044706225,0.2175
0.18,0.23457098,0.054570973,0.054570973,0.195
0.3125,0.30032223,-0.012177765,0.012177765,0.29933333
0.32,0.38166875,0.061668754,0.061668754,0.343
0.225,0.25386712,0.028867126,0.028867126,0.30325
0.175,0.240516,0.06551601,0.06551601,0.31583333
0.575,0.5203287,-0.054671288,0.054671288,0.327
0.95,0.7837053,-0.1662947,0.1662947,0.2405
0.9,0.7049254,-0.19507456,0.19507456,0.45
0.0,0.0025446415,0.0025446415,0.0025446415,0.32833335
0.3,0.21059841,-0.0894016,0.0894016,0.50875
0.75,0.67411506,-0.07588494,0.07588494,0.26383334
0.0,0.0025677234,0.0025677234,0.0025677234,0.37416667
0.18,0.24710438,0.06710437,0.06710437,0.295
0.0,0.0027318075,0.0027318075,0.0027318075,0.26475
0.65,0.69785297,0.047852993,0.047852993,0.25108334
0.225,0.23952767,0.0145276785,0.0145276785,0.23583333
0.0,0.002828531,0.002828531,0.002828531,0.225
0.225,0.27451196,0.04951197,0.04951197,0.14
0.0,0.0027768016,0.0027768016,0.0027768016,0.19833334
1.0833334,0.63267946,-0.4506539,0.4506539,0.33875
0.675,0.61026144,-0.06473857,0.06473857,0.26625
0.53333336,0.38429505,-0.14903831,0.14903831,0.15275
0.4,0.3961913,-0.003808707,0.003808707,0.269
0.0,0.002806984,0.002806984,0.002806984,0.405
0.3,0.23835704,-0.061642975,0.061642975,0.28791666
0.5,0.4771201,-0.022879899,0.022879899,0.32791665
0.45,0.2618178,-0.18818218,0.18818218,0.20875
0.225,0.2334978,0.008497804,0.008497804,0.5060833
0.18,0.2221849,0.04218489,0.04218489,0.37891668
0.225,0.22931454,0.004314542,0.004314542,0.40825
0.0,0.0029797852,0.0029797852,0.0029797852,0.40066665
0.7625,0.61930794,-0.14319205,0.14319205,0.3055
0.14,0.19784734,0.057847336,0.057847336,0.31625
0.06666667,0.0060613677,-0.060605302,0.060605302,0.19916667
0.0,0.0027048215,0.0027048215,0.0027048215,0.28616667
1.0,0.8788488,-0.12115121,0.12115121,0.32425
0.0,0.0027929842,0.0027929842,0.0027929842,0.23875
0.36,0.39084828,0.030848265,0.030848265,0.3085
0.61,0.64473784,0.034737825,0.034737825,0.266
0.3,0.23661843,-0.06338158,0.06338158,0.31291667
0.225,0.22313046,-0.0018695295,0.0018695295,0.2685
0.45,0.41462398,-0.035376012,0.035376012,0.28733334
0.58,0.64421755,0.06421757,0.06421757,0.269
0.0,0.0027205497,0.0027205497,0.0027205497,0.2525
0.0,0.0024691895,0.0024691895,0.0024691895,0.37125
0.625,0.45780554,-0.16719446,0.16719446,0.28625
0.0,0.0028765872,0.0028765872,0.0028765872,0.1925
0.0,0.00298056,0.00298056,0.00298056,0.26175
0.225,0.2328512,0.007851213,0.007851213,0.40083334
0.45,0.3839165,-0.06608349,0.06608349,0.3805
0.225,0.22580495,0.0008049607,0.0008049607,0.225
0.6,0.40640914,-0.19359088,0.19359088,0.23083334
0.0,0.0030217841,0.0030217841,0.0030217841,0.4135
0.0,0.002818793,0.002818793,0.002818793,0.3285
0.225,0.24304119,0.018041193,0.018041193,0.2925
0.0,0.0027369782,0.0027369782,0.0027369782,0.275
0.3,0.2357291,-0.06427091,0.06427091,0.3995
0.0,0.002954632,0.002954632,0.002954632,0.325
0.18,0.2112999,0.03129989,0.03129989,0.314
0.0,0.002990581,0.002990581,0.002990581,0.27083334
0.76666665,0.5593839,-0.20728272,0.20728272,0.17416666
0.0,0.0025298968,0.0025298968,0.0025298968,0.36
0.32,0.36528477,0.045284778,0.045284778,0.3015
0.625,0.29133365,-0.33366635,0.33366635,0.26375
0.32,0.31601188,-0.003988117,0.003988117,0.37875
0.225,0.22385472,-0.0011452734,0.0011452734,0.21075
0.53333336,0.35607696,-0.1772564,0.1772564,0.39291668
0.7,0.2275131,-0.47248688,0.47248688,0.18075
0.3,0.2510572,-0.048942804,0.048942804,0.285
0.175,0.19368601,0.018686011,0.018686011,0.30825
0.18,0.22774932,0.04774931,0.04774931,0.20325
0.0,0.0028902069,0.0028902069,0.0028902069,0.21083333
0.32,0.3281059,0.008105904,0.008105904,0.328
0.0,0.0024567768,0.0024567768,0.0024567768,0.3725
0.3125,0.30479062,-0.007709384,0.007709384,0.23275
0.85,0.72301996,-0.12698007,0.12698007,0.347
0.4,0.39321893,-0.0067810714,0.0067810714,0.18166667
0.575,0.5096646,-0.06533539,0.06533539,0.39716667
0.225,0.24891627,0.023916274,0.023916274,0.30933332
0.7125,0.6273488,-0.085151196,0.085151196,0.48425
0.5375,0.4905448,-0.046955228,0.046955228,0.28175
0.7125,0.5165956,-0.19590437,0.19590437,0.41991666
0.45,0.39582807,-0.05417192,0.05417192,0.28375
0.0,0.0022878274,0.0022878274,0.0022878274,0.441
0.4875,0.4409236,-0.04657641,0.04657641,0.37366667
0.0,0.0026740879,0.0026740879,0.0026740879,0.285
0.175,0.21432278,0.03932278,0.03932278,0.46191666
0.28,0.2868854,0.0068854094,0.0068854094,0.296
0.18,0.2295844,0.04958439,0.04958439,0.29425
0.225,0.22585547,0.00085547566,0.00085547566,0.44416666
0.0,0.0024879575,0.0024879575,0.0024879575,0.3
0.175,0.19514611,0.020146117,0.020146117,0.2745
0.45,0.40610453,-0.043895453,0.043895453,0.31875
0.225,0.25192505,0.026925057,0.026925057,0.26875
0.0,0.0027125254,0.0027125254,0.0027125254,0.27
0.0,0.0028857514,0.0028857514,0.0028857514,0.2725
0.675,0.49199033,-0.18300968,0.18300968,0.32425
0.46,0.44119388,-0.01880613,0.01880613,0.3205
0.3,0.25187233,-0.04812768,0.04812768,0.35166666
0.0,0.0026189312,0.0026189312,0.0026189312,0.23908333
0.625,0.7606313,0.13563132,0.13563132,0.3855
0.0,0.0024948418,0.0024948418,0.0024948418,0.3325
1.6,0.37160563,-1.2283944,1.2283944,0.35083333
0.23333333,0.2396996,0.006366268,0.006366268,0.315
0.36,0.43798602,0.077986,0.077986,0.37783334
0.11666667,0.20276612,0.08609945,0.08609945,0.33225
0.0,0.0024867058,0.0024867058,0.0024867058,0.405
0.0,0.0029117689,0.0029117689,0.0029117689,0.1825
0.0,0.0024697706,0.0024697706,0.0024697706,0.336
0.8,0.4391757,-0.36082432,0.36082432,0.11975
0.0,0.0023171827,0.0023171827,0.0023171827,0.43875
0.0,0.0029533505,0.0029533505,0.0029533505,0.27725
0.18,0.21496609,0.03496608,0.03496608,0.5373333
0.43,0.4335826,0.0035825968,0.0035825968,0.22341667
0.18,0.23098028,0.05098027,0.05098027,0.33475
0.0,0.0025292188,0.0025292188,0.0025292188,0.215
0.0,0.002489008,0.002489008,0.002489008,0.2675
0.3,0.38084006,0.08084005,0.08084005,0.43975
0.43,0.4321357,0.002135694,0.002135694,0.3695
0.23333333,0.275195,0.04186167,0.04186167,0.0525
0.0,0.0030451939,0.0030451939,0.0030451939,0.1755
0.0,0.0022635162,0.0022635162,0.0022635162,0.43625
0.5375,0.45127007,-0.08622995,0.08622995,0.15133333
0.58,0.6186173,0.038617313,0.038617313,0.2655
0.22,0.2745702,0.054570198,0.054570198,0.23625
0.575,0.44142738,-0.13357261,0.13357261,0.2875
0.0,0.0027640238,0.0027640238,0.0027640238,0.25541666
0.7,0.36252648,-0.3374735,0.3374735,0.25666666
0.4,0.41370916,0.013709158,0.013709158,0.28416666
0.23333333,0.23360449,0.00027115643,0.00027115643,0.36
0.625,0.7417083,0.11670828,0.11670828,0.2745
0.39,0.42453465,0.034534663,0.034534663,0.18
0.0,0.001848422,0.001848422,0.001848422,0.57
0.61,0.60631925,-0.0036807656,0.0036807656,0.32975
0.0,0.0026695654,0.0026695654,0.0026695654,0.3005
0.36,0.4310467,0.07104668,0.07104668,0.25375
0.35,0.3738646,0.023864597,0.023864597,0.36291668
0.72,0.7724177,0.052417696,0.052417696,0.1955
0.0,0.0027498081,0.0027498081,0.0027498081,0.3325
0.81666666,0.97159773,0.15493107,0.15493107,0.2135
0.625,0.5709791,-0.05402088,0.05402088,0.28825
0.0,0.0032076389,0.0032076389,0.0032076389,0.138
0.7,0.23481828,-0.4651817,0.4651817,0.63416666
0.0,0.0022263601,0.0022263601,0.0022263601,0.356
0.3125,0.28976077,-0.022739232,0.022739232,0.3005
0.0,0.002845414,0.002845414,0.002845414,0.30083334
0.225,0.25707942,0.03207943,0.03207943,0.27725
0.0,0.0027092025,0.0027092025,0.0027092025,0.2695
0.4,0.33706972,-0.062930286,0.062930286,0.36225
0.175,0.21319726,0.038197264,0.038197264,0.45
0.4,0.38322473,-0.01677528,0.01677528,0.21025
0.94,0.9122126,-0.027787387,0.027787387,0.53866667
0.18,0.22701123,0.047011226,0.047011226,0.2795
0.0,0.002187036,0.002187036,0.002187036,0.48916668
0.625,0.51609033,-0.10890967,0.10890967,0.34925
0.0,0.0025771037,0.0025771037,0.0025771037,0.30758333
0.35,0.23490417,-0.115095824,0.115095824,0.29833335
0.18,0.22451791,0.044517905,0.044517905,0.22716667
0.3125,0.33440927,0.021909267,0.021909267,0.155
0.0,0.0028946325,0.0028946325,0.0028946325,0.20875
0.225,0.2185536,-0.0064463913,0.0064463913,0.29541665
0.18,0.21496919,0.03496918,0.03496918,0.31175
0.225,0.22080022,-0.004199773,0.004199773,0.29275
0.32,0.31831253,-0.0016874671,0.0016874671,0.469
0.3,0.2674015,-0.032598525,0.032598525,0.14166667
0.225,0.25889865,0.03389865,0.03389865,0.24666667
0.3125,0.30620867,-0.00629133,0.00629133,0.23625
0.0,0.003046222,0.003046222,0.003046222,0.2305
0.4,0.32508618,-0.07491383,0.07491383,0.553
1.0,0.8440794,-0.15592062,0.15592062,0.23491667
0.9,0.570729,-0.32927096,0.32927096,0.314
0.0,0.0029076636,0.0029076636,0.0029076636,0.28
0.0,0.0025948286,0.0025948286,0.0025948286,0.3995
0.0,0.0031608269,0.0031608269,0.0031608269,0.14916667
0.5375,0.4937188,-0.04378122,0.04378122,0.3325
0.3125,0.28932023,-0.02317977,0.02317977,0.381
0.175,0.20207006,0.02707006,0.02707006,0.44275
0.225,0.23404583,0.009045839,0.009045839,0.3095
0.0,0.002864711,0.002864711,0.002864711,0.24875
0.175,0.20038784,0.025387838,0.025387838,0.2145
0.225,0.22073656,-0.004263431,0.004263431,0.39525
0.225,0.24476624,0.019766241,0.019766241,0.37725
0.0,0.0022112727,0.0022112727,0.0022112727,0.45325
0.23333333,0.22812885,-0.005204484,0.005204484,0.33791667
0.39,0.40224004,0.012240052,0.012240052,0.357
0.45,0.3970974,-0.05290258,0.05290258,0.3585
0.93,0.90262663,-0.027373374,0.027373374,0.43675
0.14,0.19600405,0.056004047,0.056004047,0.2335
0.175,0.24257207,0.06757207,0.06757207,0.24075
0.98,0.9602941,-0.019705892,0.019705892,0.28266665
0.7,0.21947557,-0.48052442,0.48052442,0.13883333
0.18,0.21552518,0.035525173,0.035525173,0.51075
1.35,0.49870646,-0.85129356,0.85129356,0.47633332
0.0,0.0023430362,0.0023430362,0.0023430362,0.4115
0.3125,0.29492843,-0.017571568,0.017571568,0.28041667
0.39,0.47150183,0.08150184,0.08150184,0.20625
0.36,0.43176922,0.07176921,0.07176921,0.34
0.18,0.26336473,0.083364725,0.083364725,0.144
0.57,0.51461524,-0.055384755,0.055384755,0.2295
0.4,0.3641829,-0.035817116,0.035817116,0.41208333
0.3,0.23684072,-0.06315929,0.06315929,0.43675
0.4,0.38656247,-0.013437539,0.013437539,0.22858334
0.41666666,0.3016411,-0.11502555,0.11502555,0.27483332
0.0,0.0028915405,0.0028915405,0.0028915405,0.42541668
0.68,0.78519183,0.10519183,0.10519183,0.28933334
0.675,0.5437164,-0.13128364,0.13128364,0.31833333
0.7,0.36721718,-0.3327828,0.3327828,0.15125
0.0,0.0026011989,0.0026011989,0.0026011989,0.375
0.225,0.24669096,0.021690965,0.021690965,0.1885
0.45,0.37454045,-0.07545954,0.07545954,0.39
0.3125,0.2473301,-0.0651699,0.0651699,0.39875
0.675,0.48274985,-0.19225016,0.19225016,0.2995
0.0,0.0026790649,0.0026790649,0.0026790649,0.29383335
0.45,0.24701926,-0.20298073,0.20298073,0.16666667
0.0,0.002493538,0.002493538,0.002493538,0.3375
0.0,0.0028898492,0.0028898492,0.0028898492,0.32016668
0.5,0.46028998,-0.039710015,0.039710015,0.37066665
0.225,0.24241555,0.017415553,0.017415553,0.16175
0.0,0.0030217767,0.0030217767,0.0030217767,0.17875
0.0,0.0026507974,0.0026507974,0.0026507974,0.18791667
0.175,0.20617732,0.031177327,0.031177327,0.22183333
0.4875,0.4161841,-0.071315914,0.071315914,0.31666666
0.0,0.0023153648,0.0023153648,0.0023153648,0.3375
0.3125,0.25790665,-0.054593354,0.054593354,0.46225
0.39,0.4093408,0.019340813,0.019340813,0.2655
0.0,0.002697967,0.002697967,0.002697967,0.32991666
0.5375,0.42601833,-0.1114817,0.1114817,0.4025
0.8125,0.68418694,-0.12831306,0.12831306,0.3745
0.0,0.0028139055,0.0028139055,0.0028139055,0.2825
0.54,0.48910785,-0.050892174,0.050892174,0.3545
0.225,0.2626629,0.037662894,0.037662894,0.20875
0.225,0.23583591,0.010835916,0.010835916,0.33166668
0.225,0.23340079,0.008400798,0.008400798,0.2885
0.225,0.2524768,0.027476817,0.027476817,0.1925
0.23333333,0.24320436,0.009871021,0.009871021,0.21375
0.0,0.0025840625,0.0025840625,0.0025840625,0.375
0.0,0.002751559,0.002751559,0.002751559,0.22508334
0.32,0.38263205,0.062632054,0.062632054,0.248
0.175,0.24495643,0.06995644,0.06995644,0.17916666
0.5375,0.431782,-0.10571802,0.10571802,0.34133333
0.175,0.2230106,0.048010603,0.048010603,0.13583334
0.45,0.42982465,-0.020175338,0.020175338,0.27375
0.0,0.0023915172,0.0023915172,0.0023915172,0.3845
0.0,0.002683103,0.002683103,0.002683103,0.2725
0.175,0.20533317,0.030333176,0.030333176,0.39125
0.0,0.0024876967,0.0024876967,0.0024876967,0.33708334
0.0,0.002960749,0.002960749,0.002960749,0.441
0.3,0.2418544,-0.058145612,0.058145612,0.30825
0.0,0.0028049573,0.0028049573,0.0028049573,0.23983334
0.3125,0.24639827,-0.06610173,0.06610173,0.3355
0.175,0.19872373,0.023723736,0.023723736,0.37016666
0.41666666,0.30037493,-0.11629173,0.11629173,0.25633332
0.35,0.35502583,0.005025834,0.005025834,0.48291665
0.225,0.22023967,-0.004760325,0.004760325,0.3745
0.5375,0.42587855,-0.11162147,0.11162147,0.38941666
0.5,0.4586796,-0.041320413,0.041320413,0.41083333
0.3125,0.24866664,-0.063833356,0.063833356,0.31475
0.23333333,0.20359421,-0.029739127,0.029739127,0.268
0.4,0.37151438,-0.028485626,0.028485626,0.3295
0.225,0.22844517,0.0034451783,0.0034451783,0.35575
0.0,0.0029059127,0.0029059127,0.0029059127,0.2865
0.0,0.0026787594,0.0026787594,0.0026787594,0.29575
0.4,0.39756307,-0.002436936,0.002436936,0.19625
0.0,0.002869375,0.002869375,0.002869375,0.2025
0.5,0.40771848,-0.09228152,0.09228152,0.358
0.0,0.0026766732,0.0026766732,0.0026766732,0.28758332
0.4,0.36686528,-0.03313473,0.03313473,0.3105
0.0,0.0026879683,0.0026879683,0.0026879683,0.3215
0.4,0.3982819,-0.0017181039,0.0017181039,0.26875
0.5375,0.49882486,-0.03867516,0.03867516,0.30758333
0.225,0.23951405,0.014514059,0.014514059,0.30475
0.275,0.2716077,-0.003392309,0.003392309,0.3467143
0.3125,0.24910915,-0.06339085,0.06339085,0.27025
0.225,0.2515732,0.026573211,0.026573211,0.24916667
1.1625,0.8743179,-0.28818214,0.28818214,0.34533334
0.58,0.57355404,-0.0064459443,0.0064459443,0.39058334
0.225,0.22301552,-0.001984477,0.001984477,0.23575
0.3,0.25245476,-0.047545254,0.047545254,0.32833335
0.3,0.2245852,-0.07541481,0.07541481,0.24325
0.225,0.25628066,0.031280667,0.031280667,0.209
0.5,0.46881545,-0.031184554,0.031184554,0.32716668
0.53333336,0.36150151,-0.17183185,0.17183185,0.3055
0.5375,0.5407248,0.00322479,0.00322479,0.178
0.625,0.29987192,-0.32512808,0.32512808,0.54
0.45,0.24716946,-0.20283052,0.20283052,0.25583333
0.54,0.4831776,-0.05682242,0.05682242,0.49875
0.175,0.24192035,0.066920355,0.066920355,0.27583334
0.4,0.36948878,-0.03051123,0.03051123,0.12533334
0.6,0.40539297,-0.19460705,0.19460705,0.3155
0.225,0.23293105,0.007931054,0.007931054,0.3025
0.0,0.0026391223,0.0026391223,0.0026391223,0.28966665
0.5375,0.51288736,-0.024612665,0.024612665,0.2225
0.0,0.002730377,0.002730377,0.002730377,0.26475
0.5,0.47158897,-0.02841103,0.02841103,0.31608334
0.0,0.002832152,0.002832152,0.002832152,0.1625
0.3125,0.32242045,0.009920448,0.009920448,0.17583333
0.14,0.19377467,0.05377467,0.05377467,0.42958334
0.625,0.57618976,-0.048810244,0.048810244,0.33375
0.9,0.9608648,0.060864806,0.060864806,0.17483333
0.625,0.57744896,-0.047551036,0.047551036,0.266
0.0,0.0028013885,0.0028013885,0.0028013885,0.365
0.0,0.0021974891,0.0021974891,0.0021974891,0.46333334
0.85,0.69096947,-0.15903056,0.15903056,0.37791666
0.14,0.21353966,0.07353966,0.07353966,0.51458335
0.5,0.4672261,-0.032773912,0.032773912,0.35575
0.28,0.2861498,0.0061497986,0.0061497986,0.37441668
0.0,0.0027289465,0.0027289465,0.0027289465,0.24383333
0.68,0.7207409,0.040740907,0.040740907,0.36325
0.0,0.0024953112,0.0024953112,0.0024953112,0.35566667
0.72,0.7194152,-0.0005848408,0.0005848408,0.32166666
0.225,0.22225747,-0.002742529,0.002742529,0.34975
0.18,0.21901888,0.03901887,0.03901887,0.26925
0.45,0.23102027,-0.21897972,0.21897972,0.23241666
0.8,0.8653014,0.06530136,0.06530136,0.40175
0.65,0.69749385,0.047493875,0.047493875,0.21625
0.6,0.5446062,-0.055393815,0.055393815,0.287
0.68,0.7252804,0.045280397,0.045280397,0.327
0.39,0.41197917,0.021979183,0.021979183,0.291
0.225,0.2390458,0.014045805,0.014045805,0.30108333
0.68,0.71904683,0.039046824,0.039046824,0.327
0.53333336,0.41660947,-0.116723895,0.116723895,0.2175
0.0,0.0024714917,0.0024714917,0.0024714917,0.37125
0.46,0.43980208,-0.020197928,0.020197928,0.33125
0.9,0.25388476,-0.6461152,0.6461152,0.1925
0.4,0.34379363,-0.056206375,0.056206375,0.26175
0.0,0.0033204928,0.0033204928,0.0033204928,0.11
0.0,0.002775304,0.002775304,0.002775304,0.22125
0.14,0.19785023,0.057850227,0.057850227,0.3855
0.225,0.21955082,-0.005449176,0.005449176,0.31875
0.0,0.0031223372,0.0031223372,0.0031223372,0.1575
0.225,0.23501,0.010010004,0.010010004,0.20083334
0.4,0.40205145,0.0020514429,0.0020514429,0.35975
0.2,0.0058098063,-0.1941902,0.1941902,0.27725
0.32,0.35989094,0.039890945,0.039890945,0.3285
0.0,0.0025972128,0.0025972128,0.0025972128,0.315
0.14,0.20511568,0.065115675,0.065115675,0.275
0.0,0.0025203153,0.0025203153,0.0025203153,0.3495
0.0,0.0030153617,0.0030153617,0.0030153617,0.24166666
0.25,0.24142325,-0.008576751,0.008576751,0.3095
0.225,0.21764877,-0.0073512197,0.0073512197,0.22583333
0.4,0.50014496,0.10014495,0.10014495,0.25083333
0.175,0.21133885,0.03633885,0.03633885,0.2875
0.175,0.23199031,0.05699031,0.05699031,0.19833334
0.32,0.37048382,0.050483823,0.050483823,0.2615
0.32,0.39537635,0.07537636,0.07537636,0.30875
0.54,0.47009444,-0.06990558,0.06990558,0.37175
0.175,0.20218411,0.027184114,0.027184114,0.21525
0.0,0.0028830096,0.0028830096,0.0028830096,0.37
1.25,0.30637634,-0.94362366,0.94362366,0.25075
0.175,0.19323361,0.018233612,0.018233612,0.31175
0.23333333,0.24291492,0.009581581,0.009581581,0.24333334
0.7,0.2051695,-0.4948305,0.4948305,0.22125
0.0,0.0029685423,0.0029685423,0.0029685423,0.19333333
0.225,0.2140429,-0.010957092,0.010957092,0.33
0.175,0.21668994,0.041689947,0.041689947,0.3725
0.45,0.39567244,-0.054327548,0.054327548,0.37825
0.0,0.0028374419,0.0028374419,0.0028374419,0.22166666
0.9,0.2536006,-0.6463994,0.6463994,0.31125
0.5,0.4813893,-0.018610686,0.018610686,0.28683335
0.0,0.0021392927,0.0021392927,0.0021392927,0.5555
0.0,0.0025332794,0.0025332794,0.0025332794,0.3175
0.175,0.24025536,0.06525536,0.06525536,0.34116668
0.5375,0.42114285,-0.11635718,0.11635718,0.4495
0.6666667,0.4155481,-0.2511186,0.2511186,0.30375
0.0,0.003057763,0.003057763,0.003057763,0.13
0.45,0.23571712,-0.21428287,0.21428287,0.39116666
0.0,0.0028557554,0.0028557554,0.0028557554,0.215
0.0,0.0023115799,0.0023115799,0.0023115799,0.30775
0.225,0.21999896,-0.0050010383,0.0050010383,0.292
0.0,0.002676256,0.002676256,0.002676256,0.44866666
0.3125,0.2467039,-0.06579611,0.06579611,0.26
0.225,0.23759845,0.012598455,0.012598455,0.31375
0.0,0.002647929,0.002647929,0.002647929,0.27725
0.0,0.002291128,0.002291128,0.002291128,0.423
0.3,0.24868089,-0.051319122,0.051319122,0.20333333
0.7,0.2012564,-0.4987436,0.4987436,0.2405
0.4,0.35486692,-0.045133084,0.045133084,0.35975
0.53333336,0.42271906,-0.1106143,0.1106143,0.18833333
0.0,0.0030070618,0.0030070618,0.0030070618,0.3055
0.0,0.002529271,0.002529271,0.002529271,0.30916667
0.225,0.25396112,0.028961122,0.028961122,0.23908333
0.175,0.20615664,0.031156644,0.031156644,0.15116666
0.0,0.0030504242,0.0030504242,0.0030504242,0.4305
0.0,0.0025740191,0.0025740191,0.0025740191,0.3025
0.225,0.2284177,0.0034177005,0.0034177005,0.47083333
0.175,0.23948783,0.06448783,0.06448783,0.33833334
0.0,0.0023981407,0.0023981407,0.0023981407,0.37383333
0.7625,0.6253592,-0.13714081,0.13714081,0.32141668
0.225,0.23295265,0.00795266,0.00795266,0.345
0.9,0.25277254,-0.6472274,0.6472274,0.3185
0.0,0.0023976788,0.0023976788,0.0023976788,0.40275
0.6,0.39744467,-0.20255536,0.20255536,0.23725
0.36,0.3793382,0.01933819,0.01933819,0.46133333
0.36,0.4002679,0.040267885,0.040267885,0.20141667
0.675,0.63441443,-0.040585577,0.040585577,0.15675
0.45,0.38149443,-0.068505555,0.068505555,0.42475
0.18,0.2314657,0.05146569,0.05146569,0.45058334
0.225,0.22239926,-0.0026007295,0.0026007295,0.39
0.4,0.46300337,0.06300336,0.06300336,0.058333334
0.0,0.00304503,0.00304503,0.00304503,0.1755
0.7125,0.5785921,-0.13390785,0.13390785,0.18758333
0.225,0.23091418,0.0059141815,0.0059141815,0.3235
0.225,0.25235868,0.027358681,0.027358681,0.23575
0.0,0.0030197725,0.0030197725,0.0030197725,0.302
0.0,0.002654396,0.002654396,0.002654396,0.2855
0.0,0.0028275773,0.0028275773,0.0028275773,0.22416666
0.0,0.003097415,0.003097415,0.003097415,0.20666666
0.225,0.21310732,-0.011892676,0.011892676,0.28325
0.0,0.0025031045,0.0025031045,0.0025031045,0.32658333
0.7125,0.562097,-0.15040296,0.15040296,0.219
0.5375,0.5017544,-0.03574562,0.03574562,0.32975
0.5375,0.44897696,-0.08852306,0.08852306,0.3005
0.45,0.4392043,-0.010795683,0.010795683,0.40783334
0.3125,0.29343948,-0.019060522,0.019060522,0.37458333
0.0,0.0027098507,0.0027098507,0.0027098507,0.245
0.5375,0.51213646,-0.025363564,0.025363564,0.27266666
0.45,0.43828976,-0.011710227,0.011710227,0.32825
0.725,0.5280023,-0.1969977,0.1969977,0.138
0.45,0.43795913,-0.0120408535,0.0120408535,0.27475
0.45,0.44645733,-0.0035426617,0.0035426617,0.28675
0.23333333,0.20020658,-0.033126757,0.033126757,0.30083334
0.58,0.5071616,-0.072838366,0.072838366,0.2305
0.65,0.6674068,0.017406821,0.017406821,0.39766666
1.5375,1.147743,-0.38975704,0.38975704,0.553
0.3125,0.2791491,-0.033350915,0.033350915,0.31741667
0.14,0.19906533,0.059065327,0.059065327,0.2575
1.0375,0.8419766,-0.19552344,0.19552344,0.3645
0.0,0.0025603995,0.0025603995,0.0025603995,0.315
1.25,0.291392,-0.95860803,0.95860803,0.27083334
0.0,0.0024150237,0.0024150237,0.0024150237,0.35225
0.575,0.45526686,-0.119733125,0.119733125,0.38775
0.0,0.0026457235,0.0026457235,0.0026457235,0.3095
0.46666667,0.32658222,-0.14008445,0.14008445,0.2175
0.5375,0.43395722,-0.103542805,0.103542805,0.232
0.0,0.0028953925,0.0028953925,0.0028953925,0.39975
0.225,0.24515262,0.020152628,0.020152628,0.36075
0.4,0.42404944,0.024049431,0.024049431,0.40825
0.0,0.0024395809,0.0024395809,0.0024395809,0.36125
0.0,0.0026294068,0.0026294068,0.0026294068,0.16791667
0.9,0.2604776,-0.6395224,0.6395224,0.16083333
0.8125,0.7572886,-0.055211425,0.055211425,0.1855
0.57,0.5059127,-0.06408727,0.06408727,0.317
0.36,0.39266425,0.03266424,0.03266424,0.386
0.0,0.0028743818,0.0028743818,0.0028743818,0.44475
0.85,0.6194395,-0.23056054,0.23056054,0.23
0.225,0.23371822,0.008718222,0.008718222,0.38066667
0.53333336,0.41585636,-0.117477,0.117477,0.375
0.0,0.0028929412,0.0028929412,0.0028929412,0.20883334
0.9,0.2186827,-0.68131727,0.68131727,0.45625
0.575,0.49543378,-0.07956621,0.07956621,0.389
0.0,0.0025174394,0.0025174394,0.0025174394,0.28916666
0.9875,0.8935141,-0.093985915,0.093985915,0.20525
0.0,0.0026211813,0.0026211813,0.0026211813,0.30475
0.0,0.0027450994,0.0027450994,0.0027450994,0.25908333
0.175,0.23567104,0.060671046,0.060671046,0.162
0.0,0.0029295757,0.0029295757,0.0029295757,0.2865
0.225,0.22929102,0.004291028,0.004291028,0.37083334
0.3,0.25387722,-0.04612279,0.04612279,0.255
0.0,0.0023062676,0.0023062676,0.0023062676,0.42675
0.3,0.24069741,-0.0593026,0.0593026,0.2805
0.0,0.0028492883,0.0028492883,0.0028492883,0.37291667
0.225,0.2520843,0.02708432,0.02708432,0.30333334
0.8125,0.67744064,-0.13505936,0.13505936,0.33583334
0.4,0.42490572,0.024905711,0.024905711,0.29566666
0.0,0.0023437217,0.0023437217,0.0023437217,0.3055
0.0,0.0030997843,0.0030997843,0.0030997843,0.395
0.45,0.2545088,-0.1954912,0.1954912,0.2885
0.6666667,0.40056276,-0.26610392,0.26610392,0.39875
0.35,0.35966492,0.009664923,0.009664923,0.224
0.41666666,0.24660128,-0.17006537,0.17006537,0.307
0.25,0.28975767,0.03975767,0.03975767,0.27633333
0.57,0.61668485,0.04668486,0.04668486,0.21166667
0.68,0.684398,0.0043979883,0.0043979883,0.2975
0.58,0.64518964,0.06518966,0.06518966,0.34383333
0.0,0.0029189736,0.0029189736,0.0029189736,0.276
0.8333333,0.53432626,-0.29900706,0.29900706,0.37766665
0.14,0.22018313,0.08018313,0.08018313,0.18425
0.7625,0.64733106,-0.11516893,0.11516893,0.17875
1.075,0.51075935,-0.5642407,0.5642407,0.14625
1.25,0.29844567,-0.9515543,0.9515543,0.2325
0.225,0.22833994,0.0033399463,0.0033399463,0.18558334
0.35,0.33571306,-0.014286935,0.014286935,0.33416668
0.18,0.25170615,0.071706146,0.071706146,0.27
0.4,0.4223926,0.0223926,0.0223926,0.17625
0.0,0.0027760118,0.0027760118,0.0027760118,0.4545
0.675,0.62050694,-0.05449307,0.05449307,0.1975
0.18,0.21765569,0.03765568,0.03765568,0.2545
0.23333333,0.24809867,0.014765337,0.014765337,0.14383334
0.0,0.0027364194,0.0027364194,0.0027364194,0.27616668
0.0,0.0029311255,0.0029311255,0.0029311255,0.39525
0.675,0.5390823,-0.13591772,0.13591772,0.42375
0.0,0.002864562,0.002864562,0.002864562,0.2325
0.36,0.38703775,0.02703774,0.02703774,0.3325
0.4,0.4177642,0.01776418,0.01776418,0.20875
0.18,0.26779434,0.08779433,0.08779433,0.18483333
0.5375,0.5192022,-0.018297851,0.018297851,0.26325
0.5,0.5758208,0.0758208,0.0758208,0.215
0.53333336,0.39916968,-0.13416368,0.13416368,0.23708333
0.0,0.0026011989,0.0026011989,0.0026011989,0.375
0.0,0.0027050823,0.0027050823,0.0027050823,0.24416667
0.0,0.0027978644,0.0027978644,0.0027978644,0.20758334
0.5,0.49406362,-0.005936384,0.005936384,0.23
0.23333333,0.23411343,0.0007800907,0.0007800907,0.23625
0.36,0.4396106,0.079610586,0.079610586,0.19666667
0.0,0.0028893128,0.0028893128,0.0028893128,0.39508334
0.35,0.21796131,-0.13203868,0.13203868,0.28566667
0.225,0.25253183,0.027531832,0.027531832,0.31875
0.225,0.2515595,0.026559502,0.026559502,0.29566666
0.675,0.47881296,-0.19618705,0.19618705,0.37725
0.54,0.54582566,0.005825639,0.005825639,0.4675
0.14,0.20269448,0.062694475,0.062694475,0.25025
0.0,0.0027930215,0.0027930215,0.0027930215,0.5426667
0.0,0.002904825,0.002904825,0.002904825,0.2075
0.725,0.62272596,-0.10227406,0.10227406,0.45416668
0.0,0.0025189593,0.0025189593,0.0025189593,0.38925
0.9,0.46300125,-0.43699872,0.43699872,0.30758333
0.0,0.0025859997,0.0025859997,0.0025859997,0.29333332
0.225,0.223894,-0.001105994,0.001105994,0.22766666
0.225,0.27045614,0.04545614,0.04545614,0.16875
0.3,0.23661184,-0.06338817,0.06338817,0.17875
0.225,0.22012025,-0.004879743,0.004879743,0.24625
0.18,0.21733698,0.037336975,0.037336975,0.24675
0.625,0.46873823,-0.15626177,0.15626177,0.24725
0.25,0.24078816,-0.009211838,0.009211838,0.501
0.0,0.0028441548,0.0028441548,0.0028441548,0.18916667
0.5375,0.51877344,-0.018726587,0.018726587,0.245
0.0,0.0026443452,0.0026443452,0.0026443452,0.3115
0.0,0.0032797977,0.0032797977,0.0032797977,0.12125
0.0,0.002456881,0.002456881,0.002456881,0.47575
0.0,0.0029814169,0.0029814169,0.0029814169,0.47475
0.175,0.22985348,0.054853484,0.054853484,0.37166667
0.0,0.0024116784,0.0024116784,0.0024116784,0.38291666
0.7,0.24108061,-0.45891938,0.45891938,0.30866668
0.45,0.4355464,-0.01445359,0.01445359,0.33875
0.175,0.20304778,0.028047785,0.028047785,0.245
0.8,0.62048125,-0.17951876,0.17951876,0.337
0.4,0.4056366,0.0056366026,0.0056366026,0.235
0.0,0.0025028512,0.0025028512,0.0025028512,0.3195
0.225,0.23407638,0.009076387,0.009076387,0.1905
0.96666664,0.64495116,-0.32171547,0.32171547,0.29058334
0.4875,0.43526822,-0.05223179,0.05223179,0.3525
0.4,0.39535946,-0.0046405494,0.0046405494,0.30825
0.0,0.0022920892,0.0022920892,0.0022920892,0.38258332
0.45,0.4562562,0.0062562227,0.0062562227,0.3235
0.9,0.24016291,-0.65983707,0.65983707,0.22375
0.0,0.0028620437,0.0028620437,0.0028620437,0.21375
0.625,0.539935,-0.08506501,0.08506501,0.2625
0.225,0.21812004,-0.0068799555,0.0068799555,0.39
0.0,0.002416648,0.002416648,0.002416648,0.335
0.0,0.002755843,0.002755843,0.002755843,0.25758332
0.0,0.002828814,0.002828814,0.002828814,0.3075
0.225,0.23133782,0.0063378215,0.0063378215,0.2235
0.45,0.24502808,-0.20497191,0.20497191,0.29466668
0.45,0.2522734,-0.19772658,0.19772658,0.31625
0.0,0.0026395842,0.0026395842,0.0026395842,0.30475
0.0,0.0025866702,0.0025866702,0.0025866702,0.3245
0.175,0.23447233,0.059472337,0.059472337,0.3442143
0.0,0.0029649287,0.0029649287,0.0029649287,0.279
0.7125,0.61016446,-0.10233551,0.10233551,0.25416666
0.0,0.0023229271,0.0023229271,0.0023229271,0.40408334
0.225,0.2273561,0.002356112,0.002356112,0.42058334
0.225,0.22434819,-0.0006518066,0.0006518066,0.16125
0.6666667,0.48030457,-0.18636212,0.18636212,0.16833334
0.35,0.24023849,-0.10976151,0.10976151,0.31666666
0.175,0.20127729,0.026277289,0.026277289,0.25575
0.225,0.2601627,0.035162717,0.035162717,0.21333334
0.0,0.0022312328,0.0022312328,0.0022312328,0.37716666
0.5,0.4181681,-0.0818319,0.0818319,0.37675
0.725,0.5013743,-0.22362572,0.22362572,0.2745
0.0,0.0028503314,0.0028503314,0.0028503314,0.21733333
0.225,0.25249824,0.027498245,0.027498245,0.26083332
0.0,0.002689056,0.002689056,0.002689056,0.27466667
0.225,0.2354522,0.010452211,0.010452211,0.1075
0.9,0.7031878,-0.19681215,0.19681215,0.42125
0.35,0.2694094,-0.080590606,0.080590606,0.44316667
0.725,0.5509245,-0.17407554,0.17407554,0.40525
0.175,0.20018736,0.025187358,0.025187358,0.26416665
0.225,0.2179265,-0.007073492,0.007073492,0.26325
0.225,0.21826467,-0.006735325,0.006735325,0.285
0.175,0.20302513,0.028025135,0.028025135,0.29133335
0.225,0.22046292,-0.0045370758,0.0045370758,0.3285
0.0,0.0026407614,0.0026407614,0.0026407614,0.3695
0.5,0.45549163,-0.044508368,0.044508368,0.42575
0.32,0.36851478,0.048514783,0.048514783,0.31025
0.3125,0.269193,-0.043307006,0.043307006,0.422
0.0,0.0029639825,0.0029639825,0.0029639825,0.4045
0.175,0.19728628,0.022286281,0.022286281,0.29791668
0.225,0.23389408,0.008894086,0.008894086,0.41866666
0.0,0.0028580502,0.0028580502,0.0028580502,0.215
0.5375,0.46444157,-0.073058456,0.073058456,0.43941668
0.4,0.35132542,-0.048674583,0.048674583,0.3145
0.0,0.002719216,0.002719216,0.002719216,0.31225
0.0,0.0026929677,0.0026929677,0.0026929677,0.43466666
0.0,0.0025343895,0.0025343895,0.0025343895,0.42675
0.0,0.0030218512,0.0030218512,0.0030218512,0.25525
0.23333333,0.21427244,-0.019060895,0.019060895,0.33625
0.225,0.25194955,0.026949555,0.026949555,0.24525
0.3125,0.28878292,-0.023717076,0.023717076,0.3605
0.4,0.40098816,0.0009881556,0.0009881556,0.18833333
0.18,0.22126794,0.04126793,0.04126793,0.2655
0.0,0.0026679114,0.0026679114,0.0026679114,0.17125
1.35,0.4881761,-0.8618239,0.8618239,0.39975
0.4,0.3275808,-0.0724192,0.0724192,0.2915
0.0,0.0025750399,0.0025750399,0.0025750399,0.26158333
0.76,0.78195935,0.021959364,0.021959364,0.11066667
0.6666667,0.47480917,-0.19185752,0.19185752,0.3025
0.85,0.698207,-0.151793,0.151793,0.47
0.0,0.002813466,0.002813466,0.002813466,0.33966666
0.5375,0.44849667,-0.089003354,0.089003354,0.3375
0.5,0.483536,-0.016463995,0.016463995,0.1525
0.5375,0.48744637,-0.050053656,0.050053656,0.391
0.225,0.27113202,0.046132028,0.046132028,0.16975
0.0,0.0023999736,0.0023999736,0.0023999736,0.40275
0.0,0.0029796585,0.0029796585,0.0029796585,0.266
0.5,0.40711984,-0.09288016,0.09288016,0.44358334
0.4875,0.41042173,-0.07707828,0.07707828,0.23741667
0.175,0.20688,0.031880006,0.031880006,0.299
0.0,0.0026582256,0.0026582256,0.0026582256,0.165
0.0,0.0025986955,0.0025986955,0.0025986955,0.23083334
0.0,0.0029927567,0.0029927567,0.0029927567,0.44725
0.5375,0.4542664,-0.083233625,0.083233625,0.44358334
0.675,0.49013847,-0.18486154,0.18486154,0.3675
0.48333332,0.36243805,-0.12089527,0.12089527,0.1455
0.0,0.002681248,0.002681248,0.002681248,0.346
0.5375,0.48866037,-0.04883966,0.04883966,0.24075
0.35,0.36774987,0.017749876,0.017749876,0.24083333
0.4,0.37729722,-0.022702783,0.022702783,0.34
0.225,0.21616828,-0.00883171,0.00883171,0.25675
0.4875,0.44162938,-0.045870632,0.045870632,0.504
0.9,0.5958525,-0.30414748,0.30414748,0.2355
0.0,0.0028628558,0.0028628558,0.0028628558,0.26425
0.4,0.4045757,0.0045756996,0.0045756996,0.3815
0.6625,0.5718404,-0.09065962,0.09065962,0.308
0.0,0.0023510903,0.0023510903,0.0023510903,0.39758334
0.32,0.32965928,0.00965929,0.00965929,0.37475
0.4,0.3652712,-0.034728795,0.034728795,0.293
0.225,0.23818478,0.013184786,0.013184786,0.332
0.0,0.0028282031,0.0028282031,0.0028282031,0.19125
0.225,0.23468027,0.009680271,0.009680271,0.20875
0.0,0.0029551685,0.0029551685,0.0029551685,0.26875
0.0,0.0031052902,0.0031052902,0.0031052902,0.21975
0.0,0.0031054541,0.0031054541,0.0031054541,0.225
0.0,0.002814114,0.002814114,0.002814114,0.23125
0.0,0.002712138,0.002712138,0.002712138,0.41708332
0.45,0.23689124,-0.21310875,0.21310875,0.1675
0.71666664,0.50360936,-0.21305728,0.21305728,0.23083334
0.225,0.2467947,0.021794707,0.021794707,0.33566666
0.175,0.19353865,0.018538654,0.018538654,0.3225
0.0,0.0031522065,0.0031522065,0.0031522065,0.46541667
0.0,0.002998948,0.002998948,0.002998948,0.1865
0.175,0.19507122,0.020071223,0.020071223,0.29866666
0.8,0.3940107,-0.40598932,0.40598932,0.25116667
0.0,0.0024263933,0.0024263933,0.0024263933,0.3655
0.5375,0.48504326,-0.052456766,0.052456766,0.37933335
0.3,0.22275022,-0.077249795,0.077249795,0.186
0.0,0.002366282,0.002366282,0.002366282,0.371
0.0,0.0030164346,0.0030164346,0.0030164346,0.18075
0.0,0.0028116778,0.0028116778,0.0028116778,0.2325
0.0,0.0025919154,0.0025919154,0.0025919154,0.22375
0.225,0.22773153,0.0027315319,0.0027315319,0.18475
0.0,0.0026751608,0.0026751608,0.0026751608,0.36916667
0.0,0.0024225786,0.0024225786,0.0024225786,0.288
0.0,0.002888903,0.002888903,0.002888903,0.185
0.725,0.54871386,-0.17628616,0.17628616,0.4115
0.225,0.21610394,-0.008896053,0.008896053,0.2725
0.0,0.0031191036,0.0031191036,0.0031191036,0.15883334
0.225,0.21862593,-0.006374061,0.006374061,0.33425
0.7125,0.52015513,-0.19234484,0.19234484,0.54625
0.3125,0.26585948,-0.046640515,0.046640515,0.49125
0.4,0.4443158,0.044315785,0.044315785,0.4465
0.225,0.21945164,-0.005548358,0.005548358,0.3685
0.225,0.2520884,0.027088404,0.027088404,0.304
0.4,0.3869319,-0.01306811,0.01306811,0.30475
0.3,0.24340776,-0.056592256,0.056592256,0.25908333
0.0,0.0026164576,0.0026164576,0.0026164576,0.31916666
0.3125,0.25012305,-0.062376946,0.062376946,0.264
0.0,0.0027502254,0.0027502254,0.0027502254,0.26
0.225,0.2364924,0.011492401,0.011492401,0.42675
0.7125,0.6103286,-0.10217136,0.10217136,0.26858333
0.46666667,0.3427956,-0.12387106,0.12387106,0.3525
0.0,0.0030081272,0.0030081272,0.0030081272,0.14508334
0.575,0.4628314,-0.11216858,0.11216858,0.223
0.0,0.0026247576,0.0026247576,0.0026247576,0.322
0.0,0.002708979,0.002708979,0.002708979,0.27766666
0.0,0.0025197268,0.0025197268,0.0025197268,0.2725
0.0,0.002426006,0.002426006,0.002426006,0.34125
0.0,0.0023910254,0.0023910254,0.0023910254,0.36583334
0.3125,0.2769817,-0.03551829,0.03551829,0.35425
0.3,0.24281299,-0.05718702,0.05718702,0.32291666
0.9,0.25243908,-0.6475609,0.6475609,0.312
0.0,0.0025098696,0.0025098696,0.0025098696,0.32125
0.0,0.0023240894,0.0023240894,0.0023240894,0.3525
0.0,0.0027808398,0.0027808398,0.0027808398,0.214
1.075,0.49453914,-0.5804609,0.5804609,0.297
0.675,0.5188532,-0.15614682,0.15614682,0.17133333
0.0,0.0027822927,0.0027822927,0.0027822927,0.2925
0.0,0.0024394616,0.0024394616,0.0024394616,0.38375
0.3125,0.2913122,-0.021187812,0.021187812,0.342
0.36,0.43369287,0.07369286,0.07369286,0.32575
0.14,0.23966429,0.099664286,0.099664286,0.32925
0.3,0.25169268,-0.04830733,0.04830733,0.28333333
0.4875,0.41961634,-0.06788367,0.06788367,0.2105
0.45,0.4384166,-0.011583388,0.011583388,0.27975
0.175,0.23366326,0.058663264,0.058663264,0.30925
0.3,0.2226688,-0.077331215,0.077331215,0.26416665
0.0,0.002451472,0.002451472,0.002451472,0.362
0.0,0.0026854053,0.0026854053,0.0026854053,0.2725
0.225,0.24759087,0.022590876,0.022590876,0.25608334
0.175,0.20444006,0.02944006,0.02944006,0.34208333
0.43,0.4288053,-0.0011947155,0.0011947155,0.365
0.3125,0.30445522,-0.008044779,0.008044779,0.28425
0.36,0.37869442,0.0186944,0.0186944,0.36675
0.0,0.002912052,0.002912052,0.002912052,0.35766667
0.68,0.660383,-0.019617021,0.019617021,0.397
0.0,0.003083475,0.003083475,0.003083475,0.41166666
0.225,0.23696989,0.011969894,0.011969894,0.33116665
0.54,0.5877464,0.04774636,0.04774636,0.44283333
0.23333333,0.23997453,0.006641194,0.006641194,0.36058334
0.225,0.24062064,0.015620649,0.015620649,0.18075
0.5375,0.45696896,-0.08053106,0.08053106,0.2325
0.0,0.0024319813,0.0024319813,0.0024319813,0.288
0.0,0.0028912053,0.0028912053,0.0028912053,0.185
0.85,0.6935926,-0.15640742,0.15640742,0.2505
0.32,0.3787809,0.05878091,0.05878091,0.28175
0.43,0.4294282,-0.00057181716,0.00057181716,0.37116668
0.45,0.3897902,-0.06020978,0.06020978,0.43125
0.45,0.38345796,-0.06654203,0.06654203,0.3675
0.0,0.0027282238,0.0027282238,0.0027282238,0.26566666
0.225,0.22137806,-0.0036219358,0.0036219358,0.33225
0.6625,0.5061558,-0.15634423,0.15634423,0.1735
0.32,0.3489713,0.028971314,0.028971314,0.28725
0.0,0.0028846487,0.0028846487,0.0028846487,0.20583333
0.0,0.0025913343,0.0025913343,0.0025913343,0.29125
0.625,0.55498385,-0.070016146,0.070016146,0.30475
0.675,0.48488322,-0.1901168,0.1901168,0.2895
0.18,0.22981009,0.04981008,0.04981008,0.3725
0.58,0.50726146,-0.07273853,0.07273853,0.2615
0.95,0.7798809,-0.1701191,0.1701191,0.287
0.225,0.22372779,-0.0012722015,0.0012722015,0.16125
0.225,0.25833338,0.03333339,0.03333339,0.235
0.175,0.21555862,0.04055862,0.04055862,0.32358333
1.225,0.96597654,-0.2590235,0.2590235,0.21833333
0.14,0.20943117,0.06943117,0.06943117,0.43375
0.18,0.23241231,0.0524123,0.0524123,0.395
0.9,0.704936,-0.19506395,0.19506395,0.35475
0.175,0.22716567,0.052165672,0.052165672,0.2825
0.0,0.0023662671,0.0023662671,0.0023662671,0.42333335
0.725,0.6501552,-0.07484484,0.07484484,0.11
0.0,0.0026009455,0.0026009455,0.0026009455,0.439
0.18,0.23341247,0.053412467,0.053412467,0.2935
0.45,0.4095444,-0.04045558,0.04045558,0.12125
0.0,0.0027146265,0.0027146265,0.0027146265,0.27575
0.4,0.3988796,-0.0011204183,0.0011204183,0.38916665
0.8125,0.6817405,-0.13075948,0.13075948,0.19333333
0.43,0.4390865,0.00908649,0.00908649,0.2175
0.5,0.4610559,-0.038944095,0.038944095,0.3945
0.4,0.37488836,-0.025111645,0.025111645,0.34725
0.18,0.21135369,0.031353682,0.031353682,0.2845
0.0,0.0026476309,0.0026476309,0.0026476309,0.29083332
0.175,0.22373027,0.04873027,0.04873027,0.3685
0.225,0.22824001,0.003240019,0.003240019,0.32875
0.14,0.1941833,0.054183304,0.054183304,0.3245
0.175,0.22358745,0.048587456,0.048587456,0.17133333
0.0,0.002642773,0.002642773,0.002642773,0.28375
0.225,0.24766788,0.022667885,0.022667885,0.23266667
0.0,0.0033424273,0.0033424273,0.0033424273,0.1075
0.32,0.3946453,0.07464531,0.07464531,0.45725
0.0,0.00307177,0.00307177,0.00307177,0.44316667
0.675,0.4996299,-0.1753701,0.1753701,0.47775
0.0,0.0028975531,0.0028975531,0.0028975531,0.25916666
0.175,0.19845733,0.023457333,0.023457333,0.21775
0.225,0.21802974,-0.0069702566,0.0069702566,0.2755
0.175,0.2021546,0.02715461,0.02715461,0.27383333
0.36,0.38746065,0.027460635,0.027460635,0.3285
0.8875,0.7479948,-0.13950521,0.13950521,0.3695
0.225,0.25182715,0.026827157,0.026827157,0.41775
1.01,1.0078622,-0.0021377802,0.0021377802,0.31975
0.23333333,0.22617647,-0.007156864,0.007156864,0.36125
0.68,0.7076182,0.02761817,0.02761817,0.40725
0.225,0.22129178,-0.0037082136,0.0037082136,0.35883334
0.5,0.47103173,-0.028968275,0.028968275,0.37525
0.0,0.0024608597,0.0024608597,0.0024608597,0.3745
0.575,0.44002298,-0.13497701,0.13497701,0.14283334
0.4,0.37756655,-0.02243346,0.02243346,0.3755
0.7625,0.5651495,-0.1973505,0.1973505,0.3005
0.0,0.0027700588,0.0027700588,0.0027700588,0.24225
0.3125,0.2635314,-0.048968613,0.048968613,0.40666667
0.0,0.0027182922,0.0027182922,0.0027182922,0.25966668
0.7125,0.49344236,-0.21905762,0.21905762,0.21025
0.0,0.0027167574,0.0027167574,0.0027167574,0.245
0.175,0.21527568,0.040275678,0.040275678,0.26958334
0.0,0.0023995861,0.0023995861,0.0023995861,0.36608332
0.95,0.77898204,-0.17101794,0.17101794,0.23175
0.0,0.0028085187,0.0028085187,0.0028085187,0.23333333
0.175,0.240661,0.065661,0.065661,0.21166667
0.5,0.40388367,-0.096116334,0.096116334,0.3065
0.3,0.27092078,-0.029079229,0.029079229,0.16208333
0.6666667,0.46762013,-0.19904655,0.19904655,0.306
0.175,0.22503918,0.050039187,0.050039187,0.235
0.175,0.2005648,0.025564805,0.025564805,0.289
0.675,0.46961313,-0.20538688,0.20538688,0.302
0.5,0.44130915,-0.058690846,0.058690846,0.19416666
0.0,0.0023370385,0.0023370385,0.0023370385,0.39166668
0.45,0.45427603,0.004276037,0.004276037,0.26916668
0.0,0.0021706223,0.0021706223,0.0021706223,0.48858333
0.35,0.2990845,-0.05091548,0.05091548,0.18416667
0.3125,0.2501975,-0.0623025,0.0623025,0.38325
0.3125,0.24169534,-0.070804656,0.070804656,0.30575
0.9,0.75406545,-0.14593452,0.14593452,0.27275
0.0,0.001983501,0.001983501,0.001983501,0.4975
0.0,0.0025001839,0.0025001839,0.0025001839,0.3385
0.0,0.0029721186,0.0029721186,0.0029721186,0.36033332
0.0,0.0027849898,0.0027849898,0.0027849898,0.23575
0.3,0.25283682,-0.04716319,0.04716319,0.42175
0.6,0.40141898,-0.19858104,0.19858104,0.28125
0.25,0.30719164,0.05719164,0.05719164,0.30391666
0.57,0.4992726,-0.07072738,0.07072738,0.37325
0.32,0.36840183,0.048401833,0.048401833,0.2655
0.18,0.21788558,0.037885576,0.037885576,0.29291666
0.4,0.3780299,-0.021970093,0.021970093,0.47066668
0.0,0.002467528,0.002467528,0.002467528,0.23775
0.3125,0.2447016,-0.067798406,0.067798406,0.29875
0.0,0.0030260906,0.0030260906,0.0030260906,0.175
0.36,0.45383003,0.09383002,0.09383002,0.2415
0.225,0.22898662,0.003986627,0.003986627,0.42325
0.36,0.4014331,0.041433096,0.041433096,0.2435
0.9,0.25088987,-0.6491101,0.6491101,0.40166667
0.4,0.4074753,0.0074752867,0.0074752867,0.37125
0.18,0.21223006,0.03223005,0.03223005,0.5035
0.36,0.43686792,0.07686791,0.07686791,0.26416665
0.225,0.23883843,0.01383844,0.01383844,0.5105
0.35833332,0.43782452,0.0794912,0.0794912,0.18666667
0.0,0.0025932342,0.0025932342,0.0025932342,0.295
0.18,0.25281838,0.07281837,0.07281837,0.24616666
0.32,0.33463663,0.014636636,0.014636636,0.3875
0.5,0.54574245,0.045742452,0.045742452,0.34183332
0.23333333,0.26427203,0.0309387,0.0309387,0.0725
0.725,0.55294734,-0.17205268,0.17205268,0.30366668
0.0,0.0031982884,0.0031982884,0.0031982884,0.5215
0.0,0.0028235614,0.0028235614,0.0028235614,0.19666667
0.625,0.50927204,-0.11572796,0.11572796,0.34625
0.32,0.40200752,0.08200753,0.08200753,0.44475
0.43,0.4294966,-0.00050342083,0.00050342083,0.2035
0.6666667,0.43003094,-0.23663574,0.23663574,0.235
0.4,0.4047016,0.0047015846,0.0047015846,0.40725
0.57,0.5238212,-0.046178818,0.046178818,0.4125
0.225,0.23100892,0.006008923,0.006008923,0.15083334
0.0,0.0028298348,0.0028298348,0.0028298348,0.225
0.0,0.0031368956,0.0031368956,0.0031368956,0.44358334
0.45,0.39964432,-0.050355673,0.050355673,0.26483333
0.5375,0.5292716,-0.008228421,0.008228421,0.22208333
0.4,0.3916233,-0.008376718,0.008376718,0.255
0.9,0.7135656,-0.18643439,0.18643439,0.27925
0.0,0.0022435486,0.0022435486,0.0022435486,0.48525
0.4,0.37375206,-0.026247948,0.026247948,0.24175
0.225,0.21608603,-0.008913964,0.008913964,0.4035
0.175,0.1985206,0.023520604,0.023520604,0.34125
0.0,0.0025964454,0.0025964454,0.0025964454,0.34425
0.175,0.19489935,0.019899353,0.019899353,0.38875
0.225,0.22274992,-0.0022500753,0.0022500753,0.26175
0.175,0.21814674,0.043146744,0.043146744,0.2545
0.225,0.26459873,0.039598733,0.039598733,0.19125
0.0,0.0030212924,0.0030212924,0.0030212924,0.18125
0.0,0.0029671192,0.0029671192,0.0029671192,0.26875
0.7625,0.52415127,-0.23834872,0.23834872,0.19725
0.175,0.1972959,0.022295907,0.022295907,0.18
0.725,0.6392942,-0.08570582,0.08570582,0.23125
0.4875,0.3997844,-0.087715626,0.087715626,0.44475
0.36,0.43497768,0.074977666,0.074977666,0.34075
0.0,0.0030326843,0.0030326843,0.0030326843,0.2975
0.0,0.0023953319,0.0023953319,0.0023953319,0.3875
0.5375,0.40895483,-0.1285452,0.1285452,0.37575
0.54,0.49468225,-0.04531777,0.04531777,0.18675
0.0,0.0025270358,0.0025270358,0.0025270358,0.35316667
0.32,0.36377513,0.04377514,0.04377514,0.24333334
0.18,0.2379852,0.057985187,0.057985187,0.35325
0.72,0.71088564,-0.009114385,0.009114385,0.27125
0.175,0.2393196,0.064319596,0.064319596,0.35666665
0.4,0.31977692,-0.08022308,0.08022308,0.6113333
0.8125,0.6803306,-0.13216943,0.13216943,0.19333333
0.18,0.237335,0.05733499,0.05733499,0.358
2.0,0.41932744,-1.5806725,1.5806725,0.34
0.0,0.0020462647,0.0020462647,0.0020462647,0.45
0.3,0.24287337,-0.05712664,0.05712664,0.2405
0.0,0.0028858557,0.0028858557,0.0028858557,0.30041668
0.725,0.60695124,-0.11804879,0.11804879,0.30083334
0.0,0.0033791736,0.0033791736,0.0033791736,0.70675
0.8375,0.727216,-0.11028397,0.11028397,0.30866668
0.225,0.22988006,0.0048800707,0.0048800707,0.376
0.3,0.24840057,-0.051599443,0.051599443,0.29416665
0.225,0.22830194,0.0033019483,0.0033019483,0.41425
0.0,0.0028677657,0.0028677657,0.0028677657,0.211
0.0,0.0030657127,0.0030657127,0.0030657127,0.25
0.3,0.2530988,-0.046901226,0.046901226,0.38625
0.675,0.5361554,-0.13884461,0.13884461,0.1865
0.175,0.24152699,0.066526994,0.066526994,0.28225
0.23333333,0.19432834,-0.039004996,0.039004996,0.28816667
0.0,0.0027739406,0.0027739406,0.0027739406,0.25133333
0.0,0.0027746856,0.0027746856,0.0027746856,0.2455
0.225,0.22124991,-0.0037500858,0.0037500858,0.216
0.45,0.25578257,-0.19421741,0.19421741,0.285
0.3125,0.30200955,-0.010490447,0.010490447,0.37325
0.4,0.3403567,-0.0596433,0.0596433,0.324
0.0,0.0031716228,0.0031716228,0.0031716228,0.14625
0.5375,0.43938166,-0.098118365,0.098118365,0.36916667
0.4875,0.40607673,-0.08142328,0.08142328,0.387
0.0,0.0027178451,0.0027178451,0.0027178451,0.24816667
0.0,0.0029965937,0.0029965937,0.0029965937,0.3635
0.0,0.0028040782,0.0028040782,0.0028040782,0.23516667
0.7,0.22536832,-0.47463167,0.47463167,0.18133333
0.0,0.0027766004,0.0027766004,0.0027766004,0.48516667
0.0,0.0030029118,0.0030029118,0.0030029118,0.185
0.0,0.0022180974,0.0022180974,0.0022180974,0.45666668
0.0,0.0028529614,0.0028529614,0.0028529614,0.285
0.23333333,0.2006059,-0.032727435,0.032727435,0.25016665
0.3,0.24470755,-0.055292457,0.055292457,0.2245
0.625,0.55671525,-0.06828475,0.06828475,0.32171428
0.3,0.24771321,-0.052286804,0.052286804,0.32541665
0.0,0.002918847,0.002918847,0.002918847,0.2785
0.6666667,0.47839203,-0.18827465,0.18827465,0.37408334
0.3,0.22673023,-0.073269784,0.073269784,0.42058334
0.4,0.307253,-0.092747,0.092747,0.494
0.0,0.0028853938,0.0028853938,0.0028853938,0.27325
0.0,0.0026367381,0.0026367381,0.0026367381,0.17166667
0.0,0.0027832165,0.0027832165,0.0027832165,0.12666667
0.23333333,0.24042043,0.0070870966,0.0070870966,0.33716667
0.0,0.0029023513,0.0029023513,0.0029023513,0.16666667
0.5375,0.42934856,-0.108151466,0.108151466,0.237
0.7125,0.57138985,-0.14111012,0.14111012,0.12883334
0.175,0.19757092,0.022570923,0.022570923,0.3255
0.0,0.0024947897,0.0024947897,0.0024947897,0.455
0.225,0.23505372,0.010053724,0.010053724,0.4465
0.0,0.002908893,0.002908893,0.002908893,0.351
0.5,0.46716356,-0.032836437,0.032836437,0.3265
0.0,0.0026385933,0.0026385933,0.0026385933,0.29975
0.0,0.0029421896,0.0029421896,0.0029421896,0.1795
0.0,0.0026187524,0.0026187524,0.0026187524,0.31916666
0.45,0.21861634,-0.23138365,0.23138365,0.26325
0.3,0.2525231,-0.047476918,0.047476918,0.285
0.0,0.0026751086,0.0026751086,0.0026751086,0.32183334
0.0,0.0026122853,0.0026122853,0.0026122853,0.39916667
0.95,0.66956896,-0.28043103,0.28043103,0.10508333
1.25,0.2767247,-0.9732753,0.9732753,0.322
0.0,0.002799295,0.002799295,0.002799295,0.21458334
0.0,0.0029739738,0.0029739738,0.0029739738,0.18766667
0.225,0.256329,0.031329006,0.031329006,0.2155
0.0,0.0027431548,0.0027431548,0.0027431548,0.22375
0.0,0.002576962,0.002576962,0.002576962,0.29416665
0.9,0.21843517,-0.6815648,0.6815648,0.42975
0.225,0.24093106,0.01593107,0.01593107,0.35291666
0.0,0.002252765,0.002252765,0.002252765,0.357
0.23333333,0.23560467,0.0022713393,0.0022713393,0.27125
0.0,0.0024198368,0.0024198368,0.0024198368,0.3025
0.0,0.0028403625,0.0028403625,0.0028403625,0.1915
0.45,0.4303037,-0.019696295,0.019696295,0.3545
0.225,0.2320008,0.007000804,0.007000804,0.20758334
0.96666664,0.5920304,-0.37463623,0.37463623,0.2925
0.5,0.44273758,-0.05726242,0.05726242,0.38375
0.175,0.240515,0.065515,0.065515,0.28825
0.0,0.0024727732,0.0024727732,0.0024727732,0.3305
0.0,0.0023756325,0.0023756325,0.0023756325,0.34325
0.0,0.0025930777,0.0025930777,0.0025930777,0.22333333
0.3,0.24486563,-0.055134386,0.055134386,0.70416665
0.3,0.25197887,-0.048021138,0.048021138,0.2795
0.225,0.2522996,0.027299613,0.027299613,0.30675
0.225,0.25200358,0.027003586,0.027003586,0.31275
0.53333336,0.36591935,-0.16741401,0.16741401,0.27166668
0.225,0.22954583,0.0045458376,0.0045458376,0.24016666
0.45,0.2569294,-0.19307059,0.19307059,0.18
0.45,0.2666282,-0.18337178,0.18337178,0.19225
0.45,0.23506722,-0.21493277,0.21493277,0.33875
0.0,0.002808109,0.002808109,0.002808109,0.20375
0.225,0.2209866,-0.0040133893,0.0040133893,0.42158332
0.5375,0.42743468,-0.11006534,0.11006534,0.28616667
0.175,0.2080625,0.033062503,0.033062503,0.2405
0.225,0.23187754,0.0068775415,0.0068775415,0.41608334
0.0,0.0026221052,0.0026221052,0.0026221052,0.299
0.225,0.24601838,0.021018386,0.021018386,0.265
0.3,0.25228354,-0.04771647,0.04771647,0.29041666
0.0,0.0029747114,0.0029747114,0.0029747114,0.09833334
0.3,0.2650348,-0.034965217,0.034965217,0.19541667
0.0,0.0029874519,0.0029874519,0.0029874519,0.18883333
0.5375,0.4424088,-0.09509122,0.09509122,0.278
0.175,0.24283153,0.06783153,0.06783153,0.23266667
0.45,0.38329464,-0.066705346,0.066705346,0.39508334
0.0,0.0031433627,0.0031433627,0.0031433627,0.15333334
0.0,0.002438195,0.002438195,0.002438195,0.2545
0.61,0.66102475,0.051024735,0.051024735,0.29125
0.0,0.0022628084,0.0022628084,0.0022628084,0.43133333
0.3125,0.3131239,0.0006239116,0.0006239116,0.16875
0.32,0.3512392,0.031239212,0.031239212,0.34833333
0.0,0.0026119575,0.0026119575,0.0026119575,0.285
0.58,0.5650408,-0.0149591565,0.0149591565,0.46125
0.0,0.002965726,0.002965726,0.002965726,0.3725
0.0,0.0029304102,0.0029304102,0.0029304102,0.19566667
2.0,0.46743888,-1.5325611,1.5325611,0.335
0.36,0.3908236,0.030823588,0.030823588,0.30975
0.36,0.3913672,0.031367183,0.031367183,0.28325
0.225,0.25216916,0.027169168,0.027169168,0.3075
0.5,0.43999583,-0.060004175,0.060004175,0.32225
0.36,0.39158934,0.03158933,0.03158933,0.289
0.5375,0.44278717,-0.09471285,0.09471285,0.3255
0.0,0.002984412,0.002984412,0.002984412,0.302
0.0,0.0028794408,0.0028794408,0.0028794408,0.342
0.18,0.22323364,0.043233633,0.043233633,0.1525
0.23333333,0.24432868,0.010995343,0.010995343,0.2225
0.675,0.5986808,-0.07631922,0.07631922,0.28708333
0.175,0.2348775,0.0598775,0.0598775,0.28083333
0.93,0.9123,-0.017700016,0.017700016,0.24583334
0.5,0.5464126,0.046412587,0.046412587,0.33708334
0.4,0.38892594,-0.011074066,0.011074066,0.2125
0.43,0.42773432,-0.0022656918,0.0022656918,0.376
0.4,0.45367867,0.05367866,0.05367866,0.3155
0.6,0.5135844,-0.08641565,0.08641565,0.34275
0.0,0.0026489645,0.0026489645,0.0026489645,0.32625
0.0,0.0029419512,0.0029419512,0.0029419512,0.27466667
0.35833332,0.42483884,0.06650552,0.06650552,0.401
0.0,0.0030241683,0.0030241683,0.0030241683,0.34916666
0.225,0.23770353,0.012703538,0.012703538,0.312
0.45,0.57463145,0.124631464,0.124631464,0.40283334
0.0,0.002268605,0.002268605,0.002268605,0.38391668
0.225,0.23900145,0.014001459,0.014001459,0.20325
0.6,0.40291244,-0.19708759,0.19708759,0.28625
0.0,0.0026590452,0.0026590452,0.0026590452,0.20125
0.9,0.25182888,-0.64817107,0.64817107,0.288
0.0,0.0030132458,0.0030132458,0.0030132458,0.16166666
0.5,0.4651242,-0.03487581,0.03487581,0.3355
0.39,0.41529578,0.025295794,0.025295794,0.42525
0.0,0.0024705604,0.0024705604,0.0024705604,0.377
0.4,0.39711225,-0.0028877556,0.0028877556,0.475
0.0,0.0031739995,0.0031739995,0.0031739995,0.42725
0.0,0.0026080385,0.0026080385,0.0026080385,0.3
0.0,0.0025096908,0.0025096908,0.0025096908,0.36083335
0.53333336,0.40484464,-0.12848872,0.12848872,0.1825
0.18,0.23277915,0.052779138,0.052779138,0.2715
0.0,0.0031797662,0.0031797662,0.0031797662,0.16625
0.0,0.0023519471,0.0023519471,0.0023519471,0.38916665
0.6625,0.53557825,-0.12692177,0.12692177,0.25208333
0.18,0.22339901,0.043399006,0.043399006,0.2605
0.625,0.5706157,-0.05438429,0.05438429,0.225
0.5,0.4597711,-0.040228903,0.040228903,0.3905
0.0,0.0027785972,0.0027785972,0.0027785972,0.244
0.8,0.66374546,-0.13625455,0.13625455,0.38725
0.7125,0.49937683,-0.21312314,0.21312314,0.24166666
0.8125,0.5538734,-0.25862658,0.25862658,0.2485
0.3125,0.30289078,-0.009609222,0.009609222,0.29083332
0.18,0.24488097,0.06488097,0.06488097,0.332
0.5375,0.44081566,-0.09668437,0.09668437,0.31125
0.5,0.40171257,-0.09828743,0.09828743,0.3245
0.225,0.24338537,0.01838538,0.01838538,0.18883333
0.45,0.46226186,0.0122618675,0.0122618675,0.26125
0.175,0.22307971,0.048079714,0.048079714,0.25516668
0.5,0.53990006,0.039900064,0.039900064,0.45925
0.56,0.48907351,-0.07092649,0.07092649,0.39316666
0.225,0.2153345,-0.009665489,0.009665489,0.52275
0.96666664,0.52674913,-0.4399175,0.4399175,0.25916666
0.0,0.0030477718,0.0030477718,0.0030477718,0.23525
0.18,0.2171005,0.037100494,0.037100494,0.2805
0.225,0.22657713,0.0015771389,0.0015771389,0.22008333
0.0,0.002906762,0.002906762,0.002906762,0.3465
0.5,0.419804,-0.08019599,0.08019599,0.38575
0.0,0.0023383275,0.0023383275,0.0023383275,0.39525
0.725,0.55899906,-0.16600096,0.16600096,0.38875
0.0,0.0023844019,0.0023844019,0.0023844019,0.38458332
0.4875,0.4122377,-0.07526231,0.07526231,0.394
0.6,0.43090397,-0.16909605,0.16909605,0.32966667
0.3125,0.2526353,-0.0598647,0.0598647,0.3065
0.35,0.25384343,-0.09615657,0.09615657,0.3515
0.4875,0.43131393,-0.05618608,0.05618608,0.21416667
0.41666666,0.2876432,-0.12902346,0.12902346,0.27625
0.0,0.0025314987,0.0025314987,0.0025314987,0.30833334
0.7625,0.6359339,-0.12656611,0.12656611,0.29666665
0.0,0.0026364774,0.0026364774,0.0026364774,0.30416667
0.0,0.002936907,0.002936907,0.002936907,0.1825
0.0,0.0026756078,0.0026756078,0.0026756078,0.25375
0.3,0.23319831,-0.0668017,0.0668017,0.44358334
0.4875,0.41072786,-0.07677215,0.07677215,0.21916667
0.41666666,0.24931142,-0.16735524,0.16735524,0.3645
0.0,0.0027312487,0.0027312487,0.0027312487,0.24383333
0.5,0.45178905,-0.04821095,0.04821095,0.305
0.625,0.4746482,-0.1503518,0.1503518,0.34025
0.0,0.0019905418,0.0019905418,0.0019905418,0.4975
0.23333333,0.19597332,-0.037360013,0.037360013,0.36033332
0.0,0.003030844,0.003030844,0.003030844,0.17875
0.175,0.23610091,0.061100915,0.061100915,0.215
0.35,0.37585503,0.025855035,0.025855035,0.40675
0.0,0.002616465,0.002616465,0.002616465,0.34125
0.18,0.24196044,0.06196043,0.06196043,0.28891668
0.175,0.20809564,0.033095643,0.033095643,0.21666667
0.9,0.23552448,-0.6644755,0.6644755,0.32541665
0.175,0.21117556,0.036175564,0.036175564,0.255
0.975,0.7991334,-0.1758666,0.1758666,0.21583334
1.0,0.8059374,-0.19406259,0.19406259,0.4365
0.36,0.43159518,0.07159516,0.07159516,0.35425
0.225,0.21351671,-0.011483282,0.011483282,0.2545
0.5375,0.4981798,-0.03932023,0.03932023,0.35625
0.18,0.22101209,0.04101208,0.04101208,0.24075
0.175,0.21360779,0.03860779,0.03860779,0.32116666
0.0,0.0029301196,0.0029301196,0.0029301196,0.27533334
0.4,0.30010214,-0.09989786,0.09989786,0.34325
0.0,0.0023210272,0.0023210272,0.0023210272,0.37416667
0.175,0.18890364,0.013903648,0.013903648,0.63383335
0.0,0.0029052868,0.0029052868,0.0029052868,0.20791666
0.0,0.0025887713,0.0025887713,0.0025887713,0.26583335
0.43,0.46983683,0.039836824,0.039836824,0.326
0.06666667,0.005984567,-0.060682103,0.060682103,0.54
0.71666664,0.48573,-0.23093665,0.23093665,0.45
0.225,0.22043392,-0.0045660734,0.0045660734,0.28291667
0.0,0.002492398,0.002492398,0.002492398,0.34333333
0.0,0.0029533654,0.0029533654,0.0029533654,0.36225
0.0,0.002887249,0.002887249,0.002887249,0.2975
0.23333333,0.19595103,-0.037382305,0.037382305,0.28425
0.0,0.0021862015,0.0021862015,0.0021862015,0.47941667
0.0,0.0024781302,0.0024781302,0.0024781302,0.23775
0.4,0.31565616,-0.08434385,0.08434385,0.33
0.0,0.0026854128,0.0026854128,0.0026854128,0.23
0.225,0.24460992,0.019609928,0.019609928,0.2775
0.225,0.22826552,0.0032655299,0.0032655299,0.44575
0.3125,0.25633535,-0.056164652,0.056164652,0.2345
0.95,0.82600236,-0.12399763,0.12399763,0.18666667
0.45,0.4315889,-0.0184111,0.0184111,0.34625
0.225,0.2119098,-0.013090193,0.013090193,0.499
0.0,0.0025546849,0.0025546849,0.0025546849,0.30016667
0.525,0.46688756,-0.058112413,0.058112413,0.458
0.9,0.6302432,-0.2697568,0.2697568,0.23908333
0.0,0.002980262,0.002980262,0.002980262,0.2225
1.25,0.29607454,-0.9539255,0.9539255,0.295
0.36,0.3772425,0.017242491,0.017242491,0.402
0.45,0.26479954,-0.18520045,0.18520045,0.16916667
0.0,0.0024548322,0.0024548322,0.0024548322,0.30583334
0.4,0.42663473,0.026634723,0.026634723,0.30183333
0.3,0.28972504,-0.0102749765,0.0102749765,0.07333333
0.14,0.20090112,0.06090112,0.06090112,0.37616667
0.35,0.26353598,-0.08646402,0.08646402,0.44025
0.0,0.0030791312,0.0030791312,0.0030791312,0.12666667
0.0,0.0025948659,0.0025948659,0.0025948659,0.36375
2.0,0.44901645,-1.5509835,1.5509835,0.45425
0.5375,0.429449,-0.10805103,0.10805103,0.224
0.0,0.0029300377,0.0029300377,0.0029300377,0.20166667
0.5,0.40685028,-0.09314972,0.09314972,0.34725
0.36,0.38043967,0.020439655,0.020439655,0.43825
0.175,0.20917234,0.03417234,0.03417234,0.17333333
0.45,0.40910378,-0.040896207,0.040896207,0.18
0.175,0.19329345,0.018293455,0.018293455,0.40858334
0.175,0.2405119,0.0655119,0.0655119,0.39625
0.4,0.3602836,-0.039716393,0.039716393,0.29233333
0.0,0.002750039,0.002750039,0.002750039,0.24458334
0.3125,0.2418932,-0.0706068,0.0706068,0.34425
0.675,0.62015104,-0.05484897,0.05484897,0.272
0.28,0.33910245,0.059102446,0.059102446,0.44525
0.175,0.22625884,0.051258847,0.051258847,0.2805
0.575,0.45210257,-0.12289742,0.12289742,0.28175
0.32,0.33313018,0.013130188,0.013130188,0.365
0.4,0.33897004,-0.06102997,0.06102997,0.3275
0.0,0.0024302602,0.0024302602,0.0024302602,0.36758333
0.225,0.21310654,-0.011893451,0.011893451,0.35625
0.0,0.0026779845,0.0026779845,0.0026779845,0.25833333
0.575,0.450822,-0.12417799,0.12417799,0.23925
0.225,0.24384964,0.018849641,0.018849641,0.229
0.225,0.26090193,0.035901934,0.035901934,0.21375
0.225,0.23446167,0.009461671,0.009461671,0.18125
0.32,0.33651084,0.016510844,0.016510844,0.251
0.225,0.21764994,-0.0073500574,0.0073500574,0.1525
0.5375,0.49122006,-0.046279967,0.046279967,0.30375
0.0,0.0026349202,0.0026349202,0.0026349202,0.26975
0.225,0.21404415,-0.01095584,0.01095584,0.3275
0.0,0.0028716698,0.0028716698,0.0028716698,0.2025
0.0,0.0028862432,0.0028862432,0.0028862432,0.20633334
0.625,0.4802099,-0.14479011,0.14479011,0.46266666
0.225,0.22834834,0.0033483505,0.0033483505,0.185
0.35,0.36331192,0.013311923,0.013311923,0.36
0.9,0.22240365,-0.67759633,0.67759633,0.285
0.0,0.0026420802,0.0026420802,0.0026420802,0.293
0.175,0.19945428,0.02445428,0.02445428,0.2595
0.175,0.21765041,0.042650416,0.042650416,0.2545
0.5,0.47143465,-0.028565347,0.028565347,0.36171427
0.45,0.46344775,0.013447762,0.013447762,0.29541665
0.0,0.0029299706,0.0029299706,0.0029299706,0.2785
0.0,0.0023719445,0.0023719445,0.0023719445,0.38675
0.0,0.0026969537,0.0026969537,0.0026969537,0.40058333
0.9875,0.75549626,-0.23200375,0.23200375,0.484
0.35,0.24007419,-0.10992581,0.10992581,0.35166666
0.675,0.49541587,-0.17958415,0.17958415,0.27325
0.0,0.0022747517,0.0022747517,0.0022747517,0.3605
0.0,0.0028359443,0.0028359443,0.0028359443,0.21375
0.625,0.2970505,-0.3279495,0.3279495,0.5525
0.0,0.0030622706,0.0030622706,0.0030622706,0.13
0.625,0.300096,-0.324904,0.324904,0.45308334
0.45,0.23949519,-0.2105048,0.2105048,0.42525
0.0,0.0025270805,0.0025270805,0.0025270805,0.35225
0.95,0.7540999,-0.19590008,0.19590008,0.3565
0.3,0.21995437,-0.08004564,0.08004564,0.20033333
0.0,0.0025466755,0.0025466755,0.0025466755,0.3455
0.57,0.503545,-0.06645501,0.06645501,0.31575
0.4,0.38639125,-0.013608754,0.013608754,0.22425
0.18,0.22762582,0.04762581,0.04762581,0.33916667
0.9,0.23239037,-0.6676096,0.6676096,0.30175
0.175,0.2253598,0.0503598,0.0503598,0.25966668
0.3125,0.24418885,-0.068311155,0.068311155,0.2675
0.625,0.3113526,-0.3136474,0.3136474,0.1775
0.0,0.0027945861,0.0027945861,0.0027945861,0.24208333
0.0,0.0028489232,0.0028489232,0.0028489232,0.21975
0.175,0.23184091,0.05684091,0.05684091,0.34808335
1.175,0.8934624,-0.28153753,0.28153753,0.30875
0.7,0.24866086,-0.45133913,0.45133913,0.14
0.0,0.0030231327,0.0030231327,0.0030231327,0.17958333
0.43,0.4993013,0.06930131,0.06930131,0.20583333
0.175,0.19190128,0.016901284,0.016901284,0.3285
0.0,0.0031275377,0.0031275377,0.0031275377,0.08375
0.0,0.0028526261,0.0028526261,0.0028526261,0.07666667
1.45,0.61429536,-0.8357047,0.8357047,0.46266666
0.45,0.20397669,-0.2460233,0.2460233,0.63075
0.0,0.0025498644,0.0025498644,0.0025498644,0.37491667
0.0,0.0026300699,0.0026300699,0.0026300699,0.3985
0.6,0.3999141,-0.20008594,0.20008594,0.249
0.0,0.002623938,0.002623938,0.002623938,0.42275
0.3,0.24153712,-0.058462888,0.058462888,0.32333332
0.36,0.43488348,0.07488346,0.07488346,0.183
0.0,0.0023279563,0.0023279563,0.0023279563,0.39583334
1.4,1.1846324,-0.21536756,0.21536756,0.21
0.0,0.0026062205,0.0026062205,0.0026062205,0.25625
0.0,0.0026234463,0.0026234463,0.0026234463,0.2735
0.675,0.6095735,-0.06542653,0.06542653,0.29975
0.65833336,0.7855709,0.12723756,0.12723756,0.3115
0.14,0.22193113,0.08193113,0.08193113,0.16133334
0.36,0.40767252,0.04767251,0.04767251,0.223
0.475,0.5087904,0.03379038,0.03379038,0.1935
0.8333333,0.9656421,0.13230878,0.13230878,0.25833333
0.5375,0.51004297,-0.027457058,0.027457058,0.35075
0.5375,0.5024227,-0.035077333,0.035077333,0.20925
0.0,0.0029464588,0.0029464588,0.0029464588,0.314
0.3,0.227447,-0.07255301,0.07255301,0.12375
0.5375,0.43806505,-0.09943497,0.09943497,0.35166666
0.35833332,0.42965457,0.07132125,0.07132125,0.41325
0.0,0.0028008819,0.0028008819,0.0028008819,0.205
0.6666667,0.40930456,-0.25736213,0.25736213,0.26825
0.3,0.23504126,-0.06495875,0.06495875,0.20008333
0.45,0.39309973,-0.056900263,0.056900263,0.2805
0.225,0.21454707,-0.010452926,0.010452926,0.4975
0.8125,0.69187415,-0.12062585,0.12062585,0.37375
0.0,0.0023612157,0.0023612157,0.0023612157,0.408
0.225,0.21771625,-0.007283747,0.007283747,0.31975
0.0,0.002372101,0.002372101,0.002372101,0.34525
0.4,0.3946457,-0.005354315,0.005354315,0.25975
0.7,0.23542461,-0.46457538,0.46457538,0.157
0.0,0.0027021393,0.0027021393,0.0027021393,0.2525
0.225,0.23851293,0.013512939,0.013512939,0.37675
0.0,0.002704978,0.002704978,0.002704978,0.28583333
0.41666666,0.27139503,-0.14527163,0.14527163,0.35416666
0.3,0.2690502,-0.030949801,0.030949801,0.17675
0.225,0.2285904,0.003590405,0.003590405,0.433
0.175,0.24395183,0.06895183,0.06895183,0.22875
0.9375,0.8469964,-0.09050357,0.09050357,0.2155
0.6666667,0.47651327,-0.19015342,0.19015342,0.22416666
0.5375,0.4482807,-0.08921933,0.08921933,0.3855
0.675,0.56400764,-0.11099237,0.11099237,0.38616666
0.0,0.0030550137,0.0030550137,0.0030550137,0.49725
0.0,0.0024378002,0.0024378002,0.0024378002,0.37541667
0.0,0.0022598132,0.0022598132,0.0022598132,0.357
0.3,0.2748965,-0.02510351,0.02510351,0.1375
0.0,0.0025353655,0.0025353655,0.0025353655,0.3095
0.0,0.0028049946,0.0028049946,0.0028049946,0.23008333
0.225,0.22570452,0.0007045269,0.0007045269,0.26416665
0.7125,0.6097429,-0.1027571,0.1027571,0.41125
0.725,0.64760745,-0.07739258,0.07739258,0.30575
0.5375,0.49776104,-0.039738983,0.039738983,0.2905
0.225,0.25234345,0.027343452,0.027343452,0.29325
0.0,0.00176128,0.00176128,0.00176128,0.64416665
0.0,0.002301775,0.002301775,0.002301775,0.32925
0.0,0.0025431588,0.0025431588,0.0025431588,0.31275
0.3,0.22075316,-0.07924685,0.07924685,0.27625
0.225,0.26340234,0.03840235,0.03840235,0.16716667
0.76,0.80408907,0.04408908,0.04408908,0.26266667
0.725,0.54528856,-0.17971146,0.17971146,0.21
0.18,0.23256564,0.052565634,0.052565634,0.38375
0.0,0.002887465,0.002887465,0.002887465,0.17375
0.54,0.4944299,-0.045570135,0.045570135,0.41283333
0.42,0.41926426,-0.00073572993,0.00073572993,0.29116666
0.18,0.23030964,0.05030963,0.05030963,0.2355
0.54,0.5853138,0.045313776,0.045313776,0.265
0.64,0.6752409,0.03524089,0.03524089,0.35958335
0.675,0.59854996,-0.07645005,0.07645005,0.299
0.54,0.6084225,0.0684225,0.0684225,0.2515
0.4,0.40711433,0.007114321,0.007114321,0.18475
0.43,0.44124308,0.011243075,0.011243075,0.17083333
0.75,0.7991192,0.049119174,0.049119174,0.33175
0.0,0.0025500655,0.0025500655,0.0025500655,0.22766666
0.0,0.0027779192,0.0027779192,0.0027779192,0.21508333
0.175,0.24177545,0.066775456,0.066775456,0.2545
0.45,0.45165914,0.0016591549,0.0016591549,0.332
0.18,0.24739274,0.06739274,0.06739274,0.24883333
0.0,0.00257238,0.00257238,0.00257238,0.30583334
0.0,0.0026744232,0.0026744232,0.0026744232,0.27858335
0.175,0.20405948,0.029059485,0.029059485,0.35958335
0.3,0.23363379,-0.066366225,0.066366225,0.2175
0.0,0.0024811476,0.0024811476,0.0024811476,0.3025
0.0,0.0029417053,0.0029417053,0.0029417053,0.387
0.175,0.21854001,0.043540016,0.043540016,0.3195
0.06666667,0.0062931255,-0.060373545,0.060373545,0.38875
0.0,0.0026731715,0.0026731715,0.0026731715,0.29625
0.4,0.35638827,-0.043611735,0.043611735,0.23266667
0.57,0.5033477,-0.0666523,0.0666523,0.41433334
0.3125,0.24311298,-0.06938702,0.06938702,0.30916667
0.0,0.0025725588,0.0025725588,0.0025725588,0.3345
2.0,0.45570415,-1.5442958,1.5442958,0.41283333
0.0,0.0022756383,0.0022756383,0.0022756383,0.38391668
0.5,0.43881857,-0.061181426,0.061181426,0.18275
0.0,0.0026681647,0.0026681647,0.0026681647,0.30125
0.175,0.24460992,0.069609925,0.069609925,0.20125
0.0,0.003133744,0.003133744,0.003133744,0.13916667
0.0,0.0029242262,0.0029242262,0.0029242262,0.3455
0.0,0.0026251823,0.0026251823,0.0026251823,0.32025
0.0,0.002387248,0.002387248,0.002387248,0.36466667
0.0,0.0030628517,0.0030628517,0.0030628517,0.16875
0.675,0.5711739,-0.103826106,0.103826106,0.285
0.26666668,0.35332182,0.08665514,0.08665514,0.30783334
0.11666667,0.20248386,0.085817195,0.085817195,0.49675
0.0,0.0029641166,0.0029641166,0.0029641166,0.35
0.9,0.24804151,-0.65195847,0.65195847,0.17233333
0.4,0.41239083,0.012390822,0.012390822,0.535
0.43,0.43463996,0.0046399534,0.0046399534,0.30975
0.0,0.0029609874,0.0029609874,0.0029609874,0.19475
0.53333336,0.58914214,0.055808783,0.055808783,0.25675
0.46666667,0.37666917,-0.0899975,0.0899975,0.1225
0.575,0.5268954,-0.048104584,0.048104584,0.22875
0.45,0.25219777,-0.19780222,0.19780222,0.3125
0.175,0.21382064,0.03882064,0.03882064,0.37225
0.28,0.26819223,-0.01180777,0.01180777,0.325
0.5,0.62443423,0.12443423,0.12443423,0.34425
0.14,0.1953474,0.055347398,0.055347398,0.262
0.98,1.0113026,0.03130257,0.03130257,0.307
0.0,0.0032302067,0.0032302067,0.0032302067,0.148
0.54,0.5919821,0.051982105,0.051982105,0.33125
0.175,0.20802063,0.03302063,0.03302063,0.44175
0.32,0.37356803,0.053568035,0.053568035,0.377
0.18,0.2099227,0.029922694,0.029922694,0.42725
0.0,0.0026103333,0.0026103333,0.0026103333,0.3
0.0,0.0032329485,0.0032329485,0.0032329485,0.1275
0.175,0.22183454,0.046834543,0.046834543,0.23583333
0.35,0.23804152,-0.111958474,0.111958474,0.12166667
0.46666667,0.33146876,-0.13519791,0.13519791,0.34233335
0.54,0.5752264,0.035226405,0.035226405,0.2445
0.0,0.0027714223,0.0027714223,0.0027714223,0.24775
0.225,0.22658825,0.0015882552,0.0015882552,0.135
0.4,0.40028575,0.00028574467,0.00028574467,0.37166667
0.35,0.20699748,-0.14300251,0.14300251,0.31833333
0.53333336,0.36625057,-0.16708279,0.16708279,0.2785
0.3125,0.24434921,-0.06815079,0.06815079,0.418
0.0,0.0023796484,0.0023796484,0.0023796484,0.42725
0.5375,0.42370716,-0.11379287,0.11379287,0.31291667
0.14,0.19007546,0.050075457,0.050075457,0.31225
0.7125,0.6107696,-0.10173035,0.10173035,0.32208332
0.175,0.2246666,0.0496666,0.0496666,0.305
0.18,0.22653952,0.046539515,0.046539515,0.365
0.0,0.0031155422,0.0031155422,0.0031155422,0.3745
0.225,0.22937927,0.0043792725,0.0043792725,0.406
0.0,0.002772294,0.002772294,0.002772294,0.235
0.0,0.0027325228,0.0027325228,0.0027325228,0.24333334
0.625,0.57342166,-0.051578343,0.051578343,0.25866666
0.76,0.80839264,0.048392653,0.048392653,0.24633333
0.0,0.0034186766,0.0034186766,0.0034186766,0.09
0.675,0.57772493,-0.09727508,0.09727508,0.50925
0.175,0.24542788,0.07042788,0.07042788,0.20525
0.0,0.0029433742,0.0029433742,0.0029433742,0.52775
0.225,0.2319454,0.0069454014,0.0069454014,0.31675
0.0,0.0028932467,0.0028932467,0.0028932467,0.35583332
0.93,0.9590032,0.029003203,0.029003203,0.276
0.0,0.0029401556,0.0029401556,0.0029401556,0.29775
0.9,0.22643271,-0.6735673,0.6735673,0.43575
0.0,0.0027859583,0.0027859583,0.0027859583,0.43
0.3,0.24691683,-0.05308318,0.05308318,0.32458332
0.0,0.0026602745,0.0026602745,0.0026602745,0.40275
1.0375,0.86314607,-0.17435396,0.17435396,0.38133332
0.225,0.23758125,0.012581259,0.012581259,0.615
0.0,0.0025870278,0.0025870278,0.0025870278,0.32975
0.23333333,0.21323556,-0.020097777,0.020097777,0.4125
0.4,0.35489696,-0.045103043,0.045103043,0.177
0.4875,0.43158007,-0.055919945,0.055919945,0.2775
0.175,0.19704968,0.02204968,0.02204968,0.32675
0.625,0.48312548,-0.14187452,0.14187452,0.21425
0.0,0.0027836487,0.0027836487,0.0027836487,0.28966665
0.0,0.0026238635,0.0026238635,0.0026238635,0.36925
0.575,0.43788645,-0.13711354,0.13711354,0.28075
0.5,0.5793741,0.079374075,0.079374075,0.18625
0.225,0.24156985,0.016569853,0.016569853,0.20708333
0.0,0.002405472,0.002405472,0.002405472,0.36558333
0.225,0.24541646,0.020416468,0.020416468,0.3725
0.5375,0.46254387,-0.07495615,0.07495615,0.15625
0.175,0.23939577,0.06439577,0.06439577,0.22633334
0.32,0.3265374,0.0065374076,0.0065374076,0.261
0.625,0.55220014,-0.07279986,0.07279986,0.08375
0.9,0.2903172,-0.6096828,0.6096828,0.07666667
0.0,0.002784945,0.002784945,0.002784945,0.24125
0.175,0.19374362,0.01874362,0.01874362,0.5065
0.225,0.25030538,0.02530539,0.02530539,0.36775
0.225,0.21258748,-0.012412518,0.012412518,0.2595
0.225,0.24160549,0.016605496,0.016605496,0.35625
0.9,0.20938832,-0.69061166,0.69061166,0.3795
0.225,0.22086388,-0.0041361153,0.0041361153,0.2275
0.3125,0.28892764,-0.023572356,0.023572356,0.27283335
0.0,0.0029455498,0.0029455498,0.0029455498,0.25783333
0.23333333,0.24351472,0.010181382,0.010181382,0.237
0.6666667,0.4493369,-0.2173298,0.2173298,0.34125
0.45,0.3652547,-0.08474529,0.08474529,0.36575
0.41666666,0.30084,-0.11582667,0.11582667,0.24916667
0.0,0.0031748638,0.0031748638,0.0031748638,0.6333333
0.3,0.23062837,-0.06937164,0.06937164,0.20791666
0.225,0.22624677,0.0012467802,0.0012467802,0.19375
0.0,0.0025902614,0.0025902614,0.0025902614,0.324
0.41666666,0.31435916,-0.1023075,0.1023075,0.295
0.1,0.0058871284,-0.09411287,0.09411287,0.2705
0.0,0.0029532388,0.0029532388,0.0029532388,0.331
0.9,0.22057357,-0.67942643,0.67942643,0.28
0.225,0.21588832,-0.009111673,0.009111673,0.30758333
0.0,0.0025698915,0.0025698915,0.0025698915,0.23166667
0.725,0.6125457,-0.112454295,0.112454295,0.39641666
0.225,0.2524451,0.027445108,0.027445108,0.23775
0.625,0.554513,-0.07048702,0.07048702,0.362
0.0,0.0030300394,0.0030300394,0.0030300394,0.316
0.4,0.40333486,0.00333485,0.00333485,0.35975
0.23333333,0.22700468,-0.0063286573,0.0063286573,0.175
0.0,0.0025846437,0.0025846437,0.0025846437,0.39225
0.0,0.002953127,0.002953127,0.002953127,0.24825
0.96666664,0.6152456,-0.35142106,0.35142106,0.28166667
0.3,0.24769112,-0.052308887,0.052308887,0.49166667
0.0,0.0024013743,0.0024013743,0.0024013743,0.36
0.175,0.1930119,0.018011898,0.018011898,0.4715
0.175,0.21826097,0.043260977,0.043260977,0.5105
0.3125,0.28733298,-0.025167018,0.025167018,0.32908332
0.14,0.19369535,0.05369535,0.05369535,0.4155
1.125,0.935426,-0.189574,0.189574,0.15166667
0.3125,0.2987941,-0.013705909,0.013705909,0.31058332
0.0,0.002792254,0.002792254,0.002792254,0.09833334
0.675,0.47639444,-0.19860557,0.19860557,0.42525
0.225,0.23258486,0.00758487,0.00758487,0.33375
0.14,0.22238928,0.08238928,0.08238928,0.65425
0.45,0.3873692,-0.0626308,0.0626308,0.27775
0.175,0.21278724,0.037787244,0.037787244,0.20166667
0.175,0.19800949,0.023009494,0.023009494,0.3435
0.0,0.0029624254,0.0029624254,0.0029624254,0.42925
0.4,0.39050728,-0.009492725,0.009492725,0.15083334
0.175,0.20701134,0.032011345,0.032011345,0.225
0.18,0.21214333,0.032143325,0.032143325,0.38108334
0.0,0.0022266433,0.0022266433,0.0022266433,0.38375
0.45,0.38694817,-0.06305182,0.06305182,0.33233333
0.225,0.24820584,0.023205847,0.023205847,0.23
0.32,0.37200096,0.05200097,0.05200097,0.24375
0.35,0.2527906,-0.097209394,0.097209394,0.3465
0.0,0.0029717311,0.0029717311,0.0029717311,0.19125
0.0,0.0027588233,0.0027588233,0.0027588233,0.25791666
0.58,0.6275946,0.047594607,0.047594607,0.30833334
0.0,0.002678953,0.002678953,0.002678953,0.27591667
0.0,0.0030984506,0.0030984506,0.0030984506,0.1525
0.0,0.002780728,0.002780728,0.002780728,0.21375
0.18,0.23382866,0.053828657,0.053828657,0.41983333
0.225,0.21647158,-0.008528411,0.008528411,0.25041667
0.54,0.48300207,-0.056997955,0.056997955,0.36016667
0.6625,0.46126044,-0.20123959,0.20123959,0.3375
0.4,0.36381492,-0.036185086,0.036185086,0.40275
0.625,0.4577779,-0.16722211,0.16722211,0.33033332
0.35,0.21307021,-0.13692978,0.13692978,0.1125
0.65,0.6716857,0.02168572,0.02168572,0.42375
0.8,0.3746435,-0.4253565,0.4253565,0.28725
0.14,0.21998665,0.07998665,0.07998665,0.26191667
0.175,0.2063945,0.031394497,0.031394497,0.23416667
0.45,0.23458064,-0.21541935,0.21541935,0.33541667
0.4875,0.44791338,-0.039586633,0.039586633,0.19625
0.85,0.6389458,-0.2110542,0.2110542,0.3575
0.175,0.24124599,0.06624599,0.06624599,0.3005
0.0,0.0027776137,0.0027776137,0.0027776137,0.22125
0.5,0.43860886,-0.061391145,0.061391145,0.43325
0.23333333,0.22605112,-0.0072822124,0.0072822124,0.27
0.4,0.35606515,-0.043934852,0.043934852,0.31675
0.58,0.5014288,-0.0785712,0.0785712,0.34
0.85,0.7325916,-0.117408395,0.117408395,0.32675
0.0,0.00250943,0.00250943,0.00250943,0.33758333
0.225,0.212197,-0.012802988,0.012802988,0.35075
0.45,0.44860113,-0.0013988614,0.0013988614,0.27475
0.45,0.40076485,-0.049235135,0.049235135,0.25175
0.0,0.0028210357,0.0028210357,0.0028210357,0.19625
0.7,0.21324709,-0.4867529,0.4867529,0.17375
0.3,0.21927872,-0.08072129,0.08072129,0.21875
0.18,0.21475723,0.034757227,0.034757227,0.243
0.0,0.0033458099,0.0033458099,0.0033458099,0.1525
0.225,0.23777792,0.012777925,0.012777925,0.3575
1.25,0.2806063,-0.96939373,0.96939373,0.511
0.3,0.36602992,0.066029906,0.066029906,0.572
0.53333336,0.68714076,0.1538074,0.1538074,0.32891667
0.71,0.7165925,0.006592512,0.006592512,0.255
0.38333333,0.45746613,0.0741328,0.0741328,0.33275
0.76,0.8834981,0.12349808,0.12349808,0.2605
0.0,0.0024989918,0.0024989918,0.0024989918,0.35333332
0.32,0.40165243,0.08165243,0.08165243,0.129
0.20833333,0.24044701,0.032113686,0.032113686,0.3
0.0,0.00261461,0.00261461,0.00261461,0.25625
0.32,0.38477373,0.06477374,0.06477374,0.2365
0.71666664,0.49481595,-0.2218507,0.2218507,0.34975
0.0,0.0032357797,0.0032357797,0.0032357797,0.13233334
0.32,0.385448,0.065448016,0.065448016,0.234
0.68,0.6600957,-0.019904315,0.019904315,0.223
0.23333333,0.23610872,0.002775386,0.002775386,0.32416666
0.0,0.0023314208,0.0023314208,0.0023314208,0.40975
0.32,0.40652198,0.08652198,0.08652198,0.3495
0.9,0.25460887,-0.6453911,0.6453911,0.218
0.41666666,0.4609577,0.04429105,0.04429105,0.271
0.18,0.22631767,0.046317667,0.046317667,0.15375
0.14,0.20517457,0.065174565,0.065174565,0.36541668
0.75,0.91459274,0.16459274,0.16459274,0.36708334
0.0,0.0028354526,0.0028354526,0.0028354526,0.20316666
0.3125,0.24432066,-0.06817934,0.06817934,0.304
0.175,0.23521808,0.06021808,0.06021808,0.1325
0.0,0.0028063804,0.0028063804,0.0028063804,0.23516667
0.175,0.200569,0.025569007,0.025569007,0.456
0.0,0.0031117424,0.0031117424,0.0031117424,0.16
0.3125,0.3033239,-0.009176105,0.009176105,0.395
0.175,0.20033166,0.025331661,0.025331661,0.33
0.9,0.7307745,-0.16922545,0.16922545,0.23533334
0.0,0.0029102936,0.0029102936,0.0029102936,0.17
0.0,0.0028212517,0.0028212517,0.0028212517,0.232
0.0,0.0026282892,0.0026282892,0.0026282892,0.2325
0.0,0.0023060665,0.0023060665,0.0023060665,0.4117143
0.41666666,0.29827476,-0.1183919,0.1183919,0.27375
0.5375,0.43530118,-0.10219884,0.10219884,0.23683333
1.0,0.8329736,-0.1670264,0.1670264,0.35183334
0.175,0.1837481,0.008748099,0.008748099,0.52275
0.0,0.0022567064,0.0022567064,0.0022567064,0.38666666
0.4,0.35335606,-0.046643943,0.046643943,0.31825
0.0,0.002644308,0.002644308,0.002644308,0.17166667
0.0,0.0027941838,0.0027941838,0.0027941838,0.12666667
0.3,0.25236663,-0.04763338,0.04763338,0.31883332
0.0,0.002999656,0.002999656,0.002999656,0.14416666
0.5375,0.41966492,-0.117835104,0.117835104,0.32091665
0.4,0.3519426,-0.048057407,0.048057407,0.24425
0.3,0.21634829,-0.08365172,0.08365172,0.4625
0.0,0.0025580078,0.0025580078,0.0025580078,0.42
0.45,0.42752013,-0.022479862,0.022479862,0.3855
0.0,0.002948247,0.002948247,0.002948247,0.31025
0.225,0.25275314,0.027753145,0.027753145,0.34525
0.0,0.0027232692,0.0027232692,0.0027232692,0.2685
0.0,0.0027326122,0.0027326122,0.0027326122,0.26575
0.0,0.0028355643,0.0028355643,0.0028355643,0.213
0.23333333,0.21682227,-0.016511068,0.016511068,0.2225
0.0,0.0029693618,0.0029693618,0.0029693618,0.25825
0.0,0.0024412945,0.0024412945,0.0024412945,0.37675
0.23333333,0.20645109,-0.026882246,0.026882246,0.26333332
0.3,0.22957331,-0.0704267,0.0704267,0.37333333
0.0,0.002882816,0.002882816,0.002882816,0.1755
0.41666666,0.3196121,-0.09705457,0.09705457,0.14208333
0.625,0.5704472,-0.054552794,0.054552794,0.24625
0.0,0.0029752776,0.0029752776,0.0029752776,0.18766667
0.0,0.0024931803,0.0024931803,0.0024931803,0.29175
0.0,0.0027694702,0.0027694702,0.0027694702,0.22083333
0.4,0.37007746,-0.029922545,0.029922545,0.43925
0.175,0.19799972,0.022999719,0.022999719,0.40725
0.0,0.0026130602,0.0026130602,0.0026130602,0.30791667
0.0,0.0022977516,0.0022977516,0.0022977516,0.3395
0.0,0.002659671,0.002659671,0.002659671,0.26458332
0.3125,0.29434913,-0.018150866,0.018150866,0.3025
0.9,0.27303833,-0.62696165,0.62696165,0.15
0.175,0.2353971,0.060397103,0.060397103,0.3095
0.225,0.23063955,0.005639553,0.005639553,0.20758334
0.4,0.3734755,-0.026524514,0.026524514,0.26916668
0.225,0.23113689,0.006136894,0.006136894,0.45125
0.225,0.25325757,0.028257579,0.028257579,0.37825
0.95,0.7584808,-0.1915192,0.1915192,0.32675
0.225,0.25339437,0.028394371,0.028394371,0.262
0.0,0.0026018694,0.0026018694,0.0026018694,0.22333333
0.23333333,0.23651618,0.0031828433,0.0031828433,0.57416666
0.225,0.25194702,0.026947021,0.026947021,0.29325
1.175,0.9065802,-0.26841974,0.26841974,0.27375
0.3,0.21974409,-0.080255926,0.080255926,0.28291667
0.225,0.22763571,0.0026357174,0.0026357174,0.33866668
0.5,0.42126083,-0.078739166,0.078739166,0.26
0.0,0.002914071,0.002914071,0.002914071,0.185
0.0,0.002652876,0.002652876,0.002652876,0.30675
0.0,0.0028722659,0.0028722659,0.0028722659,0.1795
0.5,0.4050547,-0.09494531,0.09494531,0.44433334
0.8,0.56478286,-0.23521715,0.23521715,0.31566668
0.0,0.002863653,0.002863653,0.002863653,0.17925
2.0,0.42605263,-1.5739474,1.5739474,0.2535
0.625,0.5771391,-0.04786092,0.04786092,0.18583333
0.175,0.21164083,0.036640838,0.036640838,0.39233333
0.45,0.43831187,-0.011688113,0.011688113,0.344
0.4875,0.46778047,-0.019719541,0.019719541,0.288
0.0,0.002366893,0.002366893,0.002366893,0.28041667
0.0,0.0029797032,0.0029797032,0.0029797032,0.1905
0.225,0.22694656,0.0019465685,0.0019465685,0.40675
0.9875,0.9079866,-0.07951343,0.07951343,0.13766667
0.225,0.2173667,-0.0076332986,0.0076332986,0.42258334
0.0,0.003144659,0.003144659,0.003144659,0.15333334
0.0,0.0027779415,0.0027779415,0.0027779415,0.21508333
0.0,0.0026274845,0.0026274845,0.0026274845,0.32025
0.0,0.0032849982,0.0032849982,0.0032849982,0.574
0.225,0.23031175,0.0053117573,0.0053117573,0.38225
0.225,0.23042005,0.005420059,0.005420059,0.331
0.5,0.42817503,-0.07182497,0.07182497,0.23608333
0.0,0.0029729083,0.0029729083,0.0029729083,0.31
0.575,0.49053255,-0.08446744,0.08446744,0.42141667
0.0,0.0029608235,0.0029608235,0.0029608235,0.19475
0.225,0.233488,0.008487999,0.008487999,0.221
0.23333333,0.23442543,0.0010920912,0.0010920912,0.26125
0.23333333,0.21334133,-0.019992009,0.019992009,0.37225
0.6,0.44619706,-0.15380296,0.15380296,0.34725
0.0,0.0025882944,0.0025882944,0.0025882944,0.3095
0.5,0.40869397,-0.09130603,0.09130603,0.276
0.575,0.4441813,-0.1308187,0.1308187,0.26966667
0.45,0.40638572,-0.04361427,0.04361427,0.1305
0.0,0.0027719364,0.0027719364,0.0027719364,0.21583334
0.6666667,0.4745568,-0.19210988,0.19210988,0.275
0.0,0.0027068332,0.0027068332,0.0027068332,0.26683334
0.5375,0.41393653,-0.1235635,0.1235635,0.4155
0.225,0.251794,0.026794016,0.026794016,0.26416665
0.23333333,0.23108113,-0.0022522062,0.0022522062,0.26083332
0.0,0.0024622008,0.0024622008,0.0024622008,0.4925
0.5375,0.42477608,-0.11272395,0.11272395,0.3645
0.225,0.2387779,0.013777912,0.013777912,0.337
1.2625,1.0119246,-0.25057542,0.25057542,0.36741668
0.175,0.22815177,0.05315177,0.05315177,0.3185
0.0,0.0028636232,0.0028636232,0.0028636232,0.31891668
0.225,0.2174756,-0.007524401,0.007524401,0.27266666
0.45,0.23117077,-0.21882921,0.21882921,0.35625
0.5375,0.42097604,-0.11652398,0.11652398,0.42633334
0.4,0.3787734,-0.021226615,0.021226615,0.60075
0.175,0.19353795,0.018537953,0.018537953,0.32275
0.225,0.23666921,0.011669219,0.011669219,0.6128333
0.225,0.21677521,-0.008224785,0.008224785,0.361
0.0,0.0029234588,0.0029234588,0.0029234588,0.38925
0.0,0.0029772744,0.0029772744,0.0029772744,0.19083333
0.9,0.7219548,-0.17804515,0.17804515,0.2855
0.18,0.21351102,0.033511013,0.033511013,0.48508334
0.0,0.0028382465,0.0028382465,0.0028382465,0.21375
0.45,0.39994806,-0.050051928,0.050051928,0.6375
0.45,0.36982152,-0.08017847,0.08017847,0.35216665
0.53,0.5759318,0.045931816,0.045931816,0.46558332
0.225,0.24017423,0.01517424,0.01517424,0.40275
0.4875,0.4255441,-0.0619559,0.0619559,0.31975
0.3125,0.24806452,-0.06443548,0.06443548,0.26175
0.225,0.21873057,-0.006269425,0.006269425,0.1995
0.0,0.002603948,0.002603948,0.002603948,0.39
0.225,0.21801034,-0.006989658,0.006989658,0.2615
0.23333333,0.21692199,-0.01641135,0.01641135,0.21583334
0.32,0.413428,0.093428016,0.093428016,0.21375
0.0,0.00250002,0.00250002,0.00250002,0.32958335
0.35,0.20646137,-0.14353862,0.14353862,0.31833333
0.175,0.2188431,0.043843105,0.043843105,0.17
0.7,0.20736307,-0.49263692,0.49263692,0.4155
0.0,0.0028829053,0.0028829053,0.0028829053,0.18375
0.7625,0.6994767,-0.06302327,0.06302327,0.28625
0.45,0.43135414,-0.018645853,0.018645853,0.18766667
0.675,0.62189686,-0.05310315,0.05310315,0.22375
0.76666665,0.491902,-0.27476466,0.27476466,0.38966668
0.675,0.4979404,-0.17705962,0.17705962,0.22575
0.0,0.0031336322,0.0031336322,0.0031336322,0.3425
0.0,0.00305406,0.00305406,0.00305406,0.17375
0.0,0.0028223842,0.0028223842,0.0028223842,0.22666667
0.35,0.3543843,0.004384309,0.004384309,0.36633334
0.0,0.002681248,0.002681248,0.002681248,0.27591667
0.0,0.0026836172,0.0026836172,0.0026836172,0.28666666
0.0,0.003104411,0.003104411,0.003104411,0.1525
0.0,0.0024471954,0.0024471954,0.0024471954,0.37983334
0.0,0.0030835792,0.0030835792,0.0030835792,0.23291667
0.225,0.2166762,-0.008323789,0.008323789,0.38291666
0.7,0.23197344,-0.46802655,0.46802655,0.22633334
0.35,0.25182703,-0.09817296,0.09817296,0.355
0.0,0.002620712,0.002620712,0.002620712,0.28158334
0.41666666,0.25727624,-0.15939042,0.15939042,0.44275
0.0,0.0022801608,0.0022801608,0.0022801608,0.3375
0.4,0.42680556,0.02680555,0.02680555,0.30725
0.32,0.31990558,-9.441376e-05,9.441376e-05,0.35283333
0.35,0.21093038,-0.13906962,0.13906962,0.1475
0.4875,0.4695753,-0.017924726,0.017924726,0.2325
0.3125,0.31378052,0.0012805164,0.0012805164,0.48875
0.0,0.0026513264,0.0026513264,0.0026513264,0.31725
0.53333336,0.39648715,-0.13684621,0.13684621,0.23291667
0.0,0.0026521757,0.0026521757,0.0026521757,0.30791667
0.18,0.23213321,0.052133203,0.052133203,0.37775
0.225,0.20934272,-0.015657276,0.015657276,0.40525
0.0,0.0027151331,0.0027151331,0.0027151331,0.26
0.175,0.21275976,0.037759766,0.037759766,0.33833334
0.7,0.22067422,-0.47932577,0.47932577,0.25333333
0.45,0.25346878,-0.1965312,0.1965312,0.115
0.75,0.81553173,0.06553173,0.06553173,0.16466667
0.54,0.49380472,-0.0461953,0.0461953,0.2895
0.625,0.47942686,-0.14557314,0.14557314,0.35333332
0.4,0.3995669,-0.00043311715,0.00043311715,0.24425
0.4,0.39039636,-0.009603649,0.009603649,0.17775
0.3,0.21216884,-0.08783117,0.08783117,0.36666667
0.625,0.3050489,-0.3199511,0.3199511,0.2145
0.725,0.4849487,-0.24005133,0.24005133,0.26375
0.36,0.43210876,0.072108746,0.072108746,0.4117143
0.36,0.45973557,0.09973556,0.09973556,0.31541666
0.3,0.24627805,-0.053721964,0.053721964,0.36341667
0.28,0.30543113,0.025431126,0.025431126,0.42383334
0.225,0.2393947,0.0143947005,0.0143947005,0.37583333
0.0,0.0022637472,0.0022637472,0.0022637472,0.38666666
0.4,0.4136725,0.013672501,0.013672501,0.32225
0.0,0.0023094416,0.0023094416,0.0023094416,0.34883332
0.0,0.0028483346,0.0028483346,0.0028483346,0.21875
0.45,0.24919665,-0.20080334,0.20080334,0.25958332
0.06666667,0.005792804,-0.060873866,0.060873866,0.2855
0.45,0.4301535,-0.019846499,0.019846499,0.36775
0.4,0.3541174,-0.045882612,0.045882612,0.25
0.175,0.19752982,0.022529826,0.022529826,0.25783333
0.41666666,0.29338413,-0.12328252,0.12328252,0.40791667
0.225,0.20761946,-0.017380536,0.017380536,0.33825
0.225,0.23041132,0.005411327,0.005411327,0.3755
0.3125,0.28559843,-0.026901573,0.026901573,0.39366665
0.0,0.0024700388,0.0024700388,0.0024700388,0.29075
0.0,0.0027206764,0.0027206764,0.0027206764,0.274
0.0,0.002842322,0.002842322,0.002842322,0.27916667
0.225,0.2530909,0.028090894,0.028090894,0.38675
0.0,0.0025523528,0.0025523528,0.0025523528,0.32083333
0.23333333,0.23852396,0.005190626,0.005190626,0.5075
0.0,0.0023891553,0.0023891553,0.0023891553,0.28775
0.225,0.25066915,0.025669158,0.025669158,0.32875
0.225,0.22175077,-0.003249228,0.003249228,0.21916667
0.175,0.19804612,0.023046121,0.023046121,0.23
0.23333333,0.22888252,-0.004450813,0.004450813,0.47
0.45,0.38217238,-0.06782761,0.06782761,0.33008334
0.0,0.0027121082,0.0027121082,0.0027121082,0.299
0.5375,0.44470012,-0.0927999,0.0927999,0.276
0.225,0.22179437,-0.0032056272,0.0032056272,0.16625
0.0,0.0031092688,0.0031092688,0.0031092688,0.16108334
0.225,0.23540837,0.010408372,0.010408372,0.38891667
0.0,0.0024142042,0.0024142042,0.0024142042,0.36666667
0.0,0.003117539,0.003117539,0.003117539,0.41925
0.3,0.23282462,-0.06717539,0.06717539,0.37725
0.0,0.0030016974,0.0030016974,0.0030016974,0.18083334
0.4,0.35587513,-0.04412487,0.04412487,0.23658334
0.4875,0.39523688,-0.09226313,0.09226313,0.428
0.225,0.25836918,0.033369184,0.033369184,0.25516668
0.53333336,0.40100217,-0.13233119,0.13233119,0.24833333
0.225,0.22336102,-0.0016389787,0.0016389787,0.18666667
0.45,0.37856603,-0.07143396,0.07143396,0.454
0.225,0.21189764,-0.013102353,0.013102353,0.2595
0.4875,0.45899582,-0.028504193,0.028504193,0.35625
0.175,0.22841582,0.05341582,0.05341582,0.23416667
0.45,0.40506542,-0.04493457,0.04493457,0.28658333
0.0,0.0030838773,0.0030838773,0.0030838773,0.29583332
0.4,0.37784737,-0.022152632,0.022152632,0.2685
0.45,0.37258637,-0.07741362,0.07741362,0.4975
0.6625,0.46750715,-0.19499287,0.19499287,0.34233335
0.45,0.41858914,-0.031410843,0.031410843,0.13233334
0.0,0.0030156896,0.0030156896,0.0030156896,0.19375
0.0,0.002597168,0.002597168,0.002597168,0.26583335
0.6,0.39318845,-0.20681158,0.20681158,0.266
0.8125,0.6250348,-0.18746519,0.18746519,0.48666668
0.35,0.24064296,-0.10935703,0.10935703,0.48166665
0.225,0.22066188,-0.0043381155,0.0043381155,0.26375
0.3125,0.2638813,-0.048618704,0.048618704,0.1405
0.4,0.36915642,-0.030843586,0.030843586,0.30691665
0.14,0.20169964,0.061699644,0.061699644,0.36083335
0.58,0.51536167,-0.06463832,0.06463832,0.2945
0.5,0.48246115,-0.017538846,0.017538846,0.46841666
0.175,0.23246405,0.05746405,0.05746405,0.185
0.625,0.46528286,-0.15971714,0.15971714,0.3215
0.225,0.2635868,0.038586795,0.038586795,0.206
0.18,0.21516845,0.03516844,0.03516844,0.28758332
0.85,0.722526,-0.12747401,0.12747401,0.12416667
0.58,0.5278233,-0.052176654,0.052176654,0.43433332
0.175,0.19345179,0.018451795,0.018451795,0.354
0.0,0.0028654411,0.0028654411,0.0028654411,0.17925
0.0,0.0027292445,0.0027292445,0.0027292445,0.3535
0.0,0.0025682896,0.0025682896,0.0025682896,0.24833333
0.675,0.47805718,-0.19694284,0.19694284,0.3355
0.54,0.5268,-0.013200045,0.013200045,0.37175
0.4,0.39038616,-0.009613842,0.009613842,0.1905
0.225,0.22770256,0.002702564,0.002702564,0.36425
0.0,0.0029646307,0.0029646307,0.0029646307,0.405
0.45,0.45128107,0.0012810826,0.0012810826,0.17508334
0.5375,0.4584306,-0.079069436,0.079069436,0.38525
0.64,0.75874597,0.11874598,0.11874598,0.24075
0.175,0.19355601,0.018556014,0.018556014,0.40275
0.0,0.0027044043,0.0027044043,0.0027044043,0.16633333
0.0,0.0032264441,0.0032264441,0.0032264441,0.086666666
1.08,1.0676696,-0.012330413,0.012330413,0.3195
0.725,0.60416055,-0.12083948,0.12083948,0.3715
0.32,0.39609715,0.07609716,0.07609716,0.33675
0.4,0.40683782,0.006837815,0.006837815,0.28041667
0.18,0.25866812,0.07866812,0.07866812,0.1935
0.0,0.002757728,0.002757728,0.002757728,0.22541666
0.0,0.002547279,0.002547279,0.002547279,0.23641667
0.86,0.86946017,0.009460151,0.009460151,0.42175
0.0,0.003067799,0.003067799,0.003067799,0.35308334
0.175,0.24030176,0.06530176,0.06530176,0.35375
0.225,0.2186203,-0.0063796937,0.0063796937,0.34533334
0.0,0.0024774224,0.0024774224,0.0024774224,0.35366666
0.225,0.24595991,0.020959914,0.020959914,0.26683334
0.18,0.21071965,0.030719638,0.030719638,0.43925
0.0,0.0027285889,0.0027285889,0.0027285889,0.24666667
0.0,0.0026773438,0.0026773438,0.0026773438,0.26666668
0.7,0.22468787,-0.4753121,0.4753121,0.24858333
0.25,0.26569125,0.01569125,0.01569125,0.4925
0.58,0.50591093,-0.07408905,0.07408905,0.40025
0.0,0.0026023164,0.0026023164,0.0026023164,0.3175
0.32,0.30852577,-0.011474222,0.011474222,0.46566668
0.0,0.0027372018,0.0027372018,0.0027372018,0.246
0.5,0.46915117,-0.030848831,0.030848831,0.31891668
0.35,0.2788566,-0.07114339,0.07114339,0.25916666
0.0,0.0026575103,0.0026575103,0.0026575103,0.34125
0.0,0.003094785,0.003094785,0.003094785,0.44408333
0.45,0.4128381,-0.037161887,0.037161887,0.60075
0.3125,0.24245724,-0.07004276,0.07004276,0.29525
0.43,0.44790238,0.017902374,0.017902374,0.5995
0.39,0.39570555,0.005705565,0.005705565,0.3835
0.18,0.21854621,0.038546205,0.038546205,0.37175
0.0,0.002962634,0.002962634,0.002962634,0.2925
0.0,0.002531305,0.002531305,0.002531305,0.39425
0.35,0.28471342,-0.06528658,0.06528658,0.2295
0.0,0.0022674054,0.0022674054,0.0022674054,0.44333333
0.0,0.0029845312,0.0029845312,0.0029845312,0.32133332
0.975,0.46627614,-0.50872386,0.50872386,0.1275
0.23333333,0.20566595,-0.027667388,0.027667388,0.27566665
0.0,0.00267151,0.00267151,0.00267151,0.29975
0.5,0.42009503,-0.07990497,0.07990497,0.18875
0.8333333,0.58058816,-0.25274515,0.25274515,0.24625
0.225,0.24864724,0.023647249,0.023647249,0.34916666
0.0,0.0028708726,0.0028708726,0.0028708726,0.33183333
0.225,0.21211562,-0.012884378,0.012884378,0.39675
0.0,0.0024555176,0.0024555176,0.0024555176,0.38391668
0.41666666,0.31657848,-0.10008818,0.10008818,0.15333334
0.7,0.19594699,-0.504053,0.504053,0.27658334
0.3125,0.24624163,-0.06625837,0.06625837,0.41425
0.0,0.002616942,0.002616942,0.002616942,0.27766666
0.6666667,0.46650013,-0.20016655,0.20016655,0.30166668
0.4,0.36715746,-0.032842547,0.032842547,0.19516666
0.3125,0.30255884,-0.009941161,0.009941161,0.3
0.65,0.40812933,-0.24187064,0.24187064,0.351
0.0,0.0027523413,0.0027523413,0.0027523413,0.24458334
0.9,0.25262433,-0.64737564,0.64737564,0.33416668
0.57,0.48185325,-0.088146746,0.088146746,0.425
0.6666667,0.44733828,-0.2193284,0.2193284,0.21133333
0.0,0.002636768,0.002636768,0.002636768,0.29866666
0.0,0.002720572,0.002720572,0.002720572,0.27566665
0.7,0.22412091,-0.47587907,0.47587907,0.523
0.9,0.25626752,-0.6437324,0.6437324,0.22275
1.0166667,0.524794,-0.49187267,0.49187267,0.352
0.18,0.21679783,0.03679782,0.03679782,0.3225
0.0,0.002336599,0.002336599,0.002336599,0.34541667
0.28,0.26686177,-0.013138235,0.013138235,0.39541668
0.0,0.0022894293,0.0022894293,0.0022894293,0.42475
0.0,0.0026725382,0.0026725382,0.0026725382,0.29758334
1.1625,0.9434187,-0.21908134,0.21908134,0.252
0.36,0.44140953,0.081409514,0.081409514,0.28375
0.18,0.21994361,0.039943606,0.039943606,0.27875
0.14,0.1954113,0.055411294,0.055411294,0.3515
0.225,0.22521472,0.00021472573,0.00021472573,0.24258333
0.25,0.30074462,0.050744623,0.050744623,0.2515
0.5,0.40878877,-0.09121123,0.09121123,0.52575
0.79,0.8023122,0.012312174,0.012312174,0.415
0.225,0.21708107,-0.007918924,0.007918924,0.41308334
0.7,0.21739838,-0.4826016,0.4826016,0.6825
0.3125,0.24011397,-0.07238603,0.07238603,0.36716667
0.53,0.5636379,0.03363794,0.03363794,0.37125
0.0,0.0024923459,0.0024923459,0.0024923459,0.3685
0.0,0.0029858425,0.0029858425,0.0029858425,0.293
0.725,0.503966,-0.22103405,0.22103405,0.19
0.675,0.5431067,-0.13189334,0.13189334,0.35875
0.4,0.37293768,-0.027062327,0.027062327,0.32625
0.0,0.0030365512,0.0030365512,0.0030365512,0.234
0.225,0.23985353,0.014853537,0.014853537,0.19916667
0.0,0.0027549192,0.0027549192,0.0027549192,0.24716666
0.0,0.0028009042,0.0028009042,0.0028009042,0.21575
0.6,0.44317496,-0.15682507,0.15682507,0.26208332
0.0,0.0027457252,0.0027457252,0.0027457252,0.25666666
0.225,0.23829347,0.013293475,0.013293475,0.1875
0.0,0.002563268,0.002563268,0.002563268,0.4605
0.45,0.43735468,-0.012645304,0.012645304,0.33125
0.0,0.003043361,0.003043361,0.003043361,0.12375
0.45,0.42420724,-0.025792748,0.025792748,0.21016666
0.53333336,0.40907872,-0.124254644,0.124254644,0.215
0.5,0.44377384,-0.056226164,0.056226164,0.44833332
0.32,0.36016348,0.040163487,0.040163487,0.29325
0.68,0.6790968,-0.0009031892,0.0009031892,0.36633334
0.5,0.5539039,0.053903878,0.053903878,0.3265
0.625,0.46037865,-0.16462135,0.16462135,0.38041666
0.4,0.39462566,-0.005374342,0.005374342,0.38483334
1.04,1.0521642,0.012164235,0.012164235,0.33475
0.4875,0.47424573,-0.013254285,0.013254285,0.25916666
0.23333333,0.24099812,0.007664785,0.007664785,0.277
0.175,0.21066487,0.03566487,0.03566487,0.1375
0.57,0.6224672,0.052467227,0.052467227,0.24
0.0,0.0020989105,0.0020989105,0.0020989105,0.48
0.18,0.25379843,0.07379842,0.07379842,0.291
0.4,0.42818567,0.028185666,0.028185666,0.20758334
0.725,0.5969373,-0.12806273,0.12806273,0.45125
0.18,0.2506226,0.07062259,0.07062259,0.38175
0.71,0.79961306,0.08961308,0.08961308,0.262
0.18,0.23471007,0.05471006,0.05471006,0.32325
0.32,0.29695153,-0.02304846,0.02304846,0.3965
0.225,0.23624513,0.0112451315,0.0112451315,0.31083333
0.35,0.37142137,0.021421373,0.021421373,0.16
0.0,0.0028538331,0.0028538331,0.0028538331,0.21633333
0.3,0.22564313,-0.074356884,0.074356884,0.1575
0.39,0.40290043,0.012900442,0.012900442,0.3435
0.4,0.36258876,-0.037411243,0.037411243,0.41583332
0.0,0.0027299374,0.0027299374,0.0027299374,0.265
0.0,0.0032348558,0.0032348558,0.0032348558,0.1075
0.0,0.003070183,0.003070183,0.003070183,0.355
0.625,0.29768375,-0.32731625,0.32731625,0.262
0.42,0.4080973,-0.01190269,0.01190269,0.305
0.5375,0.48564675,-0.05185327,0.05185327,0.37521428
0.175,0.22562814,0.05062814,0.05062814,0.32341668
0.0,0.0024961233,0.0024961233,0.0024961233,0.34008333
0.18,0.22337326,0.043373257,0.043373257,0.43433332
0.18,0.239342,0.059341997,0.059341997,0.36833334
0.0,0.0024101362,0.0024101362,0.0024101362,0.30666667
0.53333336,0.34464175,-0.18869162,0.18869162,0.32225
0.0,0.0029787645,0.0029787645,0.0029787645,0.064166665
0.4,0.41051757,0.010517567,0.010517567,0.31883332
0.0,0.0031738803,0.0031738803,0.0031738803,0.14625
0.5,0.5450316,0.045031607,0.045031607,0.30458334
0.0,0.0026419163,0.0026419163,0.0026419163,0.29216668
0.675,0.5613527,-0.11364728,0.11364728,0.41275
0.175,0.23768854,0.062688544,0.062688544,0.19833334
0.0,0.0027060881,0.0027060881,0.0027060881,0.22833334
0.5375,0.458186,-0.07931402,0.07931402,0.39583334
0.83,0.81210524,-0.017894745,0.017894745,0.36075
0.0,0.0026346669,0.0026346669,0.0026346669,0.358
0.175,0.23324093,0.058240935,0.058240935,0.40241668
0.175,0.2066657,0.031665698,0.031665698,0.23791666
0.0,0.002827488,0.002827488,0.002827488,0.229
0.0,0.0028643236,0.0028643236,0.0028643236,0.25666666
0.0,0.0023434758,0.0023434758,0.0023434758,0.37325
0.6666667,0.48384428,-0.1828224,0.1828224,0.32083333
0.8333333,0.47172773,-0.36160558,0.36160558,0.24175
0.7625,0.7079551,-0.054544866,0.054544866,0.24775
0.0,0.0024872795,0.0024872795,0.0024872795,0.33725
0.175,0.2002312,0.025231197,0.025231197,0.21916667
0.32,0.4057737,0.08577371,0.08577371,0.2125
0.5,0.44819573,-0.051804274,0.051804274,0.2975
0.3125,0.2988553,-0.013644695,0.013644695,0.17375
0.14,0.2239809,0.0839809,0.0839809,0.27591667
0.36,0.38954753,0.029547513,0.029547513,0.19125
0.68,0.5992793,-0.08072072,0.08072072,0.39
0.54,0.50175285,-0.038247168,0.038247168,0.46191666
0.225,0.23607984,0.011079848,0.011079848,0.34083334
0.5,0.5444702,0.04447019,0.04447019,0.34725
0.14,0.19596693,0.05596693,0.05596693,0.27625
0.625,0.4807235,-0.1442765,0.1442765,0.23175
0.5375,0.43893623,-0.09856379,0.09856379,0.193
0.675,0.46600294,-0.20899707,0.20899707,0.31575
0.225,0.23985627,0.014856279,0.014856279,0.22958334
0.0,0.0024025515,0.0024025515,0.0024025515,0.3775
0.48333332,0.65829957,0.17496625,0.17496625,0.28625
0.0,0.002801776,0.002801776,0.002801776,0.25166667
0.5375,0.50705975,-0.03044027,0.03044027,0.22133334
0.3125,0.2401222,-0.0723778,0.0723778,0.293
0.0,0.0025883615,0.0025883615,0.0025883615,0.28466666
0.0,0.0029430538,0.0029430538,0.0029430538,0.2695
0.0,0.0026142523,0.0026142523,0.0026142523,0.285
0.45,0.38683158,-0.06316841,0.06316841,0.44591665
0.0,0.0027795509,0.0027795509,0.0027795509,0.24833333
0.5375,0.5349762,-0.0025238395,0.0025238395,0.2025
0.675,0.48236763,-0.19263238,0.19263238,0.384
0.45,0.26244256,-0.18755743,0.18755743,0.2285
0.98,1.018586,0.03858602,0.03858602,0.26058334
0.0,0.0027045682,0.0027045682,0.0027045682,0.28425
0.0,0.0028731301,0.0028731301,0.0028731301,0.20916666
0.4,0.3534439,-0.046556115,0.046556115,0.41233334
0.225,0.21035358,-0.014646411,0.014646411,0.3535
1.0,0.84163475,-0.15836525,0.15836525,0.331
0.175,0.19527975,0.02027975,0.02027975,0.368
0.5,0.43054277,-0.06945723,0.06945723,0.35983333
0.32,0.36852264,0.04852265,0.04852265,0.37575
0.0,0.0028056726,0.0028056726,0.0028056726,0.2305
0.0,0.002738908,0.002738908,0.002738908,0.36425
0.45,0.21748224,-0.23251775,0.23251775,0.3875
0.225,0.23527738,0.0102773905,0.0102773905,0.33525
0.4,0.41059235,0.010592341,0.010592341,0.30475
0.23333333,0.25378394,0.020450607,0.020450607,0.3425
0.64,0.6272742,-0.0127257705,0.0127257705,0.3525
0.57,0.54466724,-0.025332749,0.025332749,0.04
0.26666668,0.3569156,0.09024891,0.09024891,0.47375
0.46,0.50656956,0.046569556,0.046569556,0.3945
0.61,0.5197553,-0.09024471,0.09024471,0.215
0.95,0.7702804,-0.17971957,0.17971957,0.30208334
0.36,0.45380217,0.093802154,0.093802154,0.19275
0.68333334,0.8162471,0.13291377,0.13291377,0.21775
0.38333333,0.44431856,0.060985237,0.060985237,0.21775
0.53,0.6062908,0.076290846,0.076290846,0.3
0.32,0.39909267,0.07909268,0.07909268,0.30525
0.18,0.23117077,0.051170766,0.051170766,0.35625
0.58,0.61020625,0.030206263,0.030206263,0.30833334
0.175,0.23179021,0.056790218,0.056790218,0.46166667
0.18,0.28846437,0.10846436,0.10846436,0.07791667
0.18,0.23715332,0.057153314,0.057153314,0.503
0.98333335,1.147235,0.16390169,0.16390169,0.32775
0.4,0.39938825,-0.0006117523,0.0006117523,0.4815
0.675,0.46343303,-0.21156698,0.21156698,0.2645
0.0,0.002487816,0.002487816,0.002487816,0.355
0.54,0.5799513,0.039951265,0.039951265,0.31758332
0.4875,0.49416143,0.006661415,0.006661415,0.24366666
0.0,0.0031000301,0.0031000301,0.0031000301,0.161
0.0,0.0025042966,0.0025042966,0.0025042966,0.29083332
0.0,0.0031026378,0.0031026378,0.0031026378,0.29583332
0.3,0.2313393,-0.06866071,0.06866071,0.241
0.36,0.37725592,0.017255902,0.017255902,0.4525
0.225,0.21120018,-0.013799816,0.013799816,0.39458334
0.0,0.0030348524,0.0030348524,0.0030348524,0.17733334
0.0,0.0029933155,0.0029933155,0.0029933155,0.258
0.625,0.5597256,-0.06527442,0.06527442,0.325
0.225,0.22123587,-0.0037641227,0.0037641227,0.47416666
0.0,0.001949653,0.001949653,0.001949653,0.51666665
0.7,0.21598652,-0.48401347,0.48401347,0.2805
0.225,0.21889463,-0.0061053634,0.0061053634,0.28625
0.0,0.003105849,0.003105849,0.003105849,0.17175
0.0,0.0027434602,0.0027434602,0.0027434602,0.34691668
0.225,0.22318986,-0.0018101335,0.0018101335,0.34358335
0.225,0.2087909,-0.016209096,0.016209096,0.47525
0.5,0.4179858,-0.0820142,0.0820142,0.40475
0.0,0.0027195066,0.0027195066,0.0027195066,0.2835
0.0,0.0027451068,0.0027451068,0.0027451068,0.28608334
0.25,0.29808787,0.048087865,0.048087865,0.3525
0.35,0.36302245,0.013022453,0.013022453,0.36583334
0.64,0.5831839,-0.0568161,0.0568161,0.27
0.225,0.25668323,0.031683236,0.031683236,0.22625
0.8,0.64580435,-0.15419567,0.15419567,0.44691667
0.5875,0.4639839,-0.12351608,0.12351608,0.14975
0.06666667,0.005973965,-0.060692705,0.060692705,0.2255
0.175,0.23334265,0.05834265,0.05834265,0.28458333
0.39,0.42636663,0.03636664,0.03636664,0.32808334
0.0,0.0026623458,0.0026623458,0.0026623458,0.2815
0.94,0.9566555,0.016655505,0.016655505,0.2535
0.46,0.4438609,-0.01613912,0.01613912,0.29516667
0.14,0.20123795,0.061237946,0.061237946,0.153
0.5375,0.50171226,-0.03578776,0.03578776,0.19333333
0.5,0.47079873,-0.02920127,0.02920127,0.34166667
0.72,0.7511406,0.031140566,0.031140566,0.32308334
0.0,0.002895996,0.002895996,0.002895996,0.18066667
0.0,0.0030128881,0.0030128881,0.0030128881,0.27825
0.18,0.23072913,0.050729126,0.050729126,0.29625
0.0,0.0028538182,0.0028538182,0.0028538182,0.21766667
0.175,0.20067018,0.025670186,0.025670186,0.4415
0.625,0.26349878,-0.36150122,0.36150122,0.107
0.45,0.23777235,-0.21222764,0.21222764,0.42625
0.36,0.40209055,0.042090535,0.042090535,0.3345
0.0,0.0024863482,0.0024863482,0.0024863482,0.343
0.0,0.0029228106,0.0029228106,0.0029228106,0.30733332
0.43,0.44812146,0.018121451,0.018121451,0.23275
0.18,0.23460236,0.054602355,0.054602355,0.30125
0.9,0.46677542,-0.43322456,0.43322456,0.1425
1.25,0.25091362,-0.9990864,0.9990864,0.24458334
0.0,0.0033368394,0.0033368394,0.0033368394,0.48725
0.8,0.68183064,-0.11816937,0.11816937,0.378
0.3,0.2635106,-0.036489397,0.036489397,0.13916667
0.0,0.0026518777,0.0026518777,0.0026518777,0.17166667
0.0,0.0032177866,0.0032177866,0.0032177866,0.093333334
0.3,0.25166896,-0.048331052,0.048331052,0.25
0.0,0.0023299977,0.0023299977,0.0023299977,0.44325
0.8125,0.6877178,-0.124782205,0.124782205,0.21258333
0.0,0.0028757378,0.0028757378,0.0028757378,0.35675
0.39,0.39184982,0.0018498302,0.0018498302,0.4925
0.0,0.0025659278,0.0025659278,0.0025659278,0.41175
2.0,0.48596746,-1.5140326,1.5140326,0.27758333
0.4,0.4455387,0.045538694,0.045538694,0.4125
0.625,0.564087,-0.060913026,0.060913026,0.33775
0.725,0.6571611,-0.06783891,0.06783891,0.2685
0.225,0.21831414,-0.006685853,0.006685853,0.24075
1.0,0.47771704,-0.52228296,0.52228296,0.15625
0.0,0.0027314126,0.0027314126,0.0027314126,0.28666666
0.53333336,0.38280368,-0.15052968,0.15052968,0.24375
0.0,0.0030104592,0.0030104592,0.0030104592,0.24875
0.175,0.19508046,0.020080462,0.020080462,0.20725
0.8125,0.73958087,-0.07291913,0.07291913,0.26925
0.0,0.0025446638,0.0025446638,0.0025446638,0.34
0.7,0.25838917,-0.4416108,0.4416108,0.09833334
0.675,0.4722005,-0.2027995,0.2027995,0.40275
0.0,0.0027661622,0.0027661622,0.0027661622,0.3995
0.175,0.1999098,0.02490981,0.02490981,0.2875
0.6,0.44963196,-0.15036806,0.15036806,0.15625
0.625,0.504736,-0.120263994,0.120263994,0.3015
0.0,0.0023174137,0.0023174137,0.0023174137,0.4215
0.0,0.0026173368,0.0026173368,0.0026173368,0.30625
0.3,0.2626918,-0.037308216,0.037308216,0.20208333
0.0,0.0028061494,0.0028061494,0.0028061494,0.2425
0.225,0.2134502,-0.011549801,0.011549801,0.46775
0.0,0.0031455532,0.0031455532,0.0031455532,0.15333334
0.0,0.003035225,0.003035225,0.003035225,0.28558335
0.4,0.4193905,0.019390494,0.019390494,0.37125
0.4875,0.39954713,-0.08795288,0.08795288,0.36783335
0.6666667,0.51017153,-0.15649515,0.15649515,0.21933334
0.225,0.21104771,-0.013952285,0.013952285,0.41725
0.3,0.25161937,-0.048380643,0.048380643,0.24666667
0.175,0.22378826,0.048788264,0.048788264,0.26483333
0.0,0.0024962276,0.0024962276,0.0024962276,0.45
1.0,0.8097385,-0.19026148,0.19026148,0.45825
0.4,0.3959691,-0.004030913,0.004030913,0.2225
0.36666667,0.22747639,-0.13919029,0.13919029,0.43016666
0.0,0.0028964132,0.0028964132,0.0028964132,0.30641666
0.0,0.0030000955,0.0030000955,0.0030000955,0.2525
0.3,0.2310113,-0.06898871,0.06898871,0.34125
0.0,0.0030785277,0.0030785277,0.0030785277,0.3265
0.5,0.42924905,-0.07075095,0.07075095,0.6425
0.0,0.0029692352,0.0029692352,0.0029692352,0.3225
0.0,0.0029220954,0.0029220954,0.0029220954,0.341
0.0,0.0029797181,0.0029797181,0.0029797181,0.19083333
0.7625,0.53190076,-0.23059922,0.23059922,0.2925
0.5375,0.44788885,-0.08961117,0.08961117,0.35425
0.5,0.45628327,-0.04371673,0.04371673,0.2645
0.89,0.90400285,0.01400286,0.01400286,0.29133335
0.5,0.48890334,-0.011096656,0.011096656,0.28175
0.225,0.2184099,-0.006590098,0.006590098,0.23875
0.18,0.23564836,0.055648357,0.055648357,0.37541667
0.0,0.0024059862,0.0024059862,0.0024059862,0.37166667
0.32,0.31043783,-0.009562165,0.009562165,0.40175
0.45,0.40054464,-0.049455345,0.049455345,0.34391665
0.54,0.5671629,0.02716285,0.02716285,0.38225
0.175,0.22356999,0.048569992,0.048569992,0.195
0.36,0.3859774,0.025977373,0.025977373,0.30658334
0.72,0.6837296,-0.03627044,0.03627044,0.4205
0.3125,0.28943485,-0.02306515,0.02306515,0.36833334
0.4,0.42034286,0.020342857,0.020342857,0.21433334
0.5375,0.5001387,-0.037361324,0.037361324,0.29925
0.79,0.8017808,0.011780798,0.011780798,0.416
0.5375,0.5238962,-0.0136038065,0.0136038065,0.24458334
0.3,0.23522165,-0.06477836,0.06477836,0.2285
0.0,0.00324893,0.00324893,0.00324893,0.43325
0.0,0.0027548745,0.0027548745,0.0027548745,0.2605
0.575,0.5311604,-0.043839574,0.043839574,0.28366667
0.175,0.21269199,0.037691996,0.037691996,0.25816667
0.0,0.003121473,0.003121473,0.003121473,0.42166665
0.0,0.00295797,0.00295797,0.00295797,0.318
0.36,0.37586057,0.015860558,0.015860558,0.39675
0.0,0.00270921,0.00270921,0.00270921,0.27425
0.6625,0.4643177,-0.19818231,0.19818231,0.34575
0.0,0.0029278547,0.0029278547,0.0029278547,0.29675
0.14,0.19425315,0.054253146,0.054253146,0.3085
0.0,0.0029282346,0.0029282346,0.0029282346,0.22008333
0.175,0.21645123,0.04145123,0.04145123,0.2625
0.0,0.002723597,0.002723597,0.002723597,0.48575
0.14,0.20087677,0.06087677,0.06087677,0.422
0.0,0.003460355,0.003460355,0.003460355,0.1075
0.0,0.0029385462,0.0029385462,0.0029385462,0.36758333
0.0,0.0029072613,0.0029072613,0.0029072613,0.19125
0.225,0.20846033,-0.016539663,0.016539663,0.38441667
0.72,0.7147299,-0.0052701235,0.0052701235,0.46983334
0.0,0.0025522932,0.0025522932,0.0025522932,0.346
1.0,0.79466057,-0.20533943,0.20533943,0.2705
0.53,0.46722892,-0.06277105,0.06277105,0.2625
0.0,0.0026514307,0.0026514307,0.0026514307,0.37625
0.0,0.0025804862,0.0025804862,0.0025804862,0.335
0.4,0.354504,-0.045496017,0.045496017,0.18
0.0,0.0030147955,0.0030147955,0.0030147955,0.18166667
0.9,0.25366765,-0.6463323,0.6463323,0.21575
0.0,0.0030094981,0.0030094981,0.0030094981,0.18375
0.75,0.74110985,-0.008890152,0.008890152,0.29958335
0.225,0.22977522,0.004775226,0.004775226,0.23333333
0.0,0.0029780269,0.0029780269,0.0029780269,0.153
0.0,0.002594687,0.002594687,0.002594687,0.4175
0.0,0.0023503676,0.0023503676,0.0023503676,0.37625
0.0,0.0030523986,0.0030523986,0.0030523986,0.12375
0.9,0.23951924,-0.66048074,0.66048074,0.25516668
0.9,0.25498098,-0.645019,0.645019,0.26833335
0.225,0.23526165,0.010261655,0.010261655,0.2875
0.45,0.36177582,-0.08822417,0.08822417,0.4285
0.0,0.0028242022,0.0028242022,0.0028242022,0.21833333
0.0,0.0026969537,0.0026969537,0.0026969537,0.28833333
0.0,0.0029137507,0.0029137507,0.0029137507,0.195
0.8,0.4157077,-0.3842923,0.3842923,0.12666667
0.175,0.22001085,0.04501085,0.04501085,0.21633333
0.0,0.0032855868,0.0032855868,0.0032855868,0.12
0.35,0.1989418,-0.1510582,0.1510582,0.35916665
0.0,0.0026918575,0.0026918575,0.0026918575,0.4325
0.0,0.0027770773,0.0027770773,0.0027770773,0.2475
0.45,0.44698954,-0.0030104518,0.0030104518,0.25425
0.0,0.003091231,0.003091231,0.003091231,0.355
0.32,0.37611955,0.05611956,0.05611956,0.3065
0.4875,0.38229415,-0.10520586,0.10520586,0.347
0.36,0.43237567,0.072375655,0.072375655,0.39825
0.42,0.4942504,0.0742504,0.0742504,0.31841666
0.23333333,0.22728154,-0.0060517937,0.0060517937,0.31508332
0.4,0.41407847,0.014078468,0.014078468,0.3865
0.45,0.24413511,-0.20586488,0.20586488,0.25966668
0.45,0.25377047,-0.19622952,0.19622952,0.23666666
0.3125,0.2994405,-0.013059497,0.013059497,0.29133335
0.32,0.4158463,0.095846295,0.095846295,0.33208334
0.0,0.002701871,0.002701871,0.002701871,0.26966667
0.225,0.24731511,0.022315115,0.022315115,0.43525
0.675,0.483009,-0.191991,0.191991,0.2325
0.0,0.0027725175,0.0027725175,0.0027725175,0.20583333
0.5375,0.45777202,-0.07972801,0.07972801,0.39258334
0.225,0.20564198,-0.01935801,0.01935801,0.4125
0.0,0.002492033,0.002492033,0.002492033,0.32325
0.175,0.20496455,0.029964551,0.029964551,0.25541666
0.175,0.24035841,0.065358415,0.065358415,0.29075
0.45,0.42488766,-0.02511233,0.02511233,0.131
0.0,0.0024215505,0.0024215505,0.0024215505,0.32825
0.53333336,0.40169573,-0.13163763,0.13163763,0.3575
0.6,0.39241898,-0.20758104,0.20758104,0.30258334
0.7,0.23809502,-0.46190497,0.46190497,0.52416664
0.23333333,0.24107704,0.0077437013,0.0077437013,0.3095
0.0,0.0025783405,0.0025783405,0.0025783405,0.22525
0.0,0.0025472343,0.0025472343,0.0025472343,0.31475
0.0,0.0029998198,0.0029998198,0.0029998198,0.23666666
0.61,0.5741215,-0.03587854,0.03587854,0.29525
0.6666667,0.4370434,-0.22962329,0.22962329,0.22666667
0.0,0.0026204884,0.0026204884,0.0026204884,0.314
0.14,0.19311461,0.053114608,0.053114608,0.44291666
0.45,0.44519323,-0.004806757,0.004806757,0.23383333
0.18,0.21127495,0.031274945,0.031274945,0.35233334
0.0,0.0029711649,0.0029711649,0.0029711649,0.39375
0.225,0.24297652,0.017976522,0.017976522,0.27666667
0.0,0.0023810044,0.0023810044,0.0023810044,0.30033332
0.0,0.0031339005,0.0031339005,0.0031339005,0.155
0.4875,0.4741801,-0.01331991,0.01331991,0.297
0.4,0.45717162,0.057171613,0.057171613,0.48
0.95,0.81945306,-0.13054693,0.13054693,0.28125
0.36,0.4523462,0.09234619,0.09234619,0.309
0.175,0.20759454,0.032594547,0.032594547,0.21633333
0.5375,0.45284978,-0.08465025,0.08465025,0.4475
0.4,0.4089918,0.008991808,0.008991808,0.39975
0.225,0.2522567,0.027256697,0.027256697,0.3105
0.3,0.23591244,-0.06408757,0.06408757,0.27666667
1.125,0.887099,-0.23790097,0.23790097,0.285
0.5375,0.45379636,-0.08370367,0.08370367,0.175
0.0,0.0027204528,0.0027204528,0.0027204528,0.26241666
0.225,0.21551144,-0.009488553,0.009488553,0.22725
0.45,0.35686892,-0.093131065,0.093131065,0.458
0.0,0.0029177815,0.0029177815,0.0029177815,0.49341667
0.35,0.21357197,-0.13642803,0.13642803,0.36333334
0.45,0.25155285,-0.19844714,0.19844714,0.275
0.0,0.0030723885,0.0030723885,0.0030723885,0.165
0.3125,0.3018719,-0.010628104,0.010628104,0.36725
0.4,0.34135613,-0.058643878,0.058643878,0.29025
0.35,0.3263699,-0.023630083,0.023630083,0.27175
0.225,0.22628915,0.0012891591,0.0012891591,0.24675
0.0,0.0031345338,0.0031345338,0.0031345338,0.34325
0.175,0.23401079,0.05901079,0.05901079,0.25875
0.175,0.21353823,0.038538232,0.038538232,0.25208333
0.36666667,0.27606764,-0.09059903,0.09059903,0.3275
0.4,0.44495556,0.04495555,0.04495555,0.31208333
0.3,0.25597396,-0.044026047,0.044026047,0.27508333
0.4,0.31532592,-0.08467409,0.08467409,0.27425
0.65,0.4709725,-0.17902747,0.17902747,0.23375
0.4,0.41727063,0.017270625,0.017270625,0.32308334
0.225,0.2543287,0.029328704,0.029328704,0.2425
0.0,0.0029010251,0.0029010251,0.0029010251,0.18066667
0.0,0.0030351505,0.0030351505,0.0030351505,0.25575
0.95,0.8174108,-0.13258916,0.13258916,0.24175
0.0,0.0027991608,0.0027991608,0.0027991608,0.3965
0.3125,0.2672799,-0.045220107,0.045220107,0.1695
0.4,0.38673174,-0.013268262,0.013268262,0.42125
0.225,0.23526233,0.01026234,0.01026234,0.3355
0.225,0.24990427,0.02490428,0.02490428,0.2805
0.0,0.0029435232,0.0029435232,0.0029435232,0.26733333
0.4,0.39994693,-5.3077936e-05,5.3077936e-05,0.2775
0.225,0.23523724,0.010237247,0.010237247,0.2445
0.175,0.24373779,0.06873779,0.06873779,0.2325
0.4,0.33343706,-0.06656295,0.06656295,0.36958334
0.36,0.36255023,0.0025502145,0.0025502145,0.39225
0.225,0.25316662,0.028166622,0.028166622,0.378
0.45,0.2840066,-0.16599339,0.16599339,0.093333334
0.3125,0.23893535,-0.07356465,0.07356465,0.32083333
0.225,0.21861872,-0.0063812733,0.0063812733,0.3485
0.0,0.0033877864,0.0033877864,0.0033877864,0.097
0.23333333,0.19853857,-0.034794763,0.034794763,0.44666666
0.0,0.0030949041,0.0030949041,0.0030949041,0.24475
0.3,0.21764612,-0.08235389,0.08235389,0.37458333
0.5,0.41097224,-0.08902776,0.08902776,0.24708334
0.225,0.22013351,-0.004866481,0.004866481,0.21308333
0.225,0.24240705,0.01740706,0.01740706,0.3055
0.0,0.0024893507,0.0024893507,0.0024893507,0.32325
0.3,0.22997138,-0.07002863,0.07002863,0.37425
0.0,0.002688393,0.002688393,0.002688393,0.36633334
0.0,0.002510719,0.002510719,0.002510719,0.33708334
0.0,0.0022994876,0.0022994876,0.0022994876,0.42916667
0.3,0.25282344,-0.04717657,0.04717657,0.33
0.3125,0.29383603,-0.018663973,0.018663973,0.481
0.0,0.0022800863,0.0022800863,0.0022800863,0.42
0.4,0.36419106,-0.03580895,0.03580895,0.40358335
0.8125,0.6907871,-0.12171292,0.12171292,0.636
0.18,0.20780331,0.027803302,0.027803302,0.48025
0.18,0.22807854,0.048078537,0.048078537,0.43675
0.9,0.23004109,-0.6699589,0.6699589,0.2435
0.14,0.20611614,0.06611614,0.06611614,0.24608333
0.225,0.24820471,0.023204714,0.023204714,0.3325
0.45,0.4383133,-0.011686683,0.011686683,0.545
0.53,0.5442938,0.0142938495,0.0142938495,0.45941666
0.35,0.34654218,-0.0034578145,0.0034578145,0.2085
0.36,0.40610272,0.046102703,0.046102703,0.21466666
0.45,0.43263432,-0.017365664,0.017365664,0.2925
0.0,0.002741307,0.002741307,0.002741307,0.26833335
0.36,0.44115284,0.08115283,0.08115283,0.36725
0.4,0.40443632,0.004436314,0.004436314,0.2455
0.225,0.21038172,-0.014618278,0.014618278,0.31625
0.94,0.9654733,0.025473297,0.025473297,0.31316668
0.225,0.22086743,-0.004132569,0.004132569,0.1445
0.0,0.002754964,0.002754964,0.002754964,0.22375
0.3125,0.2898284,-0.02267161,0.02267161,0.39166668
0.175,0.19504347,0.020043477,0.020043477,0.4605
0.0,0.0031402484,0.0031402484,0.0031402484,0.314
0.0,0.0026637986,0.0026637986,0.0026637986,0.25825
0.225,0.23587152,0.01087153,0.01087153,0.29075
0.225,0.24414402,0.019144028,0.019144028,0.161
0.175,0.18820864,0.013208643,0.013208643,0.29583332
1.0833334,0.6813539,-0.40197945,0.40197945,0.257
0.4,0.33759195,-0.06240806,0.06240806,0.4635
0.3,0.21017975,-0.089820266,0.089820266,0.41708332
0.675,0.4989934,-0.17600662,0.17600662,0.14875
0.175,0.19553895,0.020538956,0.020538956,0.258
0.0,0.0023355037,0.0023355037,0.0023355037,0.3875
0.0,0.002777949,0.002777949,0.002777949,0.45666668
0.0,0.0025315583,0.0025315583,0.0025315583,0.3505
0.225,0.22054014,-0.004459858,0.004459858,0.23625
0.0,0.0031205267,0.0031205267,0.0031205267,0.17175
0.0,0.00278496,0.00278496,0.00278496,0.28691667
0.4,0.35480547,-0.045194536,0.045194536,0.33108333
0.0,0.002619706,0.002619706,0.002619706,0.30083334
0.225,0.26144913,0.036449134,0.036449134,0.16833334
0.26666668,0.30934587,0.04267919,0.04267919,0.43825
0.0,0.002715379,0.002715379,0.002715379,0.16633333
0.23333333,0.25682157,0.023488238,0.023488238,0.06333333
0.26666668,0.3668902,0.10022351,0.10022351,0.3595
0.0,0.0028845593,0.0028845593,0.0028845593,0.275
0.36666667,0.2755363,-0.091130376,0.091130376,0.21625
0.7,0.21084568,-0.4891543,0.4891543,0.21916667
0.23333333,0.34219295,0.10885961,0.10885961,0.332
0.45,0.4340719,-0.01592809,0.01592809,0.3675
0.0,0.0023633167,0.0023633167,0.0023633167,0.29041666
0.26666668,0.41188592,0.14521924,0.14521924,0.1765
0.18,0.25667804,0.07667804,0.07667804,0.23208334
0.23333333,0.20478663,-0.028546706,0.028546706,0.2425
0.7,0.24326813,-0.45673186,0.45673186,0.23641667
0.0,0.0028398037,0.0028398037,0.0028398037,0.1625
0.4,0.4010254,0.0010254085,0.0010254085,0.43225
0.0,0.0032454804,0.0032454804,0.0032454804,0.13
0.45,0.21125436,-0.23874563,0.23874563,0.28558335
0.0,0.0021992102,0.0021992102,0.0021992102,0.41125
0.26666668,0.3392011,0.07253441,0.07253441,0.39408332
0.96666664,0.6495969,-0.3170697,0.3170697,0.28
0.175,0.21172959,0.03672959,0.03672959,0.42575
0.0,0.0029072836,0.0029072836,0.0029072836,0.31175
0.0,0.0030348673,0.0030348673,0.0030348673,0.4595
0.225,0.23061526,0.005615264,0.005615264,0.36675
0.225,0.23324811,0.008248121,0.008248121,0.4525
0.0,0.0026802942,0.0026802942,0.0026802942,0.25833333
0.0,0.0022957847,0.0022957847,0.0022957847,0.40025
0.5375,0.49126637,-0.046233654,0.046233654,0.296
0.0,0.002816908,0.002816908,0.002816908,0.23375
0.0,0.0030325726,0.0030325726,0.0030325726,0.24075
0.4,0.4311945,0.031194508,0.031194508,0.43775
0.625,0.5417671,-0.08323288,0.08323288,0.2525
0.41666666,0.29220292,-0.12446374,0.12446374,0.25625
0.625,0.55176914,-0.07323086,0.07323086,0.35425
0.0,0.002726443,0.002726443,0.002726443,0.29708335
0.0,0.0031725392,0.0031725392,0.0031725392,0.19541667
0.225,0.21425149,-0.010748506,0.010748506,0.22475
0.0,0.0024593696,0.0024593696,0.0024593696,0.3105
0.225,0.23889211,0.013892114,0.013892114,0.3175
0.45,0.39787388,-0.05212611,0.05212611,0.24616666
0.0,0.0026437938,0.0026437938,0.0026437938,0.42466667
0.7,0.2233147,-0.4766853,0.4766853,0.20333333
0.3,0.2480149,-0.051985115,0.051985115,0.25625
0.625,0.461523,-0.163477,0.163477,0.37525
0.0,0.0026711822,0.0026711822,0.0026711822,0.2555
0.0,0.003053613,0.003053613,0.003053613,0.35858333
0.45,0.23809424,-0.21190575,0.21190575,0.23925
0.35,0.22405866,-0.12594134,0.12594134,0.18416667
0.8,0.6009503,-0.19904971,0.19904971,0.4015
0.0,0.0031197593,0.0031197593,0.0031197593,0.361
0.32,0.35965276,0.039652765,0.039652765,0.431
0.06666667,0.0058434755,-0.060823195,0.060823195,0.18166667
0.0,0.0030661076,0.0030661076,0.0030661076,0.3855
0.18,0.23255038,0.052550375,0.052550375,0.36816666
0.4,0.3661396,-0.033860415,0.033860415,0.39025
0.4875,0.4087112,-0.07878882,0.07878882,0.33925
0.0,0.003000617,0.003000617,0.003000617,0.4005
0.95,0.8229302,-0.12706977,0.12706977,0.19675
0.225,0.23360392,0.0086039305,0.0086039305,0.35775
0.0,0.002288483,0.002288483,0.002288483,0.34475
0.3,0.22024477,-0.07975525,0.07975525,0.452
0.225,0.24794844,0.022948444,0.022948444,0.25833333
0.0,0.0029452369,0.0029452369,0.0029452369,0.195
0.625,0.44638842,-0.17861158,0.17861158,0.41575
0.0,0.0028019696,0.0028019696,0.0028019696,0.23716667
0.0,0.0029828995,0.0029828995,0.0029828995,0.15875
0.225,0.24275702,0.017757028,0.017757028,0.28116667
0.14,0.19343168,0.053431675,0.053431675,0.38966668
0.18,0.21307382,0.033073813,0.033073813,0.37475
0.575,0.460145,-0.11485499,0.11485499,0.2205
0.175,0.19164398,0.016643986,0.016643986,0.377
0.0,0.0027272776,0.0027272776,0.0027272776,0.25975
0.675,0.48542598,-0.18957403,0.18957403,0.27425
0.525,0.4171032,-0.107896775,0.107896775,0.3045
0.45,0.22580466,-0.22419533,0.22419533,0.18883333
0.0,0.0028017685,0.0028017685,0.0028017685,0.24
0.6666667,0.40745947,-0.25920722,0.25920722,0.46775
0.18,0.2234725,0.0434725,0.0434725,0.382
0.3,0.21620426,-0.083795756,0.083795756,0.1075
0.0,0.0029384121,0.0029384121,0.0029384121,0.33758333
0.3125,0.28464392,-0.027856082,0.027856082,0.7225
0.0,0.0028611645,0.0028611645,0.0028611645,0.18166667
0.14,0.1898545,0.049854502,0.049854502,0.38441667
0.28,0.34932578,0.069325775,0.069325775,0.5018333
0.0,0.002350606,0.002350606,0.002350606,0.40675
0.39,0.43007028,0.040070295,0.040070295,0.256
0.18,0.21219304,0.032193035,0.032193035,0.353
0.6,0.37842822,-0.2215718,0.2215718,0.3155
0.225,0.23033124,0.005331248,0.005331248,0.35375
0.61,0.5262912,-0.08370882,0.08370882,0.1975
0.0,0.0030161068,0.0030161068,0.0030161068,0.18166667
0.4,0.42123273,0.021232724,0.021232724,0.28825
0.175,0.23083371,0.055833712,0.055833712,0.32583332
0.4,0.38794982,-0.012050182,0.012050182,0.21083333
0.4,0.42705113,0.027051121,0.027051121,0.153
0.0,0.0029917061,0.0029917061,0.0029917061,0.1875
0.9,0.23104116,-0.6689588,0.6689588,0.3475
0.0,0.003028579,0.003028579,0.003028579,0.15375
0.0,0.0024201274,0.0024201274,0.0024201274,0.33625
1.2666667,0.77348423,-0.49318242,0.49318242,0.34083334
0.14,0.21643856,0.07643856,0.07643856,0.14625
0.4875,0.3947957,-0.092704326,0.092704326,0.4555
0.36,0.43197274,0.07197273,0.07197273,0.404
0.225,0.2086775,-0.016322494,0.016322494,0.269
0.4875,0.45285362,-0.034646392,0.034646392,0.355
0.65,0.61496013,-0.035039842,0.035039842,0.282
0.4,0.4283359,0.0283359,0.0283359,0.31325
0.46666667,0.2993506,-0.16731608,0.16731608,0.20783333
0.525,0.45203048,-0.072969496,0.072969496,0.44633332
0.54,0.4597168,-0.080283225,0.080283225,0.39
0.7,0.24212512,-0.45787486,0.45787486,0.2675
0.18,0.21417892,0.034178913,0.034178913,0.4285
0.9,0.39971846,-0.5002815,0.5002815,0.27291667
0.0,0.0029828623,0.0029828623,0.0029828623,0.21625
0.0,0.0027713925,0.0027713925,0.0027713925,0.20333333
0.72,0.77188885,0.051888824,0.051888824,0.1585
0.45,0.38416553,-0.06583446,0.06583446,0.42541668
0.0,0.0021156445,0.0021156445,0.0021156445,0.42666668
0.4,0.35690138,-0.04309863,0.04309863,0.22875
0.675,0.56659824,-0.108401775,0.108401775,0.37083334
0.45,0.3810016,-0.0689984,0.0689984,0.3145
0.675,0.569467,-0.105533004,0.105533004,0.39333335
0.175,0.1938352,0.018835202,0.018835202,0.38033333
0.0,0.0027496815,0.0027496815,0.0027496815,0.2765
0.43,0.4413745,0.011374503,0.011374503,0.33175
0.0,0.0031002834,0.0031002834,0.0031002834,0.21625
0.9,0.23703572,-0.6629642,0.6629642,0.16108334
0.23333333,0.21571895,-0.01761438,0.01761438,0.33591667
0.0,0.0023634136,0.0023634136,0.0023634136,0.29833335
0.175,0.19935179,0.02435179,0.02435179,0.33183333
0.4,0.30517706,-0.09482294,0.09482294,0.41575
0.225,0.23135015,0.0063501596,0.0063501596,0.38891667
0.23333333,0.22685209,-0.006481245,0.006481245,0.1525
0.0,0.0029835775,0.0029835775,0.0029835775,0.31925
0.9875,0.7938851,-0.1936149,0.1936149,0.4525
0.0,0.0026192442,0.0026192442,0.0026192442,0.27766666
0.0,0.0024048164,0.0024048164,0.0024048164,0.34958333
0.0,0.0029582456,0.0029582456,0.0029582456,0.25433335
0.625,0.5617415,-0.06325853,0.06325853,0.308
0.46,0.5478951,0.087895066,0.087895066,0.2265
0.3125,0.235297,-0.077203006,0.077203006,0.3975
0.36,0.410374,0.05037397,0.05037397,0.20625
0.5375,0.49753752,-0.0399625,0.0399625,0.1125
0.45,0.4467483,-0.0032517016,0.0032517016,0.26241666
0.0,0.0026859194,0.0026859194,0.0026859194,0.28666666
0.18,0.2148216,0.0348216,0.0348216,0.22725
0.94,0.933156,-0.006843984,0.006843984,0.4405
0.9,0.25292036,-0.6470796,0.6470796,0.28158334
0.9,0.74373996,-0.15626001,0.15626001,0.42841667
0.45,0.25205994,-0.19794005,0.19794005,0.2975
0.0,0.0032125786,0.0032125786,0.0032125786,0.135
0.58,0.59197026,0.011970282,0.011970282,0.3285
0.3,0.21446544,-0.08553457,0.08553457,0.29525
0.0,0.0028425753,0.0028425753,0.0028425753,0.24675
0.0,0.002663292,0.002663292,0.002663292,0.31925
0.23333333,0.18915159,-0.04418175,0.04418175,0.32575
0.225,0.2387949,0.013794899,0.013794899,0.22458333
0.93333334,1.0652722,0.13193887,0.13193887,0.33408332
0.0,0.002602674,0.002602674,0.002602674,0.21
0.4,0.39841074,-0.0015892684,0.0015892684,0.26008335
0.54,0.46129385,-0.078706175,0.078706175,0.31425
0.9,0.8433318,-0.056668162,0.056668162,0.125
0.175,0.19784734,0.02284734,0.02284734,0.31625
0.45,0.2353028,-0.21469718,0.21469718,0.27333334
0.65,0.7691596,0.11915964,0.11915964,0.43433332
0.35,0.23790872,-0.11209127,0.11209127,0.1075
0.225,0.24137342,0.016373426,0.016373426,0.2465
0.18,0.25157937,0.07157937,0.07157937,0.24883333
0.9,0.25831032,-0.64168966,0.64168966,0.1825
0.0,0.002667345,0.002667345,0.002667345,0.25541666
1.5666667,1.7749537,0.208287,0.208287,0.37033334
0.0,0.0029922053,0.0029922053,0.0029922053,0.39375
0.5,0.47441572,-0.02558428,0.02558428,0.23666666
0.6666667,0.45923585,-0.20743084,0.20743084,0.26833335
0.0,0.0026619732,0.0026619732,0.0026619732,0.26458332
0.5,0.5661509,0.0661509,0.0661509,0.155
0.3,0.2529024,-0.047097623,0.047097623,0.32825
0.41666666,0.5025355,0.085868865,0.085868865,0.46625
0.175,0.20680764,0.031807646,0.031807646,0.37625
0.3,0.25126517,-0.048734844,0.048734844,0.345
0.6666667,0.4280078,-0.23865888,0.23865888,0.2105
0.4,0.3767038,-0.023296207,0.023296207,0.41825
0.0,0.002381511,0.002381511,0.002381511,0.36775
0.46,0.533348,0.073348016,0.073348016,0.3105
0.475,0.6104351,0.13543513,0.13543513,0.30666667
0.625,0.321687,-0.303313,0.303313,0.41175
0.0,0.0026563182,0.0026563182,0.0026563182,0.27666667
0.5375,0.44217676,-0.095323265,0.095323265,0.4325
0.225,0.24657655,0.021576554,0.021576554,0.2475
0.3,0.25232434,-0.04767567,0.04767567,0.21475
0.3,0.25900796,-0.04099205,0.04099205,0.19083333
0.225,0.21955705,-0.005442947,0.005442947,0.30641666
0.5,0.39019024,-0.10980976,0.10980976,0.41491666
0.0,0.002686441,0.002686441,0.002686441,0.32625
0.35,0.3482892,-0.0017108023,0.0017108023,0.55575
0.6,0.3753647,-0.22463533,0.22463533,0.2685
0.0,0.002992563,0.002992563,0.002992563,0.2615
0.45,0.38874644,-0.061253548,0.061253548,0.305
0.35,0.20758972,-0.14241028,0.14241028,0.14583333
0.0,0.0029445365,0.0029445365,0.0029445365,0.19833334
0.3125,0.24076751,-0.07173249,0.07173249,0.29558334
0.4,0.33532417,-0.06467584,0.06467584,0.40325
0.0,0.00311888,0.00311888,0.00311888,0.32958335
0.0,0.0028322414,0.0028322414,0.0028322414,0.2125
0.3,0.23256126,-0.06743875,0.06743875,0.097
0.23333333,0.19911027,-0.034223065,0.034223065,0.4175
0.0,0.002214007,0.002214007,0.002214007,0.363
1.12,1.1791481,0.059148073,0.059148073,0.22225
0.0,0.0029558614,0.0029558614,0.0029558614,0.36458334
0.0,0.0031074658,0.0031074658,0.0031074658,0.22958334
0.225,0.2194975,-0.005502492,0.005502492,0.21308333
0.225,0.22939518,0.004395187,0.004395187,0.38175
0.225,0.22880945,0.003809452,0.003809452,0.36633334
0.0,0.0025898889,0.0025898889,0.0025898889,0.30708334
0.4,0.4094696,0.0094695985,0.0094695985,0.39416668
0.175,0.23571363,0.060713634,0.060713634,0.31166667
0.5,0.5308247,0.03082472,0.03082472,0.51225
0.175,0.22608796,0.05108796,0.05108796,0.42
0.0,0.0027126446,0.0027126446,0.0027126446,0.42108333
0.0,0.0023863018,0.0023863018,0.0023863018,0.63425
0.225,0.2073192,-0.017680794,0.017680794,0.47575
0.225,0.22818035,0.0031803548,0.0031803548,0.4235
0.45,0.22865334,-0.22134665,0.22134665,0.311
0.32,0.37862003,0.058620036,0.058620036,0.26008335
0.0,0.0030818135,0.0030818135,0.0030818135,0.1655
0.0,0.002835013,0.002835013,0.002835013,0.1935
0.0,0.0027011484,0.0027011484,0.0027011484,0.36533332
0.5,0.4505381,-0.0494619,0.0494619,0.51241666
0.0,0.0032501593,0.0032501593,0.0032501593,0.44708332
0.0,0.0031171814,0.0031171814,0.0031171814,0.15983333
0.225,0.23040766,0.005407661,0.005407661,0.25066668
0.225,0.21601719,-0.008982807,0.008982807,0.2455
0.6666667,0.47209102,-0.19457567,0.19457567,0.3475
0.575,0.5183672,-0.056632817,0.056632817,0.36725
0.3,0.2471801,-0.052819908,0.052819908,0.2555
0.18,0.2120477,0.03204769,0.03204769,0.40716666
0.0,0.0032181218,0.0032181218,0.0032181218,0.14175
0.0,0.0028182492,0.0028182492,0.0028182492,0.24525
0.0,0.002867058,0.002867058,0.002867058,0.33983332
0.175,0.20236501,0.027365014,0.027365014,0.33975
0.0,0.0027648285,0.0027648285,0.0027648285,0.2475
0.675,0.47084206,-0.20415795,0.20415795,0.25575
0.725,0.6084255,-0.116574526,0.116574526,0.31925
0.18,0.22453618,0.044536173,0.044536173,0.34983334
0.45,0.40584904,-0.04415095,0.04415095,0.20075
0.225,0.23554033,0.010540336,0.010540336,0.46125
0.0,0.0027050227,0.0027050227,0.0027050227,0.2855
0.45,0.46040922,0.010409236,0.010409236,0.278
0.6,0.4455421,-0.15445793,0.15445793,0.36058334
0.3125,0.2492457,-0.0632543,0.0632543,0.26733333
0.45,0.43437213,-0.015627861,0.015627861,0.3175
0.7,0.35735446,-0.34264553,0.34264553,0.2445
0.175,0.21081272,0.03581272,0.03581272,0.2655
0.0,0.002714157,0.002714157,0.002714157,0.21
0.225,0.21494511,-0.010054886,0.010054886,0.35625
0.36,0.35524416,-0.0047558546,0.0047558546,0.35575
0.0,0.0023063794,0.0023063794,0.0023063794,0.3705
0.4,0.43658233,0.03658232,0.03658232,0.115
0.0,0.0022039488,0.0022039488,0.0022039488,0.37666667
0.0,0.0027691573,0.0027691573,0.0027691573,0.247
0.0,0.002612397,0.002612397,0.002612397,0.32075
0.3,0.23078087,-0.06921914,0.06921914,0.2705
0.0,0.002632022,0.002632022,0.002632022,0.29333332
0.0,0.0029460564,0.0029460564,0.0029460564,0.2455
0.4,0.34775126,-0.052248746,0.052248746,0.40575
0.0,0.0026218146,0.0026218146,0.0026218146,0.38925
0.0,0.0023346692,0.0023346692,0.0023346692,0.40758333
0.225,0.23315758,0.008157581,0.008157581,0.445
0.225,0.25300458,0.028004587,0.028004587,0.36025
0.175,0.21677238,0.04177238,0.04177238,0.33225
0.23333333,0.22210899,-0.011224344,0.011224344,0.21625
0.225,0.25105628,0.02605629,0.02605629,0.213
0.3,0.25058258,-0.049417436,0.049417436,0.315
0.0,0.0026514307,0.0026514307,0.0026514307,0.26291665
0.225,0.2297892,0.0047892034,0.0047892034,0.23291667
0.0,0.0027482063,0.0027482063,0.0027482063,0.27958333
0.0,0.0031795427,0.0031795427,0.0031795427,0.22475
0.45,0.25185335,-0.19814664,0.19814664,0.2525
0.0,0.0025492609,0.0025492609,0.0025492609,0.34
0.6666667,0.4740646,-0.1926021,0.1926021,0.16583334
0.675,0.4811045,-0.19389552,0.19389552,0.29116666
0.0,0.0026165545,0.0026165545,0.0026165545,0.285
0.45,0.3889286,-0.061071396,0.061071396,0.40216666
0.0,0.0026636198,0.0026636198,0.0026636198,0.318
0.225,0.25610155,0.031101555,0.031101555,0.28325
0.225,0.21368238,-0.011317611,0.011317611,0.43775
0.675,0.47103888,-0.20396113,0.20396113,0.31858334
0.0,0.0028479323,0.0028479323,0.0028479323,0.21916667
0.18,0.25346717,0.073467165,0.073467165,0.25425
0.0,0.0030871555,0.0030871555,0.0030871555,0.3855
0.9,0.74370575,-0.15629423,0.15629423,0.41275
0.45,0.428732,-0.02126798,0.02126798,0.29625
0.86,0.8994017,0.03940171,0.03940171,0.33258334
0.0,0.0030218586,0.0030218586,0.0030218586,0.4005
0.0,0.0026236102,0.0026236102,0.0026236102,0.21125
0.225,0.23372665,0.008726656,0.008726656,0.35025
0.67,0.69073546,0.020735443,0.020735443,0.27875
0.0,0.0030144975,0.0030144975,0.0030144975,0.23666666
0.5,0.43060744,-0.06939256,0.06939256,0.2665
0.0,0.002232246,0.002232246,0.002232246,0.45833334
0.0,0.0029236302,0.0029236302,0.0029236302,0.33375
0.0,0.0027210712,0.0027210712,0.0027210712,0.27333334
0.41666666,0.29359692,-0.12306973,0.12306973,0.446
0.0,0.0030641556,0.0030641556,0.0030641556,0.16875
0.0,0.0028246492,0.0028246492,0.0028246492,0.229
0.725,0.49852857,-0.22647145,0.22647145,0.34591666
0.0,0.0029965118,0.0029965118,0.0029965118,0.299
0.675,0.522267,-0.15273303,0.15273303,0.54
0.95,0.6959722,-0.25402778,0.25402778,0.4545
0.175,0.20471933,0.029719338,0.029719338,0.2435
0.7,0.23761329,-0.4623867,0.4623867,0.46791667
0.225,0.22875074,0.0037507415,0.0037507415,0.39375
0.8125,0.7187127,-0.09378731,0.09378731,0.25083333
0.225,0.20945328,-0.015546709,0.015546709,0.33875
0.725,0.6210397,-0.103960335,0.103960335,0.35416666
0.23333333,0.24289578,0.009562448,0.009562448,0.22375
0.0,0.0023784712,0.0023784712,0.0023784712,0.37791666
0.4,0.39211088,-0.007889122,0.007889122,0.286
0.0,0.0028077587,0.0028077587,0.0028077587,0.21666667
0.225,0.21306917,-0.011930823,0.011930823,0.43575
0.45,0.42782548,-0.022174507,0.022174507,0.23125
0.225,0.20828512,-0.01671487,0.01671487,0.44433334
0.85,0.63751507,-0.21248496,0.21248496,0.235
0.225,0.22474301,-0.00025698543,0.00025698543,0.29616666
0.0,0.003078349,0.003078349,0.003078349,0.42158332
0.175,0.20196298,0.02696298,0.02696298,0.23
0.25,0.2867503,0.036750287,0.036750287,0.6475
0.0,0.0026872605,0.0026872605,0.0026872605,0.25291666
0.0,0.0026538074,0.0026538074,0.0026538074,0.35533333
0.5,0.45635974,-0.043640256,0.043640256,0.38125
0.5375,0.5071137,-0.030386329,0.030386329,0.28375
0.0,0.0023843572,0.0023843572,0.0023843572,0.30641666
0.3125,0.24542657,-0.067073435,0.067073435,0.45475
0.5375,0.46332884,-0.074171185,0.074171185,0.1075
0.4875,0.3931168,-0.09438321,0.09438321,0.36875
0.4,0.37043273,-0.029567271,0.029567271,0.358
0.4,0.37586406,-0.024135947,0.024135947,0.36833334
0.5375,0.44097525,-0.096524775,0.096524775,0.254
0.0,0.002711758,0.002711758,0.002711758,0.29975
0.72,0.712101,-0.007899046,0.007899046,0.32525
0.45,0.45756882,0.007568836,0.007568836,0.33166668
0.83,0.8799975,0.04999751,0.04999751,0.30675
0.0,0.002964221,0.002964221,0.002964221,0.20175
0.725,0.51947194,-0.20552808,0.20552808,0.28233334
0.175,0.21083933,0.035839334,0.035839334,0.21925
0.3125,0.23607793,-0.076422065,0.076422065,0.33158332
0.0,0.0031661615,0.0031661615,0.0031661615,0.39575
0.225,0.23167863,0.006678641,0.006678641,0.37541667
0.575,0.52425575,-0.050744236,0.050744236,0.33416668
0.0,0.0025641024,0.0025641024,0.0025641024,0.30008334
0.32,0.28734776,-0.03265223,0.03265223,0.32825
0.225,0.24091038,0.015910387,0.015910387,0.3705
0.32,0.35740262,0.03740263,0.03740263,0.4645
0.0,0.003114313,0.003114313,0.003114313,0.30708334
0.225,0.2397025,0.014702499,0.014702499,0.21916667
0.4,0.38422206,-0.015777946,0.015777946,0.30366668
0.225,0.23154557,0.0065455735,0.0065455735,0.127
0.54,0.57449394,0.034493923,0.034493923,0.583
0.32,0.31345567,-0.006544322,0.006544322,0.33975
0.225,0.21977207,-0.0052279234,0.0052279234,0.40083334
0.0,0.0027713403,0.0027713403,0.0027713403,0.243
0.175,0.19615608,0.021156088,0.021156088,0.31583333
0.7625,0.51865864,-0.24384135,0.24384135,0.22958334
0.32,0.31358013,-0.0064198673,0.0064198673,0.32575
0.5,0.42445138,-0.07554862,0.07554862,0.21133333
0.225,0.21885183,-0.0061481595,0.0061481595,0.21308333
0.0,0.002804622,0.002804622,0.002804622,0.5169167
0.98,0.97279835,-0.0072016716,0.0072016716,0.382
0.7625,0.6465143,-0.11598569,0.11598569,0.22208333
0.0,0.0024107173,0.0024107173,0.0024107173,0.25083333
0.0,0.0027380958,0.0027380958,0.0027380958,0.36733332
0.32,0.330476,0.010475993,0.010475993,0.33758333
0.225,0.25217098,0.027170986,0.027170986,0.19125
0.57,0.6452416,0.075241625,0.075241625,0.35416666
0.41666666,0.5429837,0.12631705,0.12631705,0.4965
0.3,0.43585858,0.13585857,0.13585857,0.34175
0.0,0.0027256534,0.0027256534,0.0027256534,0.2725
0.11666667,0.21308842,0.096421756,0.096421756,0.32075
0.32,0.35763505,0.03763506,0.03763506,0.2455
0.26666668,0.30142528,0.034758598,0.034758598,0.3755
0.4,0.42170566,0.021705657,0.021705657,0.358
0.41666666,0.5282636,0.11159697,0.11159697,0.335
0.0,0.002396755,0.002396755,0.002396755,0.38425
0.0,0.003107816,0.003107816,0.003107816,0.13333334
0.35833332,0.50046784,0.14213452,0.14213452,0.32825
0.0,0.0030093342,0.0030093342,0.0030093342,0.18375
0.3,0.4552278,0.15522778,0.15522778,0.32
0.0,0.0027109534,0.0027109534,0.0027109534,0.24041666
0.15,0.22755188,0.07755187,0.07755187,0.27958333
0.25,0.2505012,0.00050118566,0.00050118566,0.19541667
0.5,0.44558024,-0.054419756,0.054419756,0.20225
0.0,0.0032286197,0.0032286197,0.0032286197,0.13375
0.0,0.0030589774,0.0030589774,0.0030589774,0.12375
0.0,0.0026536062,0.0026536062,0.0026536062,0.2075
0.7,0.21651858,-0.4834814,0.4834814,0.305
0.4,0.42540365,0.025403649,0.025403649,0.36875
0.0,0.0026916116,0.0026916116,0.0026916116,0.2875
0.0,0.0033296049,0.0033296049,0.0033296049,0.456
0.35,0.23209217,-0.11790782,0.11790782,0.17833333
0.225,0.22480825,-0.00019174814,0.00019174814,0.32725
0.4,0.3821559,-0.01784411,0.01784411,0.2475
0.0,0.0029131845,0.0029131845,0.0029131845,0.20333333
0.0,0.0026988015,0.0026988015,0.0026988015,0.37425
0.3,0.24071673,-0.059283286,0.059283286,0.30583334
0.0,0.0028586984,0.0028586984,0.0028586984,0.20666666
0.0,0.0027134642,0.0027134642,0.0027134642,0.4025
0.0,0.002682224,0.002682224,0.002682224,0.26925
0.45,0.22847685,-0.22152314,0.22152314,0.21775
0.45,0.44519186,-0.004808128,0.004808128,0.3625
1.25,0.80533904,-0.44466096,0.44466096,0.292
0.225,0.23341677,0.008416772,0.008416772,0.283
0.4,0.33369315,-0.06630686,0.06630686,0.23
0.675,0.4585191,-0.21648091,0.21648091,0.37325
0.0,0.0026315972,0.0026315972,0.0026315972,0.21875
0.0,0.0026259944,0.0026259944,0.0026259944,0.30466667
0.0,0.0024162754,0.0024162754,0.0024162754,0.3105
0.0,0.0032078028,0.0032078028,0.0032078028,0.1275
0.175,0.21663126,0.041631266,0.041631266,0.12525
0.4,0.41720417,0.017204165,0.017204165,0.31033334
0.18,0.2144452,0.034445196,0.034445196,0.4505
0.8125,0.6445935,-0.16790652,0.16790652,0.4175
0.7625,0.4967075,-0.2657925,0.2657925,0.2915
0.76,0.72293746,-0.037062526,0.037062526,0.40375
0.0,0.0029841736,0.0029841736,0.0029841736,0.307
0.41666666,0.5122657,0.095599025,0.095599025,0.35325
0.175,0.24619958,0.07119958,0.07119958,0.18333334
0.9,0.22954336,-0.67045665,0.67045665,0.49883333
0.0,0.003289573,0.003289573,0.003289573,0.3915
0.18,0.24681187,0.06681186,0.06681186,0.29241666
0.39,0.45764613,0.067646146,0.067646146,0.2575
0.325,0.39254218,0.067542195,0.067542195,0.4215
0.175,0.20311043,0.02811043,0.02811043,0.29625
0.94,1.0015826,0.061582625,0.061582625,0.19375
0.35,0.37191322,0.02191323,0.02191323,0.213
0.57,0.6243061,0.05430609,0.05430609,0.3505
0.35,0.25634694,-0.09365305,0.09365305,0.3295
0.225,0.21128446,-0.013715535,0.013715535,0.3445
0.95,0.7306092,-0.21939081,0.21939081,0.36641666
0.175,0.19352347,0.01852347,0.01852347,0.328
0.5,0.42023474,-0.07976526,0.07976526,0.35125
0.5375,0.46657115,-0.07092887,0.07092887,0.32425
0.0,0.0024536103,0.0024536103,0.0024536103,0.26333332
0.5,0.41007274,-0.089927256,0.089927256,0.2585
0.225,0.23853642,0.013536423,0.013536423,0.18166667
0.3125,0.24452019,-0.06797981,0.06797981,0.30125
0.175,0.18429871,0.009298712,0.009298712,0.55125
0.0,0.00262288,0.00262288,0.00262288,0.4375
0.4,0.4264671,0.026467085,0.026467085,0.13125
0.32,0.40059453,0.08059454,0.08059454,0.28625
0.0,0.0028777793,0.0028777793,0.0028777793,0.17766666
0.0,0.0026420802,0.0026420802,0.0026420802,0.30916667
0.225,0.25253534,0.02753535,0.02753535,0.32625
0.0,0.0029701963,0.0029701963,0.0029701963,0.25433335
0.23333333,0.23538893,0.0020556003,0.0020556003,0.405
0.0,0.003103383,0.003103383,0.003103383,0.36475
0.0,0.002760969,0.002760969,0.002760969,0.2475
0.225,0.25043863,0.025438637,0.025438637,0.24475
0.6,0.43197557,-0.16802445,0.16802445,0.22083333
0.54,0.618146,0.07814598,0.07814598,0.1455
0.58,0.51520294,-0.064797044,0.064797044,0.29691666
0.18,0.2093102,0.029310197,0.029310197,0.41616666
0.45,0.4632752,0.013275206,0.013275206,0.086666666
0.45,0.40366894,-0.046331048,0.046331048,0.23625
0.94,0.93376464,-0.006235361,0.006235361,0.55575
0.625,0.44939345,-0.17560655,0.17560655,0.3105
0.14,0.19620937,0.05620937,0.05620937,0.244
0.675,0.4811622,-0.19383782,0.19383782,0.289
0.5,0.42608684,-0.07391316,0.07391316,0.16333333
0.0,0.0030426085,0.0030426085,0.0030426085,0.17583333
0.18,0.21076155,0.03076154,0.03076154,0.27308333
0.225,0.25291437,0.027914375,0.027914375,0.36125
0.18,0.21266657,0.032666564,0.032666564,0.44325
0.4,0.4023674,0.002367407,0.002367407,0.25833333
0.3,0.24292928,-0.057070732,0.057070732,0.1775
0.175,0.18689837,0.011898369,0.011898369,0.43825
0.18,0.2112239,0.031223893,0.031223893,0.38116667
0.06666667,0.0061283037,-0.060538366,0.060538366,0.288
0.3,0.24812335,-0.051876664,0.051876664,0.41075
0.0,0.0032052547,0.0032052547,0.0032052547,0.13925
1.25,0.2390348,-1.0109652,1.0109652,0.3945
0.175,0.19655237,0.021552369,0.021552369,0.3105
0.0,0.0030175894,0.0030175894,0.0030175894,0.4365
0.4,0.29634756,-0.10365245,0.10365245,0.361
0.225,0.22178945,-0.0032105446,0.0032105446,0.448
0.0,0.0029220954,0.0029220954,0.0029220954,0.2
0.225,0.23300532,0.008005321,0.008005321,0.35416666
0.0,0.0029028058,0.0029028058,0.0029028058,0.208
0.0,0.0027635545,0.0027635545,0.0027635545,0.3655
0.675,0.46348888,-0.21151114,0.21151114,0.115
0.0,0.0026347935,0.0026347935,0.0026347935,0.26925
0.0,0.0023661628,0.0023661628,0.0023661628,0.30475
0.6,0.4287588,-0.17124122,0.17124122,0.28466666
0.225,0.2558301,0.030830115,0.030830115,0.2325
0.5,0.40421826,-0.09578174,0.09578174,0.33616668
0.0,0.0026188567,0.0026188567,0.0026188567,0.285
0.0,0.0026889816,0.0026889816,0.0026889816,0.41716668
0.9,0.24626079,-0.6537392,0.6537392,0.18333334
0.225,0.2307744,0.0057744086,0.0057744086,0.3005
0.53333336,0.3285995,-0.20473385,0.20473385,0.46025
0.0,0.0030910298,0.0030910298,0.0030910298,0.35483333
0.175,0.24322948,0.06822948,0.06822948,0.24025
0.175,0.19845784,0.02345784,0.02345784,0.50275
0.0,0.002462767,0.002462767,0.002462767,0.31875
0.175,0.19769803,0.02269803,0.02269803,0.41858333
0.0,0.0030435696,0.0030435696,0.0030435696,0.4005
0.225,0.25263506,0.027635068,0.027635068,0.33283332
0.175,0.24409938,0.06909938,0.06909938,0.21125
0.3,0.23233244,-0.06766757,0.06766757,0.37275
0.675,0.5686689,-0.10633111,0.10633111,0.32325
0.45,0.34528518,-0.10471481,0.10471481,0.40625
0.225,0.23422208,0.00922209,0.00922209,0.21975
0.5,0.4083625,-0.09163749,0.09163749,0.22275
0.23333333,0.17913142,-0.054201916,0.054201916,0.5345
0.0,0.0029668435,0.0029668435,0.0029668435,0.48841667
0.0,0.0023638234,0.0023638234,0.0023638234,0.2725
0.0,0.0027683973,0.0027683973,0.0027683973,0.2455
0.0,0.0026691332,0.0026691332,0.0026691332,0.25541666
0.95,0.73183775,-0.21816224,0.21816224,0.3465
0.46666667,0.26828092,-0.19838575,0.19838575,0.33675
0.4,0.39978763,-0.00021237135,0.00021237135,0.2675
0.0,0.0026642755,0.0026642755,0.0026642755,0.26458332
0.71666664,0.48720458,-0.22946206,0.22946206,0.35825
0.225,0.25345144,0.028451443,0.028451443,0.25875
0.225,0.2512702,0.02627021,0.02627021,0.339
0.71666664,0.44121784,-0.2754488,0.2754488,0.27716666
0.54,0.55969936,0.019699335,0.019699335,0.42741665
0.225,0.2303611,0.00536111,0.00536111,0.43575
0.0,0.002486311,0.002486311,0.002486311,0.32775
0.4,0.4004897,0.00048968196,0.00048968196,0.2985
1.3333334,0.80908346,-0.5242499,0.5242499,0.26375
0.3,0.25986022,-0.040139794,0.040139794,0.18066667
0.675,0.46777922,-0.2072208,0.2072208,0.30075
0.9,0.24986833,-0.65013164,0.65013164,0.195
0.0,0.0030110627,0.0030110627,0.0030110627,0.1805
0.0,0.002393119,0.002393119,0.002393119,0.39375
0.175,0.19830823,0.023308232,0.023308232,0.36216667
0.0,0.0026329681,0.0026329681,0.0026329681,0.29925
0.0,0.0029644892,0.0029644892,0.0029644892,0.28108335
0.0,0.0027225614,0.0027225614,0.0027225614,0.21
0.32,0.4018438,0.08184379,0.08184379,0.41675
0.175,0.22370604,0.04870604,0.04870604,0.36041668
1.0,0.8046259,-0.19537407,0.19537407,0.36125
0.65,0.47555047,-0.1744495,0.1744495,0.33841667
0.0,0.002808012,0.002808012,0.002808012,0.4265
0.5375,0.39925662,-0.1382434,0.1382434,0.39175
0.9,0.2552574,-0.6447426,0.6447426,0.22166666
0.225,0.21769527,-0.007304728,0.007304728,0.36058334
0.225,0.2620681,0.0370681,0.0370681,0.17166667
0.45,0.43725145,-0.012748539,0.012748539,0.32258335
0.0,0.0029593706,0.0029593706,0.0029593706,0.155
0.0,0.002942808,0.002942808,0.002942808,0.371
0.4875,0.39475438,-0.09274563,0.09274563,0.44575
0.0,0.0022651032,0.0022651032,0.0022651032,0.45
0.45,0.25251433,-0.19748566,0.19748566,0.3105
0.225,0.2076306,-0.01736939,0.01736939,0.31625
0.6666667,0.46440697,-0.20225972,0.20225972,0.35775
0.3,0.23690039,-0.06309962,0.06309962,0.34975
0.3,0.2180067,-0.08199331,0.08199331,0.21825
0.225,0.24264708,0.017647088,0.017647088,0.292
0.0,0.002538778,0.002538778,0.002538778,0.3405
0.4,0.37024158,-0.029758424,0.029758424,0.3505
0.3,0.22842678,-0.07157323,0.07157323,0.25541666
0.175,0.20550555,0.030505553,0.030505553,0.34716666
0.23333333,0.23803118,0.0046978444,0.0046978444,0.29916668
0.0,0.002532117,0.002532117,0.002532117,0.31166667
0.53333336,0.41365865,-0.11967471,0.11967471,0.1725
0.0,0.0022742376,0.0022742376,0.0022742376,0.43925
0.3125,0.28845546,-0.024044544,0.024044544,0.3105
0.35,0.21233913,-0.13766086,0.13766086,0.55425
0.36,0.36611125,0.0061112344,0.0061112344,0.42575
0.0,0.0026292726,0.0026292726,0.0026292726,0.39933333
0.3,0.22786614,-0.07213387,0.07213387,0.356
0.0,0.002731882,0.002731882,0.002731882,0.25166667
1.0375,0.8852849,-0.15221512,0.15221512,0.27458334
0.0,0.0024447963,0.0024447963,0.0024447963,0.2665
0.0,0.003164135,0.003164135,0.003164135,0.148
0.4,0.31814077,-0.08185923,0.08185923,0.24083333
0.225,0.2287201,0.0037201047,0.0037201047,0.34283334
0.25,0.297998,0.04799801,0.04799801,0.5624167
0.94,0.9510879,0.011087894,0.011087894,0.35708332
0.0,0.0028138682,0.0028138682,0.0028138682,0.22816667
0.9,0.73754776,-0.16245222,0.16245222,0.44025
0.225,0.21424994,-0.010750055,0.010750055,0.268
0.5,0.4526891,-0.04731089,0.04731089,0.41416666
0.4,0.3868547,-0.013145298,0.013145298,0.42475
0.625,0.5776274,-0.04737258,0.04737258,0.268
0.0,0.0031413063,0.0031413063,0.0031413063,0.40716666
0.225,0.22338876,-0.0016112328,0.0016112328,0.14175
0.5,0.42398116,-0.07601884,0.07601884,0.24525
0.36,0.38669276,0.026692748,0.026692748,0.33983332
0.8125,0.680054,-0.13244599,0.13244599,0.257
0.9,0.7257842,-0.1742158,0.1742158,0.28233334
0.0,0.0030860528,0.0030860528,0.0030860528,0.41325
0.5,0.44683856,-0.053161442,0.053161442,0.27625
0.4875,0.38041463,-0.10708538,0.10708538,0.44433334
0.0,0.0030125156,0.0030125156,0.0030125156,0.28
0.4,0.4283009,0.028300881,0.028300881,0.14383334
0.18,0.2138786,0.033878595,0.033878595,0.39908335
0.5,0.5242511,0.024251103,0.024251103,0.5475
0.0,0.0027920604,0.0027920604,0.0027920604,0.21291667
0.625,0.53298223,-0.09201777,0.09201777,0.40875
0.32,0.38779706,0.067797065,0.067797065,0.3375
0.0,0.0025195703,0.0025195703,0.0025195703,0.23041667
0.0,0.0025917813,0.0025917813,0.0025917813,0.20316666
0.42,0.4887829,0.068782926,0.068782926,0.18383333
0.175,0.2401863,0.06518631,0.06518631,0.30641666
0.175,0.19544902,0.020449027,0.020449027,0.391
0.625,0.45675015,-0.16824985,0.16824985,0.4175
0.79,0.82149994,0.031499922,0.031499922,0.3165
0.175,0.2156148,0.0406148,0.0406148,0.42333335
0.5,0.4619546,-0.038045406,0.038045406,0.25875
0.28,0.3641707,0.0841707,0.0841707,0.40266666
0.3125,0.31396616,0.001466155,0.001466155,0.14625
0.58,0.6289946,0.0489946,0.0489946,0.157
0.32,0.31983224,-0.00016775727,0.00016775727,0.41841668
0.4875,0.47682485,-0.010675162,0.010675162,0.2875
0.5,0.4125939,-0.0874061,0.0874061,0.2265
0.225,0.24639356,0.021393567,0.021393567,0.5775
0.46,0.41957152,-0.04042849,0.04042849,0.4995
0.0,0.00282415,0.00282415,0.00282415,0.261
0.225,0.25403985,0.02903986,0.02903986,0.23083334
0.4,0.38408756,-0.015912443,0.015912443,0.205
0.14,0.23708504,0.097085044,0.097085044,0.49291667
0.225,0.23709467,0.0120946765,0.0120946765,0.29608333
0.39,0.39268756,0.0026875734,0.0026875734,0.32225
0.45,0.38300812,-0.066991866,0.066991866,0.42525
0.18,0.2110168,0.031016797,0.031016797,0.24908334
0.0,0.0028322786,0.0028322786,0.0028322786,0.2225
0.79,0.844779,0.054778993,0.054778993,0.22416666
0.175,0.23123029,0.05623029,0.05623029,0.195
0.8,0.6802867,-0.11971331,0.11971331,0.22
0.64,0.67931306,0.039313078,0.039313078,0.28666666
0.0,0.0024499744,0.0024499744,0.0024499744,0.29166666
0.41666666,0.45418453,0.037517875,0.037517875,0.32675
0.18,0.22046047,0.040460467,0.040460467,0.33333334
0.28,0.34612393,0.06612393,0.06612393,0.243
0.32,0.33766726,0.017667264,0.017667264,0.30333334
0.18,0.20946997,0.029469967,0.029469967,0.30583334
0.32,0.32090837,0.0009083748,0.0009083748,0.29975
0.225,0.22215447,-0.0028455257,0.0028455257,0.26133335
0.58,0.50653964,-0.07346034,0.07346034,0.18683334
0.18,0.22208071,0.0420807,0.0420807,0.45291665
0.78333336,0.914343,0.13100964,0.13100964,0.437
0.36,0.45148957,0.09148955,0.09148955,0.27583334
0.5,0.4739511,-0.026048899,0.026048899,0.36733332
0.0,0.0021791384,0.0021791384,0.0021791384,0.37875
0.0,0.0033145025,0.0033145025,0.0033145025,0.4335
0.5,0.41149834,-0.08850166,0.08850166,0.34975
0.45,0.44786003,-0.0021399558,0.0021399558,0.2025
0.3125,0.26788148,-0.044618517,0.044618517,0.298
0.225,0.23993236,0.014932364,0.014932364,0.31333333
1.0,0.78966314,-0.21033686,0.21033686,0.30041668
0.175,0.20349002,0.028490022,0.028490022,0.4025
1.0,0.81726056,-0.18273944,0.18273944,0.2855
0.0,0.002837032,0.002837032,0.002837032,0.225
0.225,0.25178903,0.02678904,0.02678904,0.2155
0.0,0.002383925,0.002383925,0.002383925,0.33058333
0.7125,0.56354815,-0.14895183,0.14895183,0.26275
0.0,0.0026020259,0.0026020259,0.0026020259,0.392
0.3,0.2131621,-0.08683792,0.08683792,0.2475
0.4875,0.3722605,-0.1152395,0.1152395,0.4095
0.0,0.0026282966,0.0026282966,0.0026282966,0.30466667
0.175,0.24514109,0.07014109,0.07014109,0.2105
0.45,0.3802963,-0.0697037,0.0697037,0.29325
0.4,0.3113737,-0.088626295,0.088626295,0.322
0.8125,0.53119785,-0.28130215,0.28130215,0.42241666
0.0,0.0030339062,0.0030339062,0.0030339062,0.29175
0.4,0.36868578,-0.031314224,0.031314224,0.32
0.3,0.2577362,-0.042263806,0.042263806,0.19583334
0.7625,0.5191417,-0.24335831,0.24335831,0.2545
0.5,0.4329699,-0.0670301,0.0670301,0.20416667
0.9875,0.76407546,-0.22342455,0.22342455,0.41125
0.4,0.39754152,-0.002458483,0.002458483,0.17583333
0.0,0.0030314997,0.0030314997,0.0030314997,0.3325
0.225,0.22914836,0.004148364,0.004148364,0.21583334
0.0,0.0028384924,0.0028384924,0.0028384924,0.193
0.0,0.003273286,0.003273286,0.003273286,0.50125
0.45,0.22769603,-0.22230396,0.22230396,0.415
0.18,0.25373733,0.07373732,0.07373732,0.27325
0.9,0.240067,-0.659933,0.659933,0.2375
0.675,0.5960825,-0.0789175,0.0789175,0.3175
0.5375,0.43108696,-0.10641307,0.10641307,0.25433335
0.0,0.0023049638,0.0023049638,0.0023049638,0.42833334
0.26666668,0.32363573,0.056969047,0.056969047,0.28175
0.0,0.002658613,0.002658613,0.002658613,0.27666667
0.72,0.74919593,0.029195905,0.029195905,0.22725
0.5375,0.4932869,-0.044213116,0.044213116,0.23583333
0.14,0.19694102,0.056941018,0.056941018,0.30491668
0.5,0.45059094,-0.04940906,0.04940906,0.36616668
0.36,0.39911646,0.039116442,0.039116442,0.28125
1.15,1.1336582,-0.016341805,0.016341805,0.60375
0.9,0.2530221,-0.6469779,0.6469779,0.33891666
0.57,0.4761606,-0.09383941,0.09383941,0.373
0.175,0.21004826,0.03504826,0.03504826,0.22166666
1.01,1.0577914,0.04779136,0.04779136,0.228
0.5,0.45907205,-0.040927947,0.040927947,0.3135
0.0,0.0022851303,0.0022851303,0.0022851303,0.31475
0.71,0.73088014,0.020880163,0.020880163,0.21333334
1.35,1.1595788,-0.19042122,0.19042122,0.12583333
0.0,0.0029051527,0.0029051527,0.0029051527,0.14
0.0,0.0031186715,0.0031186715,0.0031186715,0.25208333
0.0,0.002332501,0.002332501,0.002332501,0.34375
0.39,0.3906248,0.0006248057,0.0006248057,0.42925
0.28,0.36529776,0.08529776,0.08529776,0.35033333
0.0,0.0030470565,0.0030470565,0.0030470565,0.4285
0.43,0.49273622,0.06273621,0.06273621,0.44125
0.6666667,0.38860217,-0.27806452,0.27806452,0.33275
0.3,0.23591298,-0.06408703,0.06408703,0.42975
0.18,0.21313754,0.03313753,0.03313753,0.307
0.0,0.0025522634,0.0025522634,0.0025522634,0.37241668
0.225,0.23042107,0.0054210722,0.0054210722,0.57133335
0.74,0.677488,-0.06251198,0.06251198,0.374
0.0,0.0025882497,0.0025882497,0.0025882497,0.31041667
0.0,0.0025144592,0.0025144592,0.0025144592,0.2965
0.5,0.39662057,-0.10337943,0.10337943,0.414
0.175,0.20350605,0.028506055,0.028506055,0.25375
0.0,0.0029183999,0.0029183999,0.0029183999,0.28775
0.0,0.0028186738,0.0028186738,0.0028186738,0.2305
0.0,0.0028236732,0.0028236732,0.0028236732,0.44791666
0.0,0.0021226853,0.0021226853,0.0021226853,0.42666668
0.0,0.0024477616,0.0024477616,0.0024477616,0.385
0.9,0.22079515,-0.6792048,0.6792048,0.1925
0.8125,0.63900185,-0.17349815,0.17349815,0.40333334
0.0,0.002746351,0.002746351,0.002746351,0.255
0.68,0.5570863,-0.12291372,0.12291372,0.43375
0.725,0.61999893,-0.10500109,0.10500109,0.24225
0.0,0.003073819,0.003073819,0.003073819,0.27275
0.72,0.5945914,-0.12540865,0.12540865,0.49783334
0.5,0.39912838,-0.10087162,0.10087162,0.48841667
0.0,0.0023321956,0.0023321956,0.0023321956,0.32
0.18,0.24546137,0.06546137,0.06546137,0.2455
0.625,0.59316385,-0.031836152,0.031836152,0.19666667
0.43,0.47971588,0.049715877,0.049715877,0.4115
0.4,0.32890576,-0.071094245,0.071094245,0.32591668
0.0,0.002814442,0.002814442,0.002814442,0.23291667
0.0,0.0023894757,0.0023894757,0.0023894757,0.3075
0.45,0.25655538,-0.19344461,0.19344461,0.21583334
0.0,0.0022903457,0.0022903457,0.0022903457,0.42991668
0.225,0.22571188,0.0007118881,0.0007118881,0.34883332
0.54,0.53212166,-0.007878363,0.007878363,0.48141667
0.0,0.0024445057,0.0024445057,0.0024445057,0.41325
0.4,0.39547652,-0.004523486,0.004523486,0.30525
0.0,0.0026871786,0.0026871786,0.0026871786,0.2385
0.0,0.0021694228,0.0021694228,0.0021694228,0.38425
0.225,0.24751678,0.022516787,0.022516787,0.41208333
0.4,0.37580985,-0.024190158,0.024190158,0.37708333
0.18,0.22876522,0.048765212,0.048765212,0.28175
0.0,0.003114961,0.003114961,0.003114961,0.21625
0.4,0.38183433,-0.018165678,0.018165678,0.25108334
0.14,0.19309038,0.05309038,0.05309038,0.39725
0.225,0.2254768,0.00047680736,0.00047680736,0.3235
0.675,0.5023632,-0.1726368,0.1726368,0.148
0.46,0.44922817,-0.010771841,0.010771841,0.33233333
0.225,0.23276961,0.0077696145,0.0077696145,0.2055
0.14,0.19093505,0.050935045,0.050935045,0.37325
0.175,0.21767008,0.042670086,0.042670086,0.19333333
0.175,0.2230187,0.04801871,0.04801871,0.39166668
0.45,0.45237046,0.0023704767,0.0023704767,0.30008334
0.83,0.80016804,-0.029831946,0.029831946,0.34275
0.45,0.43609574,-0.013904244,0.013904244,0.348
0.72,0.79471725,0.07471722,0.07471722,0.2075
0.5,0.549851,0.049851,0.049851,0.37916666
0.9,0.6459384,-0.25406158,0.25406158,0.40575
0.32,0.43516657,0.115166575,0.115166575,0.11
0.45,0.46882033,0.018820345,0.018820345,0.34516665
0.0,0.0026524737,0.0026524737,0.0026524737,0.28625
0.3,0.2596773,-0.04032272,0.04032272,0.2555
0.0,0.0023409799,0.0023409799,0.0023409799,0.39075
0.3,0.36111355,0.061113536,0.061113536,0.4595
0.14,0.22344047,0.08344047,0.08344047,0.25975
0.0,0.002991885,0.002991885,0.002991885,0.4085
0.0,0.0031898916,0.0031898916,0.0031898916,0.3835
0.0,0.0029667392,0.0029667392,0.0029667392,0.148
0.95,0.52184427,-0.42815572,0.42815572,0.4705
0.0,0.002747409,0.002747409,0.002747409,0.18833333
0.3,0.23478293,-0.06521708,0.06521708,0.32
0.0,0.0030342042,0.0030342042,0.0030342042,0.08083333
0.0,0.0029026493,0.0029026493,0.0029026493,0.208
0.0,0.0028041229,0.0028041229,0.0028041229,0.303
0.54,0.45940113,-0.08059889,0.08059889,0.16
0.32,0.40147233,0.08147234,0.08147234,0.24525
0.3,0.25261107,-0.04738894,0.04738894,0.24225
0.0,0.0029371902,0.0029371902,0.0029371902,0.335
0.0,0.002697982,0.002697982,0.002697982,0.3005
0.4,0.33989847,-0.06010154,0.06010154,0.4045
0.225,0.24254283,0.017542839,0.017542839,0.25
0.32,0.41343492,0.09343493,0.09343493,0.3105
0.54,0.4625916,-0.07740843,0.07740843,0.33875
0.9,0.76469916,-0.13530082,0.13530082,0.38441667
0.46666667,0.35672265,-0.109944016,0.109944016,0.28975
0.3,0.24579829,-0.054201722,0.054201722,0.20833333
0.225,0.21774706,-0.0072529316,0.0072529316,0.20825
0.0,0.0025745109,0.0025745109,0.0025745109,0.305
0.4,0.38630235,-0.013697654,0.013697654,0.28325
0.0,0.0026859865,0.0026859865,0.0026859865,0.3755
0.0,0.002726309,0.002726309,0.002726309,0.36466667
0.225,0.25316054,0.028160542,0.028160542,0.3225
0.23333333,0.236844,0.0035106689,0.0035106689,0.245
0.625,0.5791825,-0.045817494,0.045817494,0.29425
0.225,0.2523963,0.027396291,0.027396291,0.31925
0.3125,0.29553056,-0.016969442,0.016969442,0.415
0.45,0.44334918,-0.0066508055,0.0066508055,0.26966667
0.9,0.7658545,-0.1341455,0.1341455,0.22
0.225,0.21400473,-0.010995269,0.010995269,0.36816666
0.675,0.62154114,-0.05345887,0.05345887,0.15
0.0,0.002731435,0.002731435,0.002731435,0.34516665
0.0,0.0027478114,0.0027478114,0.0027478114,0.255
0.45,0.4397983,-0.010201693,0.010201693,0.30575
0.0,0.0031790137,0.0031790137,0.0031790137,0.46858335
0.175,0.19189706,0.016897067,0.016897067,0.33683333
0.0,0.0028465167,0.0028465167,0.0028465167,0.21916667
0.36,0.4051783,0.045178294,0.045178294,0.20791666
0.675,0.623239,-0.05176103,0.05176103,0.25625
0.36666667,0.26730323,-0.099363446,0.099363446,0.46416667
0.46666667,0.2688007,-0.19786596,0.19786596,0.2995
0.14,0.24372706,0.10372706,0.10372706,0.22875
0.0,0.0025267974,0.0025267974,0.0025267974,0.35775
0.0,0.002439469,0.002439469,0.002439469,0.3595
0.0,0.002222024,0.002222024,0.002222024,0.49125
0.225,0.20848984,-0.016510159,0.016510159,0.36775
0.0,0.0026636943,0.0026636943,0.0026636943,0.38133332
1.0,0.41651762,-0.5834824,0.5834824,0.346
0.0,0.002823867,0.002823867,0.002823867,0.21666667
0.0,0.0029407367,0.0029407367,0.0029407367,0.326
1.0,0.9886854,-0.011314571,0.011314571,0.36433333
0.0,0.002454199,0.002454199,0.002454199,0.2665
0.0,0.0031654462,0.0031654462,0.0031654462,0.148
0.0,0.003143385,0.003143385,0.003143385,0.28083333
0.5,0.47429103,-0.025708973,0.025708973,0.24875
0.0,0.0029120669,0.0029120669,0.0029120669,0.1635
0.0,0.0027261302,0.0027261302,0.0027261302,0.36533332
0.0,0.00227084,0.00227084,0.00227084,0.45341668
0.0,0.0033479258,0.0033479258,0.0033479258,0.1065
0.4,0.3918189,-0.008181095,0.008181095,0.17816667
0.0,0.003034182,0.003034182,0.003034182,0.2905
0.0,0.0022519752,0.0022519752,0.0022519752,0.46416667
0.0,0.0026382357,0.0026382357,0.0026382357,0.2945
0.42,0.4020285,-0.017971486,0.017971486,0.39316666
0.45,0.22269619,-0.2273038,0.2273038,0.14675
0.3,0.2256904,-0.07430962,0.07430962,0.2465
0.0,0.0028916225,0.0028916225,0.0028916225,0.34458333
0.0,0.0031498447,0.0031498447,0.0031498447,0.36825
0.0,0.0027893856,0.0027893856,0.0027893856,0.24
0.0,0.0031616464,0.0031616464,0.0031616464,0.146
0.0,0.0030123666,0.0030123666,0.0030123666,0.1805
0.18,0.2234065,0.043406487,0.043406487,0.27783334
0.53333336,0.37519068,-0.15814269,0.15814269,0.22325
0.45,0.43113986,-0.018860132,0.018860132,0.37125
0.32,0.33869505,0.018695056,0.018695056,0.338
0.9,0.24416542,-0.65583456,0.65583456,0.26925
0.32,0.34648153,0.026481539,0.026481539,0.26358333
0.35,0.2449204,-0.10507959,0.10507959,0.1075
0.0,0.0026822165,0.0026822165,0.0026822165,0.2935
0.68,0.7698029,0.08980292,0.08980292,0.21
0.0,0.002316378,0.002316378,0.002316378,0.40125
0.0,0.0024729446,0.0024729446,0.0024729446,0.35541666
0.18,0.21025923,0.030259222,0.030259222,0.46125
0.9,0.24468532,-0.6553147,0.6553147,0.36175
0.68,0.70036036,0.02036035,0.02036035,0.3765
0.25,0.23549846,-0.014501542,0.014501542,0.378
1.25,0.29194692,-0.9580531,0.9580531,0.31166667
0.0,0.0029520765,0.0029520765,0.0029520765,0.36058334
0.64,0.7564306,0.11643064,0.11643064,0.064166665
0.43,0.5052133,0.07521331,0.07521331,0.25958332
0.175,0.24657345,0.07157345,0.07157345,0.125
0.0,0.0025215372,0.0025215372,0.0025215372,0.33825
0.41666666,0.30732578,-0.10934088,0.10934088,0.326
0.0,0.0029400513,0.0029400513,0.0029400513,0.175
0.175,0.19455054,0.019550547,0.019550547,0.37825
0.0,0.0027172193,0.0027172193,0.0027172193,0.27625
0.725,0.48350605,-0.24149397,0.24149397,0.45708334
0.175,0.19526067,0.020260677,0.020260677,0.235
0.0,0.00283207,0.00283207,0.00283207,0.30066666
1.25,0.24379832,-1.0062017,1.0062017,0.36308333
0.225,0.22201395,-0.0029860437,0.0029860437,0.2475
0.5,0.4304201,-0.0695799,0.0695799,0.5975
0.0,0.0027943626,0.0027943626,0.0027943626,0.21291667
0.0,0.0023144484,0.0023144484,0.0023144484,0.42625
0.0,0.0026005358,0.0026005358,0.0026005358,0.3155
0.0,0.0026096404,0.0026096404,0.0026096404,0.19916667
0.725,0.63643825,-0.08856177,0.08856177,0.19583334
0.225,0.21401301,-0.010986984,0.010986984,0.3635
0.6666667,0.44235307,-0.22431362,0.22431362,0.13875
0.0,0.0031282678,0.0031282678,0.0031282678,0.4125
0.28,0.3467408,0.06674081,0.06674081,0.373
0.35,0.3484297,-0.0015702844,0.0015702844,0.41833332
0.45,0.38683626,-0.06316373,0.06316373,0.30875
0.725,0.6191107,-0.10588932,0.10588932,0.27333334
0.4,0.398285,-0.0017150044,0.0017150044,0.1475
0.72,0.79095924,0.07095921,0.07095921,0.1925
0.675,0.47267193,-0.20232809,0.20232809,0.45041665
0.43,0.42370474,-0.006295264,0.006295264,0.2765
0.175,0.23312855,0.05812855,0.05812855,0.525
0.94,0.8998649,-0.040135086,0.040135086,0.5455
0.5375,0.43886906,-0.098630965,0.098630965,0.2
0.225,0.25373584,0.028735846,0.028735846,0.23083334
0.175,0.20456183,0.029561833,0.029561833,0.2225
0.0,0.0022631884,0.0022631884,0.0022631884,0.40691668
0.175,0.20646784,0.03146784,0.03146784,0.34
0.14,0.21207464,0.07207464,0.07207464,0.31858334
0.36,0.36715996,0.0071599483,0.0071599483,0.33125
0.3125,0.29203007,-0.020469934,0.020469934,0.37791666
0.225,0.22923738,0.0042373836,0.0042373836,0.398
0.0,0.0024831593,0.0024831593,0.0024831593,0.37208334
0.0,0.0027699545,0.0027699545,0.0027699545,0.29025
0.45,0.39105564,-0.058944345,0.058944345,0.21625
0.45,0.37129587,-0.07870412,0.07870412,0.38325
0.4,0.4224301,0.022430092,0.022430092,0.28666666
0.0,0.0028104559,0.0028104559,0.0028104559,0.346
0.3,0.22566482,-0.07433519,0.07433519,0.193
0.68,0.6831423,0.0031422973,0.0031422973,0.33533335
0.0,0.0030198917,0.0030198917,0.0030198917,0.18133333
0.23333333,0.18731494,-0.04601839,0.04601839,0.33083335
0.0,0.0028810725,0.0028810725,0.0028810725,0.21083333
0.0,0.0025394484,0.0025394484,0.0025394484,0.36791667
0.23333333,0.22260019,-0.0107331425,0.0107331425,0.39166668
0.0,0.003290087,0.003290087,0.003290087,0.37975
0.14,0.22009674,0.08009674,0.08009674,0.3705
0.225,0.22066209,-0.004337907,0.004337907,0.41275
0.5,0.4458003,-0.054199696,0.054199696,0.26708335
0.225,0.23652053,0.011520535,0.011520535,0.25316668
0.0,0.0025919303,0.0025919303,0.0025919303,0.3
0.175,0.21783656,0.04283656,0.04283656,0.32816666
0.0,0.0027661622,0.0027661622,0.0027661622,0.25233334
0.45,0.4143297,-0.03567028,0.03567028,0.132
0.18,0.24062893,0.06062892,0.06062892,0.555
0.675,0.46876085,-0.20623916,0.20623916,0.35041666
0.175,0.19886774,0.023867741,0.023867741,0.33383334
0.71666664,0.44039893,-0.2762677,0.2762677,0.228
0.95,0.7548527,-0.19514728,0.19514728,0.33533335
0.0,0.003094159,0.003094159,0.003094159,0.32383335
0.4,0.3037276,-0.09627241,0.09627241,0.33175
0.225,0.21712655,-0.007873446,0.007873446,0.22233333
0.0,0.0027697682,0.0027697682,0.0027697682,0.40341666
0.18,0.2133067,0.033306688,0.033306688,0.51533335
0.225,0.24747875,0.02247876,0.02247876,0.27016667
0.5,0.4149533,-0.08504671,0.08504671,0.37233335
0.0,0.0030041859,0.0030041859,0.0030041859,0.36958334
0.8333333,0.52868015,-0.30465317,0.30465317,0.55375
0.225,0.25292858,0.02792859,0.02792859,0.38116667
0.23333333,0.22229972,-0.0110336095,0.0110336095,0.5201667
0.3,0.24001238,-0.059987634,0.059987634,0.37175
0.0,0.0028766766,0.0028766766,0.0028766766,0.2115
0.35,0.3681789,0.01817891,0.01817891,0.29333332
0.225,0.20842892,-0.016571075,0.016571075,0.40216666
0.0,0.0024967566,0.0024967566,0.0024967566,0.37666667
0.36,0.43797782,0.07797781,0.07797781,0.38425
0.175,0.2268753,0.05187531,0.05187531,0.36408332
0.0,0.0032438636,0.0032438636,0.0032438636,0.13
0.4,0.4170838,0.017083794,0.017083794,0.315
1.5,1.143197,-0.35680306,0.35680306,0.24041666
0.3125,0.27381474,-0.038685262,0.038685262,0.21333334
0.0,0.0033170506,0.0033170506,0.0033170506,0.15375
0.32,0.3189827,-0.0010173023,0.0010173023,0.25225
0.0,0.0032284632,0.0032284632,0.0032284632,0.13375
0.0,0.0030655637,0.0030655637,0.0030655637,0.12375
0.225,0.2587746,0.033774614,0.033774614,0.185
0.45,0.40546054,-0.04453945,0.04453945,0.32625
0.0,0.0030023232,0.0030023232,0.0030023232,0.34708333
0.45,0.44560918,-0.004390806,0.004390806,0.18375
0.225,0.23653492,0.011534929,0.011534929,0.6070833
0.0,0.0022082254,0.0022082254,0.0022082254,0.4735
0.18,0.2405085,0.06050849,0.06050849,0.353
0.175,0.18829036,0.013290361,0.013290361,0.42466667
0.32,0.37245825,0.052458256,0.052458256,0.29425
0.45,0.3994069,-0.050593078,0.050593078,0.33666667
0.4,0.47578007,0.075780064,0.075780064,0.344
0.45,0.45246437,0.0024643838,0.0024643838,0.13333334
0.225,0.2453919,0.020391911,0.020391911,0.38158333
0.4,0.42219996,0.022199959,0.022199959,0.29
0.28,0.35584998,0.07584998,0.07584998,0.35916665
0.175,0.20516998,0.030169979,0.030169979,0.24458334
0.7125,0.49335515,-0.21914482,0.21914482,0.15375
0.39,0.39570108,0.005701095,0.005701095,0.26625
0.625,0.5841589,-0.040841103,0.040841103,0.2975
0.32,0.37588972,0.055889726,0.055889726,0.34
0.0,0.0023009777,0.0023009777,0.0023009777,0.31375
0.225,0.23548436,0.010484368,0.010484368,0.2525
0.0,0.003161095,0.003161095,0.003161095,0.316
0.35,0.22756779,-0.1224322,0.1224322,0.21333334
0.0,0.0028428808,0.0028428808,0.0028428808,0.38575
0.0,0.0030225143,0.0030225143,0.0030225143,0.18
0.0,0.002555333,0.002555333,0.002555333,0.33583334
0.0,0.0028610006,0.0028610006,0.0028610006,0.20666666
0.175,0.19267932,0.017679319,0.017679319,0.36916667
0.3,0.2261441,-0.07385591,0.07385591,0.385
0.0,0.0024711415,0.0024711415,0.0024711415,0.3855
0.0,0.0028117523,0.0028117523,0.0028117523,0.2205
0.3,0.25235692,-0.047643095,0.047643095,0.28558335
0.35,0.2027745,-0.1472255,0.1472255,0.334
0.225,0.23021922,0.005219221,0.005219221,0.3695
0.0,0.002769485,0.002769485,0.002769485,0.248
0.0,0.0031166598,0.0031166598,0.0031166598,0.2475
0.3,0.20169273,-0.09830728,0.09830728,0.43575
0.35,0.21892369,-0.1310763,0.1310763,0.30466667
0.53333336,0.40137595,-0.13195741,0.13195741,0.228
0.3,0.26167303,-0.03832698,0.03832698,0.1275
0.0,0.0032869205,0.0032869205,0.0032869205,0.12025
0.0,0.002478607,0.002478607,0.002478607,0.355
0.0,0.0029553697,0.0029553697,0.0029553697,0.3355
0.45,0.42711145,-0.022888541,0.022888541,0.42175
0.45,0.33484155,-0.11515844,0.11515844,0.38541666
0.0,0.0023567304,0.0023567304,0.0023567304,0.40975
0.5,0.40286243,-0.09713757,0.09713757,0.325
0.45,0.4021535,-0.047846496,0.047846496,0.27441666
0.0,0.0030766204,0.0030766204,0.0030766204,0.2195
0.6,0.39709544,-0.20290458,0.20290458,0.5938333
0.0,0.0033965036,0.0033965036,0.0033965036,0.4305
0.0,0.0031089932,0.0031089932,0.0031089932,0.414
0.225,0.22112694,-0.0038730502,0.0038730502,0.23775
0.0,0.0029096603,0.0029096603,0.0029096603,0.15333334
0.41666666,0.29963234,-0.117034316,0.117034316,0.2305
0.35,0.29191926,-0.058080733,0.058080733,0.41791666
0.0,0.0026883632,0.0026883632,0.0026883632,0.292
0.35,0.2787037,-0.071296304,0.071296304,0.26
0.23333333,0.21911398,-0.014219359,0.014219359,0.46708333
0.0,0.0030474067,0.0030474067,0.0030474067,0.2845
0.45,0.37660617,-0.07339382,0.07339382,0.29533333
0.23333333,0.24158135,0.008248016,0.008248016,0.241
0.2,0.0059189573,-0.19408104,0.19408104,0.18166667
0.0,0.003416203,0.003416203,0.003416203,0.48566666
0.0,0.003046304,0.003046304,0.003046304,0.29175
0.0,0.0027420446,0.0027420446,0.0027420446,0.2925
0.46666667,0.355245,-0.111421674,0.111421674,0.33633333
0.0,0.0028534532,0.0028534532,0.0028534532,0.21583334
0.0,0.0030282065,0.0030282065,0.0030282065,0.2625
0.65,0.4187047,-0.23129529,0.23129529,0.23833333
0.0,0.0028407946,0.0028407946,0.0028407946,0.193
0.625,0.45162663,-0.17337337,0.17337337,0.46125
0.175,0.24060565,0.065605655,0.065605655,0.13625
0.0,0.0025622025,0.0025622025,0.0025622025,0.29125
0.23333333,0.2428107,0.009477362,0.009477362,0.15516667
0.0,0.0025997013,0.0025997013,0.0025997013,0.3275
0.0,0.0023571774,0.0023571774,0.0023571774,0.385
0.4,0.33928722,-0.060712785,0.060712785,0.28558335
0.0,0.0023095533,0.0023095533,0.0023095533,0.42833334
0.54,0.46685264,-0.07314739,0.07314739,0.26541665
0.23333333,0.22827515,-0.0050581843,0.0050581843,0.27666667
0.25,0.3073062,0.0573062,0.0573062,0.225
0.18,0.24731559,0.06731558,0.06731558,0.29925
0.9,0.43736094,-0.46263903,0.46263903,0.28958333
0.9,0.25351727,-0.6464827,0.6464827,0.1465
0.76,0.7635348,0.0035347939,0.0035347939,0.30725
0.32,0.2939156,-0.026084393,0.026084393,0.38616666
0.0,0.0030719042,0.0030719042,0.0030719042,0.13166666
0.23333333,0.2052458,-0.028087541,0.028087541,0.29475
0.175,0.2190499,0.044049904,0.044049904,0.71875
0.3125,0.2364319,-0.0760681,0.0760681,0.37
0.5375,0.44077134,-0.09672868,0.09672868,0.21666667
1.075,0.42318937,-0.65181065,0.65181065,0.284
0.61,0.524545,-0.085455,0.085455,0.341
0.0,0.0022921786,0.0022921786,0.0022921786,0.31475
0.0,0.0028801113,0.0028801113,0.0028801113,0.28433332
0.4,0.37201428,-0.027985722,0.027985722,0.26083332
1.05,1.0872254,0.037225485,0.037225485,0.14375
0.9,0.27600506,-0.62399495,0.62399495,0.11875
0.45,0.21271938,-0.2372806,0.2372806,0.41491666
0.14,0.224915,0.084915,0.084915,0.25833333
0.41666666,0.29085445,-0.1258122,0.1258122,0.262
0.93,0.89791983,-0.032080173,0.032080173,0.49575
0.58,0.48780507,-0.092194915,0.092194915,0.34516665
0.0,0.0029918924,0.0029918924,0.0029918924,0.26466668
0.0,0.0032050908,0.0032050908,0.0032050908,0.13925
0.28,0.24563861,-0.034361392,0.034361392,0.4895
0.32,0.34199178,0.02199179,0.02199179,0.3
0.0,0.0029881522,0.0029881522,0.0029881522,0.3905
0.4,0.2903535,-0.1096465,0.1096465,0.3405
0.0,0.0030597448,0.0030597448,0.0030597448,0.1305
0.4,0.35168782,-0.048312187,0.048312187,0.5205
0.25,0.30475384,0.05475384,0.05475384,0.2
0.0,0.002631329,0.002631329,0.002631329,0.31875
1.25,0.35786378,-0.8921362,0.8921362,0.08083333
0.0,0.0029029176,0.0029029176,0.0029029176,0.208
0.225,0.22574076,0.0007407665,0.0007407665,0.245
0.225,0.21200696,-0.012993038,0.012993038,0.214
0.8875,0.7546432,-0.13285679,0.13285679,0.26925
0.5,0.463054,-0.036946,0.036946,0.27725
0.225,0.25249803,0.027498037,0.027498037,0.24975
0.18,0.20160398,0.021603972,0.021603972,0.44425
1.0375,0.86264956,-0.17485046,0.17485046,0.31475
0.225,0.21248874,-0.012511253,0.012511253,0.23275
0.625,0.4311257,-0.1938743,0.1938743,0.50733334
0.4,0.34975618,-0.050243825,0.050243825,0.49941668
0.4,0.49858075,0.09858075,0.09858075,0.2455
0.45,0.25677222,-0.19322777,0.19322777,0.25916666
0.0,0.0022767112,0.0022767112,0.0022767112,0.432
0.0,0.0025174543,0.0025174543,0.0025174543,0.34433332
0.5,0.4078235,-0.0921765,0.0921765,0.31216666
0.225,0.24769154,0.022691548,0.022691548,0.19125
0.625,0.29964563,-0.32535437,0.32535437,0.29
0.0,0.0023915693,0.0023915693,0.0023915693,0.36741668
0.175,0.2360582,0.06105821,0.06105821,0.19625
0.0,0.0024607703,0.0024607703,0.0024607703,0.344
0.725,0.56922543,-0.1557746,0.1557746,0.35333332
0.5,0.4954816,-0.0045183897,0.0045183897,0.45375
0.9,0.39702845,-0.50297153,0.50297153,0.38125
0.675,0.589681,-0.08531898,0.08531898,0.32275
0.4,0.47315887,0.07315886,0.07315886,0.2385
0.9,0.23046088,-0.6695391,0.6695391,0.49125
0.58,0.48393542,-0.09606457,0.09606457,0.35025
0.7,0.20623648,-0.4937635,0.4937635,0.28133333
0.175,0.20147407,0.026474074,0.026474074,0.446
0.175,0.2303637,0.0553637,0.0553637,0.19916667
0.675,0.48137516,-0.19362485,0.19362485,0.281
0.54,0.5015458,-0.038454235,0.038454235,0.46433333
0.9,0.24179712,-0.6582029,0.6582029,0.113
0.68,0.56375015,-0.11624986,0.11624986,0.23583333
0.23333333,0.24239904,0.009065703,0.009065703,0.26875
0.57,0.5767163,0.006716311,0.006716311,0.33533335
0.225,0.24975505,0.02475506,0.02475506,0.42216668
0.53333336,0.29419458,-0.23913878,0.23913878,0.42858332
0.36,0.41759083,0.057590812,0.057590812,0.084
0.32,0.38971168,0.069711685,0.069711685,0.19566667
0.18,0.22472069,0.04472068,0.04472068,0.42275
0.0,0.0030461997,0.0030461997,0.0030461997,0.2905
0.9,0.43204984,-0.46795014,0.46795014,0.41416666
0.35,0.2174021,-0.1325979,0.1325979,0.44675
0.575,0.5404625,-0.034537494,0.034537494,0.272
0.0,0.003166847,0.003166847,0.003166847,0.39616665
0.43,0.43131286,0.0013128519,0.0013128519,0.16925
0.225,0.22525108,0.00025108457,0.00025108457,0.2415
0.5,0.46502128,-0.034978718,0.034978718,0.34458333
0.225,0.23954433,0.014544338,0.014544338,0.40708333
0.175,0.18956834,0.014568344,0.014568344,0.29625
0.0,0.0027916953,0.0027916953,0.0027916953,0.24
0.7,0.2230556,-0.4769444,0.4769444,0.1625
0.5,0.4215895,-0.078410506,0.078410506,0.25083333
0.0,0.0029001534,0.0029001534,0.0029001534,0.24658333
0.0,0.0026603714,0.0026603714,0.0026603714,0.29125
0.175,0.1969961,0.021996096,0.021996096,0.325
0.175,0.21931192,0.044311926,0.044311926,0.34525
0.5375,0.43097943,-0.10652059,0.10652059,0.23458333
0.7,0.24399075,-0.45600924,0.45600924,0.12
0.3125,0.30370593,-0.008794069,0.008794069,0.33633333
0.175,0.24317083,0.06817083,0.06817083,0.243
0.0,0.002539046,0.002539046,0.002539046,0.31525
0.5,0.4802058,-0.019794196,0.019794196,0.32341668
0.175,0.19089961,0.015899613,0.015899613,0.44425
1.3333334,0.77185535,-0.561478,0.561478,0.40875
0.0,0.002801627,0.002801627,0.002801627,0.3645
0.46,0.42052954,-0.039470464,0.039470464,0.364
0.625,0.29296544,-0.33203456,0.33203456,0.395
0.0,0.0029548332,0.0029548332,0.0029548332,0.32458332
0.3125,0.30178705,-0.010712951,0.010712951,0.26258335
0.0,0.0026122853,0.0026122853,0.0026122853,0.28666666
0.4,0.3212067,-0.07879332,0.07879332,0.37266666
0.0,0.002796419,0.002796419,0.002796419,0.2175
0.85,0.7242862,-0.12571383,0.12571383,0.27333334
0.0,0.0028330088,0.0028330088,0.0028330088,0.22375
0.0,0.002593927,0.002593927,0.002593927,0.28575
1.0833334,0.71409094,-0.36924243,0.36924243,0.21916667
0.41666666,0.31673303,-0.099933624,0.099933624,0.18175
0.0,0.0025795326,0.0025795326,0.0025795326,0.29
0.175,0.19344765,0.018447652,0.018447652,0.3555
0.0,0.0030264482,0.0030264482,0.0030264482,0.19516666
0.225,0.21926808,-0.0057319105,0.0057319105,0.48425
0.45,0.42942613,-0.020573854,0.020573854,0.27875
0.3,0.25261042,-0.047389597,0.047389597,0.43833333
0.8125,0.5958513,-0.2166487,0.2166487,0.32366666
0.225,0.25715238,0.032152385,0.032152385,0.19775
0.23333333,0.21118325,-0.022150084,0.022150084,0.31275
0.5375,0.4952034,-0.04229662,0.04229662,0.3145
0.3,0.21974176,-0.08025825,0.08025825,0.20666666
0.0,0.002754122,0.002754122,0.002754122,0.22416666
1.25,0.24639562,-1.0036044,1.0036044,0.3995
0.5,0.44753194,-0.05246806,0.05246806,0.2725
0.18,0.25190213,0.071902126,0.071902126,0.2885
0.54,0.4609147,-0.07908532,0.07908532,0.37525
0.5,0.45522314,-0.044776857,0.044776857,0.43541667
0.0,0.00265529,0.00265529,0.00265529,0.30041668
0.0,0.0029477403,0.0029477403,0.0029477403,0.19333333
0.4,0.41189906,0.011899054,0.011899054,0.1955
0.0,0.0031664297,0.0031664297,0.0031664297,0.20825
0.0,0.0026344731,0.0026344731,0.0026344731,0.2825
0.7,0.21950427,-0.48049572,0.48049572,0.30075
0.3,0.24055839,-0.059441626,0.059441626,0.3005
0.61,0.6373005,0.027300477,0.027300477,0.2855
0.3,0.2269893,-0.07301071,0.07301071,0.28541666
0.0,0.0027387962,0.0027387962,0.0027387962,0.36466667
0.225,0.2531994,0.028199404,0.028199404,0.32166666
0.23333333,0.23626205,0.002928719,0.002928719,0.24583334
0.5375,0.51376003,-0.023739994,0.023739994,0.13583334
0.14,0.21982273,0.079822734,0.079822734,0.3255
0.3125,0.28747973,-0.025020272,0.025020272,0.34175
0.0,0.00224863,0.00224863,0.00224863,0.44625
0.32,0.35983804,0.039838046,0.039838046,0.41775
0.225,0.21202135,-0.012978643,0.012978643,0.25691667
0.6666667,0.48451722,-0.18214947,0.18214947,0.3
0.175,0.20804799,0.03304799,0.03304799,0.38625
0.3125,0.29335257,-0.019147426,0.019147426,0.23066667
0.0,0.002658382,0.002658382,0.002658382,0.28125
0.175,0.19588575,0.02088575,0.02088575,0.307
0.225,0.23996913,0.01496914,0.01496914,0.304
0.57,0.62957066,0.05957067,0.05957067,0.509
0.0,0.0020266846,0.0020266846,0.0020266846,0.64625
0.36,0.36734673,0.0073467195,0.0073467195,0.36791667
0.35,0.20520207,-0.14479792,0.14479792,0.25966668
0.3,0.20475346,-0.09524655,0.09524655,0.40125
0.43,0.41228378,-0.017716229,0.017716229,0.3405
0.35,0.1990281,-0.15097189,0.15097189,0.26583335
0.18,0.22542274,0.045422733,0.045422733,0.36341667
0.225,0.21312359,-0.011876404,0.011876404,0.3345
0.0,0.0028935298,0.0028935298,0.0028935298,0.28433332
0.61,0.54144776,-0.068552256,0.068552256,0.5108333
0.45,0.4319374,-0.018062592,0.018062592,0.248
0.7125,0.49469566,-0.21780431,0.21780431,0.3355
0.625,0.44166267,-0.18333733,0.18333733,0.34541667
0.725,0.61291814,-0.112081885,0.112081885,0.36975
0.25,0.27510044,0.02510044,0.02510044,0.29691666
0.0,0.0030605271,0.0030605271,0.0030605271,0.1475
0.0,0.002754502,0.002754502,0.002754502,0.32266667
0.46,0.48594534,0.025945336,0.025945336,0.35833332
0.58,0.49857932,-0.08142066,0.08142066,0.279
0.3125,0.24369058,-0.06880942,0.06880942,0.39233333
0.175,0.19784495,0.022844955,0.022844955,0.26025
0.575,0.44574803,-0.12925196,0.12925196,0.45291665
0.0,0.0026388392,0.0026388392,0.0026388392,0.2675
0.7125,0.48477393,-0.22772604,0.22772604,0.33
0.3125,0.2572127,-0.0552873,0.0552873,0.44575
0.65,0.3202292,-0.32977077,0.32977077,0.23866667
0.0,0.0029939637,0.0029939637,0.0029939637,0.255
0.18,0.21217015,0.032170147,0.032170147,0.36591667
0.175,0.2106654,0.035665408,0.035665408,0.31358334
0.225,0.21748358,-0.007516414,0.007516414,0.2725
0.28,0.37953967,0.09953967,0.09953967,0.38116667
0.175,0.21636331,0.041363314,0.041363314,0.22741666
0.575,0.459131,-0.115868986,0.115868986,0.30825
0.225,0.25149238,0.026492387,0.026492387,0.2715
0.0,0.0032772124,0.0032772124,0.0032772124,0.39725
0.42,0.4854656,0.0654656,0.0654656,0.36466667
0.225,0.23842812,0.013428122,0.013428122,0.35275
0.3,0.22882974,-0.07117027,0.07117027,0.2615
0.0,0.0027645752,0.0027645752,0.0027645752,0.32966667
0.7125,0.5513498,-0.16115016,0.16115016,0.23208334
0.3,0.2532059,-0.046794116,0.046794116,0.32083333
0.0,0.0032980442,0.0032980442,0.0032980442,0.17125
0.35,0.23517925,-0.11482075,0.11482075,0.26916668
0.57,0.47284174,-0.09715825,0.09715825,0.28725
0.0,0.0026296452,0.0026296452,0.0026296452,0.18958333
0.4875,0.46128684,-0.02621317,0.02621317,0.324
0.0,0.0027177185,0.0027177185,0.0027177185,0.19
0.225,0.2433956,0.018395603,0.018395603,0.26825
0.175,0.19087775,0.015877753,0.015877753,0.2545
0.3125,0.26913327,-0.04336673,0.04336673,0.32008332
0.45,0.40051055,-0.04948944,0.04948944,0.27
0.35,0.36057514,0.0105751455,0.0105751455,0.2475
0.65,0.40510213,-0.24489784,0.24489784,0.4175
0.0,0.0029721037,0.0029721037,0.0029721037,0.3165
0.0,0.0028158128,0.0028158128,0.0028158128,0.41458333
0.0,0.0025012866,0.0025012866,0.0025012866,0.35333332
0.65,0.67374814,0.02374816,0.02374816,0.27925
0.65,0.4613737,-0.18862629,0.18862629,0.26958334
0.86,0.85738015,-0.0026198626,0.0026198626,0.34166667
0.0,0.0022826865,0.0022826865,0.0022826865,0.44466665
0.225,0.22875115,0.0037511587,0.0037511587,0.22766666
0.0,0.0028716996,0.0028716996,0.0028716996,0.198
0.25,0.29210323,0.04210323,0.04210323,0.29308334
0.0,0.00274574,0.00274574,0.00274574,0.39075
0.675,0.5813891,-0.09361088,0.09361088,0.4075
0.18,0.2295498,0.04954979,0.04954979,0.378
0.57,0.6158639,0.045863926,0.045863926,0.307
0.18,0.20853606,0.028536052,0.028536052,0.33916667
0.0,0.0025215372,0.0025215372,0.0025215372,0.28133333
0.8875,0.75485635,-0.13264364,0.13264364,0.34
0.18,0.21053419,0.030534178,0.030534178,0.2845
0.18,0.20854431,0.028544307,0.028544307,0.32283333
1.25,0.2958024,-0.9541976,0.9541976,0.21833333
0.0,0.0029812679,0.0029812679,0.0029812679,0.1875
0.4875,0.47445783,-0.013042182,0.013042182,0.33625
0.0,0.0030375943,0.0030375943,0.0030375943,0.2745
0.3125,0.302198,-0.010302007,0.010302007,0.5425
0.525,0.45379952,-0.07120046,0.07120046,0.348
0.96666664,0.6388718,-0.32779485,0.32779485,0.3375
0.225,0.23581532,0.010815322,0.010815322,0.31008333
0.225,0.2459926,0.020992607,0.020992607,0.465
0.45,0.24308673,-0.20691326,0.20691326,0.21583334
0.18,0.21468541,0.034685403,0.034685403,0.2445
0.225,0.20670357,-0.01829642,0.01829642,0.336
0.18,0.2102912,0.0302912,0.0302912,0.38875
0.0,0.0032364056,0.0032364056,0.0032364056,0.167
0.9,0.25748205,-0.6425179,0.6425179,0.23125
0.0,0.0027396008,0.0027396008,0.0027396008,0.22958334
0.225,0.2527516,0.027751595,0.027751595,0.3625
0.83,0.8332721,0.0032721162,0.0032721162,0.30808333
0.175,0.2198149,0.0448149,0.0448149,0.34433332
0.175,0.21441188,0.039411888,0.039411888,0.43083334
0.0,0.0029872581,0.0029872581,0.0029872581,0.35375
0.225,0.26534313,0.040343136,0.040343136,0.13333334
0.9,0.4042414,-0.49575856,0.49575856,0.25583333
0.225,0.24781257,0.022812575,0.022812575,0.43066666
0.3125,0.24271286,-0.069787145,0.069787145,0.33775
0.45,0.41309705,-0.036902934,0.036902934,0.27625
0.3125,0.23613366,-0.076366335,0.076366335,0.47258332
0.225,0.23890966,0.013909668,0.013909668,0.2505
0.7125,0.48635566,-0.22614431,0.22614431,0.44791666
0.8125,0.5625185,-0.24998152,0.24998152,0.2175
0.0,0.003163837,0.003163837,0.003163837,0.43408334
0.4875,0.3707769,-0.11672312,0.11672312,0.5675
0.0,0.0022313073,0.0022313073,0.0022313073,0.5895
0.0,0.0028731897,0.0028731897,0.0028731897,0.24
0.225,0.25247177,0.02747178,0.02747178,0.32691666
0.625,0.47743177,-0.14756823,0.14756823,0.3575
0.225,0.21111587,-0.013884127,0.013884127,0.4125
0.225,0.22841495,0.0034149587,0.0034149587,0.4205
0.0,0.0028284714,0.0028284714,0.0028284714,0.21666667
0.0,0.002592288,0.002592288,0.002592288,0.22
0.57,0.46866596,-0.101334035,0.101334035,0.30383334
0.18,0.2290563,0.04905629,0.04905629,0.25475
0.4875,0.40825188,-0.07924813,0.07924813,0.2075
0.7,0.5490993,-0.15090066,0.15090066,0.35733333
0.14,0.18803853,0.048038527,0.048038527,0.41441667
0.14,0.218896,0.078896,0.078896,0.12
0.5375,0.4945448,-0.04295522,0.04295522,0.27666667
0.0,0.0029464662,0.0029464662,0.0029464662,0.35333332
0.225,0.20762885,-0.017371148,0.017371148,0.31975
0.0,0.0030660555,0.0030660555,0.0030660555,0.2605
0.675,0.56817096,-0.10682905,0.10682905,0.33666667
0.3125,0.2565102,-0.055989802,0.055989802,0.18975
0.45,0.40003377,-0.049966216,0.049966216,0.264
0.36,0.3870557,0.02705568,0.02705568,0.32208332
0.0,0.002420187,0.002420187,0.002420187,0.24375
0.4,0.35628557,-0.043714434,0.043714434,0.39975
0.0,0.0030879602,0.0030879602,0.0030879602,0.27941668
0.6666667,0.47882718,-0.18783951,0.18783951,0.36666667
0.23333333,0.20759782,-0.025735512,0.025735512,0.38625
1.175,0.94554865,-0.2294513,0.2294513,0.26191667
0.3,0.24735662,-0.05264339,0.05264339,0.28125
0.96666664,0.50258046,-0.46408617,0.46408617,0.3245
0.0,0.0025815517,0.0025815517,0.0025815517,0.3265
0.0,0.002764739,0.002764739,0.002764739,0.25233334
0.0,0.0027688965,0.0027688965,0.0027688965,0.26433334
0.0,0.0021511987,0.0021511987,0.0021511987,0.5485
0.0,0.0025347397,0.0025347397,0.0025347397,0.28275
0.5,0.4333216,-0.066678405,0.066678405,0.5925
0.45,0.3648141,-0.085185885,0.085185885,0.35016668
0.35,0.20770669,-0.1422933,0.1422933,0.21466666
0.1,0.006498821,-0.09350118,0.09350118,0.38825
0.4875,0.38224894,-0.105251074,0.105251074,0.361
0.0,0.0027856603,0.0027856603,0.0027856603,0.38141668
0.225,0.21239087,-0.012609124,0.012609124,0.3
0.18,0.21033612,0.030336112,0.030336112,0.5398333
0.35,0.2758857,-0.07411429,0.07411429,0.25208333
0.0,0.0021441951,0.0021441951,0.0021441951,0.5395833
0.43,0.4787001,0.048700094,0.048700094,0.4335
0.7125,0.6059952,-0.1065048,0.1065048,0.3485
0.0,0.0031259954,0.0031259954,0.0031259954,0.15775
0.45,0.3592889,-0.09071109,0.09071109,0.40216666
0.575,0.51756775,-0.057432234,0.057432234,0.30416667
0.225,0.21311668,-0.011883318,0.011883318,0.34816667
0.9,0.23267579,-0.6673242,0.6673242,0.35041666
0.5375,0.49396133,-0.04353869,0.04353869,0.19625
0.0,0.0030914545,0.0030914545,0.0030914545,0.15716666
0.7,0.23745278,-0.4625472,0.4625472,0.37575
0.225,0.24649775,0.021497756,0.021497756,0.35033333
0.0,0.0024963692,0.0024963692,0.0024963692,0.32741666
0.0,0.003341943,0.003341943,0.003341943,0.1075
0.57,0.60564846,0.035648465,0.035648465,0.2765
0.0,0.002823323,0.002823323,0.002823323,0.40333334
0.0,0.0026431754,0.0026431754,0.0026431754,0.28
0.4,0.3734059,-0.026594102,0.026594102,0.4225
0.175,0.21695924,0.04195924,0.04195924,0.13375
0.76,0.7376846,-0.022315383,0.022315383,0.35025
0.28,0.35625035,0.076250345,0.076250345,0.2785
0.0,0.00307215,0.00307215,0.00307215,0.12375
0.175,0.24110243,0.06610243,0.06610243,0.31375
0.36,0.4040931,0.044093072,0.044093072,0.257
0.32,0.31138298,-0.008617014,0.008617014,0.2535
0.0,0.002591163,0.002591163,0.002591163,0.31466666
0.3,0.23951057,-0.060489446,0.060489446,0.135
0.0,0.0026145875,0.0026145875,0.0026145875,0.28666666
0.45,0.25450444,-0.19549555,0.19549555,0.15666667
0.225,0.23070404,0.0057040453,0.0057040453,0.22375
0.4,0.40894765,0.008947641,0.008947641,0.22875
0.225,0.22616369,0.0011636913,0.0011636913,0.355
0.0,0.0029824004,0.0029824004,0.0029824004,0.185
0.0,0.0027967915,0.0027967915,0.0027967915,0.3465
0.225,0.22437781,-0.0006221831,0.0006221831,0.19516666
0.175,0.1922904,0.017290398,0.017290398,0.225
0.0,0.0025588349,0.0025588349,0.0025588349,0.2925
0.5,0.43253502,-0.06746498,0.06746498,0.44775
0.0,0.0022676438,0.0022676438,0.0022676438,0.43866667
0.23333333,0.23834708,0.005013749,0.005013749,0.445
0.0,0.002750054,0.002750054,0.002750054,0.17525
0.45,0.24290177,-0.20709822,0.20709822,0.263
0.4,0.40444338,0.0044433773,0.0044433773,0.35075
0.3125,0.24851763,-0.06398237,0.06398237,0.23666666
0.0,0.0028136522,0.0028136522,0.0028136522,0.20166667
0.0,0.0025385693,0.0025385693,0.0025385693,0.3325
0.0,0.0028063133,0.0028063133,0.0028063133,0.2325
0.675,0.4531191,-0.22188091,0.22188091,0.46225
0.3125,0.26786366,-0.04463634,0.04463634,0.4185
0.225,0.24629235,0.021292359,0.021292359,0.43475
0.3,0.2107215,-0.08927852,0.08927852,0.25525
0.225,0.21127465,-0.01372534,0.01372534,0.3525
0.0,0.003091298,0.003091298,0.003091298,0.2195
0.0,0.0024519041,0.0024519041,0.0024519041,0.58383334
0.4,0.26794735,-0.13205266,0.13205266,0.54733336
0.175,0.18350193,0.008501932,0.008501932,0.413
0.3,0.21532089,-0.08467913,0.08467913,0.46816668
0.0,0.0025000945,0.0025000945,0.0025000945,0.25
0.225,0.2437759,0.01877591,0.01877591,0.268
0.225,0.2391659,0.014165908,0.014165908,0.432
0.725,0.6275774,-0.0974226,0.0974226,0.25466666
1.0375,0.80158323,-0.2359168,0.2359168,0.45
0.0,0.002268277,0.002268277,0.002268277,0.43708333
0.6625,0.59318346,-0.069316566,0.069316566,0.27233332
0.0,0.0026630685,0.0026630685,0.0026630685,0.30366668
0.9,0.45645744,-0.44354254,0.44354254,0.54875
0.5,0.4563105,-0.04368949,0.04368949,0.40625
0.675,0.4633282,-0.2116718,0.2116718,0.27375
0.7625,0.5017538,-0.26074618,0.26074618,0.38916665
0.0,0.0028833672,0.0028833672,0.0028833672,0.2775
1.075,0.43859214,-0.6364079,0.6364079,0.23258333
0.225,0.21770462,-0.00729537,0.00729537,0.22466667
0.45,0.23196337,-0.21803662,0.21803662,0.25858334
0.225,0.20362249,-0.021377504,0.021377504,0.4775
0.0,0.0029716566,0.0029716566,0.0029716566,0.332
0.14,0.19493267,0.05493267,0.05493267,0.27033332
0.0,0.0031098798,0.0031098798,0.0031098798,0.16
0.4,0.3764642,-0.023535818,0.023535818,0.32758334
0.0,0.0027319565,0.0027319565,0.0027319565,0.2155
0.5,0.3907861,-0.10921389,0.10921389,0.43925
0.39,0.37355798,-0.016442,0.016442,0.378
0.23333333,0.1896702,-0.04366313,0.04366313,0.2365
0.0,0.0023168698,0.0023168698,0.0023168698,0.30475
0.36,0.36141863,0.0014186203,0.0014186203,0.25908333
0.0,0.002594225,0.002594225,0.002594225,0.3
0.675,0.5068717,-0.16812831,0.16812831,0.177
0.675,0.48663503,-0.18836498,0.18836498,0.29383335
0.0,0.0033413842,0.0033413842,0.0033413842,0.108
0.225,0.213058,-0.011941999,0.011941999,0.38366666
0.43,0.41585177,-0.014148235,0.014148235,0.30633333
0.0,0.0029676035,0.0029676035,0.0029676035,0.3545
0.0,0.0031738952,0.0031738952,0.0031738952,0.3445
0.7125,0.52385765,-0.18864232,0.18864232,0.5425
0.57,0.49167943,-0.07832056,0.07832056,0.24483334
0.6625,0.5742568,-0.088243246,0.088243246,0.29625
0.0,0.0028975904,0.0028975904,0.0028975904,0.064666666
0.3,0.25953758,-0.040462434,0.040462434,0.17916666
0.225,0.2251336,0.00013360381,0.00013360381,0.245
0.0,0.0025994107,0.0025994107,0.0025994107,0.265
0.625,0.5500156,-0.07498437,0.07498437,0.3355
0.14,0.20267007,0.06267007,0.06267007,0.38633335
0.4,0.399445,-0.00055500865,0.00055500865,0.25025
0.25,0.2465078,-0.0034922063,0.0034922063,0.295
0.5,0.54223573,0.042235732,0.042235732,0.39166668
0.45,0.44104156,-0.008958429,0.008958429,0.29833335
0.0,0.0027235076,0.0027235076,0.0027235076,0.30325
0.18,0.2419669,0.061966896,0.061966896,0.366
0.28,0.36805415,0.08805415,0.08805415,0.294
0.39,0.37528998,-0.014710009,0.014710009,0.37475
0.4,0.41055745,0.010557443,0.010557443,0.40666667
0.39,0.44362193,0.053621948,0.053621948,0.35025
0.0,0.002777405,0.002777405,0.002777405,0.2465
0.175,0.20299542,0.027995422,0.027995422,0.28966665
0.23333333,0.2022366,-0.031096742,0.031096742,0.28083333
1.25,0.28701672,-0.96298325,0.96298325,0.33333334
0.225,0.21646321,-0.008536786,0.008536786,0.14875
0.5,0.5440997,0.04409969,0.04409969,0.30416667
0.18,0.2030158,0.023015797,0.023015797,0.34425
0.0,0.0022928491,0.0022928491,0.0022928491,0.35025
0.75,0.8545274,0.104527414,0.104527414,0.1725
0.14,0.21976289,0.07976289,0.07976289,0.29075
0.23333333,0.22855991,-0.004773423,0.004773423,0.32125
0.0,0.0026141927,0.0026141927,0.0026141927,0.31825
0.725,0.49763077,-0.22736925,0.22736925,0.358
0.41666666,0.23055512,-0.18611154,0.18611154,0.40791667
0.53333336,0.4030179,-0.13031545,0.13031545,0.24075
0.0,0.0026376173,0.0026376173,0.0026376173,0.32191667
0.41666666,0.45558542,0.038918763,0.038918763,0.38466668
0.0,0.0030655637,0.0030655637,0.0030655637,0.1475
0.0,0.002590552,0.002590552,0.002590552,0.31041667
0.68,0.7043905,0.024390519,0.024390519,0.25466666
0.225,0.23304355,0.008043557,0.008043557,0.40433332
0.5,0.4059373,-0.094062686,0.094062686,0.297
0.61,0.516749,-0.09325099,0.09325099,0.40108332
0.35,0.40598425,0.05598426,0.05598426,0.34033334
0.0,0.0029726475,0.0029726475,0.0029726475,0.2465
0.0,0.0030705482,0.0030705482,0.0030705482,0.10458333
0.5,0.5501743,0.050174296,0.050174296,0.30416667
0.225,0.2516578,0.02665782,0.02665782,0.24458334
0.0,0.0031250492,0.0031250492,0.0031250492,0.36525
0.7125,0.53315586,-0.17934412,0.17934412,0.409
0.3,0.23645332,-0.06354669,0.06354669,0.30366668
0.7,0.19267884,-0.5073211,0.5073211,0.28891668
0.36,0.396227,0.036226988,0.036226988,0.31358334
0.0,0.003101565,0.003101565,0.003101565,0.272
0.0,0.0027539283,0.0027539283,0.0027539283,0.26758334
0.18,0.22230217,0.04230216,0.04230216,0.31825
0.0,0.0027775913,0.0027775913,0.0027775913,0.3925
0.9,0.21405682,-0.6859431,0.6859431,0.3025
0.4875,0.4039453,-0.083554715,0.083554715,0.39208335
0.0,0.0025804564,0.0025804564,0.0025804564,0.32333332
0.4,0.41881418,0.018814176,0.018814176,0.32175
0.0,0.0032032207,0.0032032207,0.0032032207,0.40516666
0.7,0.23219624,-0.46780375,0.46780375,0.42716667
0.53,0.56210274,0.032102764,0.032102764,0.3405
0.0,0.0028024912,0.0028024912,0.0028024912,0.25016665
0.79,0.81886834,0.028868318,0.028868318,0.158
0.45,0.3902155,-0.0597845,0.0597845,0.3595
0.7,0.23614663,-0.46385336,0.46385336,0.475
0.94,0.91896975,-0.021030247,0.021030247,0.396
0.72,0.7782588,0.058258772,0.058258772,0.248
0.0,0.0022984594,0.0022984594,0.0022984594,0.428
0.0,0.00254713,0.00254713,0.00254713,0.33275
0.45,0.36812556,-0.08187443,0.08187443,0.31716666
0.36,0.43096927,0.070969254,0.070969254,0.26333332
0.58,0.6595819,0.07958192,0.07958192,0.14
0.6666667,0.47536257,-0.19130412,0.19130412,0.37958333
0.175,0.22356251,0.04856251,0.04856251,0.2365
0.575,0.42501774,-0.14998224,0.14998224,0.36416668
0.0,0.0027486384,0.0027486384,0.0027486384,0.16133334
0.45,0.39776647,-0.052233517,0.052233517,0.27816668
0.0,0.0030018464,0.0030018464,0.0030018464,0.22
0.4,0.3817721,-0.018227905,0.018227905,0.24791667
0.225,0.23086455,0.0058645606,0.0058645606,0.31533334
0.7,0.21693593,-0.48306406,0.48306406,0.39625
0.225,0.2402452,0.015245199,0.015245199,0.3155
0.0,0.0026846752,0.0026846752,0.0026846752,0.16916667
0.41666666,0.31196764,-0.104699016,0.104699016,0.17316666
0.5375,0.48789582,-0.049604207,0.049604207,0.31475
0.0,0.0027361289,0.0027361289,0.0027361289,0.23833333
0.0,0.0028752387,0.0028752387,0.0028752387,0.26083332
1.25,0.2961033,-0.9538967,0.9538967,0.32391667
0.225,0.21312031,-0.011879683,0.011879683,0.341
0.0,0.003195934,0.003195934,0.003195934,0.23475
0.0,0.002400674,0.002400674,0.002400674,0.30875
0.0,0.0030677319,0.0030677319,0.0030677319,0.36991668
0.5375,0.39364272,-0.1438573,0.1438573,0.46316665
0.41666666,0.28732207,-0.12934458,0.12934458,0.32333332
0.0,0.0034222081,0.0034222081,0.0034222081,0.09
0.7125,0.48265675,-0.22984323,0.22984323,0.26925
0.5,0.42479622,-0.07520378,0.07520378,0.26125
0.46666667,0.25504068,-0.211626,0.211626,0.40575
0.3125,0.2555718,-0.056928188,0.056928188,0.3235
0.0,0.0029495284,0.0029495284,0.0029495284,0.223
0.0,0.0030332655,0.0030332655,0.0030332655,0.29475
0.225,0.23766157,0.012661576,0.012661576,0.16416667
0.225,0.2039485,-0.021051496,0.021051496,0.33666667
0.0,0.003090702,0.003090702,0.003090702,0.16583334
0.4,0.39426363,-0.005736381,0.005736381,0.3925
0.4875,0.41273725,-0.07476276,0.07476276,0.30333334
0.0,0.002930835,0.002930835,0.002930835,0.165
0.0,0.0025110543,0.0025110543,0.0025110543,0.32258335
0.0,0.002617605,0.002617605,0.002617605,0.27375
0.0,0.0033097342,0.0033097342,0.0033097342,0.37975
0.9,0.40015084,-0.49984914,0.49984914,0.305
0.675,0.56670326,-0.10829675,0.10829675,0.38333333
0.0,0.0027199835,0.0027199835,0.0027199835,0.2825
0.0,0.0032182336,0.0032182336,0.0032182336,0.5065
0.0,0.0028131008,0.0028131008,0.0028131008,0.2325
0.0,0.0029621571,0.0029621571,0.0029621571,0.3025
0.5,0.44661796,-0.05338204,0.05338204,0.265
0.0,0.002344951,0.002344951,0.002344951,0.38666666
0.0,0.0026575923,0.0026575923,0.0026575923,0.30041668
0.45,0.2452214,-0.20477858,0.20477858,0.17583333
0.0,0.0031811073,0.0031811073,0.0031811073,0.20825
0.3,0.24048465,-0.059515357,0.059515357,0.32775
0.0,0.002636768,0.002636768,0.002636768,0.2825
0.6625,0.57568216,-0.08681786,0.08681786,0.2395
0.23333333,0.21893287,-0.014400467,0.014400467,0.2625
0.3,0.22670901,-0.073291,0.073291,0.27041668
0.175,0.23230213,0.057302132,0.057302132,0.28775
0.0,0.002489075,0.002489075,0.002489075,0.35091665
0.0,0.0026283413,0.0026283413,0.0026283413,0.29566666
0.0,0.0021637902,0.0021637902,0.0021637902,0.52458334
0.225,0.22375777,-0.0012422204,0.0012422204,0.3065
0.0,0.002978623,0.002978623,0.002978623,0.27083334
0.0,0.00250832,0.00250832,0.00250832,0.305
0.23333333,0.2430689,0.009735569,0.009735569,0.24383333
0.0,0.002605833,0.002605833,0.002605833,0.30625
0.0,0.002637364,0.002637364,0.002637364,0.29933333
0.35,0.2142373,-0.13576269,0.13576269,0.42583334
0.5375,0.42218956,-0.11531046,0.11531046,0.33625
0.0,0.0026270375,0.0026270375,0.0026270375,0.30066666
0.0,0.0026120618,0.0026120618,0.0026120618,0.34583333
0.35,0.36405873,0.014058739,0.014058739,0.40316668
0.35,0.2572757,-0.09272429,0.09272429,0.369
0.4,0.37923408,-0.02076593,0.02076593,0.29125
0.0,0.0033787414,0.0033787414,0.0033787414,0.47258332
0.0,0.0027279034,0.0027279034,0.0027279034,0.273
0.225,0.2076726,-0.017327398,0.017327398,0.46916667
0.35,0.26187873,-0.088121265,0.088121265,0.28125
0.0,0.0031014457,0.0031014457,0.0031014457,0.38008332
0.7125,0.49342772,-0.21907225,0.21907225,0.61625
0.9875,0.8111073,-0.17639273,0.17639273,0.5395
0.45,0.4063871,-0.043612897,0.043612897,0.195
0.4875,0.45890254,-0.028597474,0.028597474,0.31941667
0.175,0.20383528,0.028835282,0.028835282,0.42
0.0,0.0025433823,0.0025433823,0.0025433823,0.38166666
0.3125,0.2404652,-0.072034806,0.072034806,0.435
0.45,0.3892768,-0.060723186,0.060723186,0.42875
0.0,0.0031221882,0.0031221882,0.0031221882,0.2455
0.225,0.2076273,-0.017372698,0.017372698,0.32283333
0.3,0.24609551,-0.053904504,0.053904504,0.35
0.3125,0.2454808,-0.067019194,0.067019194,0.2245
0.0,0.0022077113,0.0022077113,0.0022077113,0.47375
0.71666664,0.5076746,-0.20899206,0.20899206,0.23583333
0.6,0.4473769,-0.15262312,0.15262312,0.43416667
0.35,0.35181373,0.0018137395,0.0018137395,0.33258334
0.7125,0.5925763,-0.11992365,0.11992365,0.41625
0.0,0.0028194115,0.0028194115,0.0028194115,0.23083334
0.0,0.0031967536,0.0031967536,0.0031967536,0.3585
0.0,0.003154777,0.003154777,0.003154777,0.38875
0.5,0.4184135,-0.08158651,0.08158651,0.167
0.45,0.44753703,-0.0024629533,0.0024629533,0.1785
0.0,0.0023646876,0.0023646876,0.0023646876,0.385
0.57,0.4889053,-0.08109468,0.08109468,0.31508332
0.7125,0.6604191,-0.05208087,0.05208087,0.16125
0.0,0.0026398078,0.0026398078,0.0026398078,0.3705
0.23333333,0.22875223,-0.0045811087,0.0045811087,0.37708333
0.6666667,0.4419766,-0.22469008,0.22469008,0.203
0.225,0.20117888,-0.023821115,0.023821115,0.34333333
0.45,0.3999417,-0.050058275,0.050058275,0.27275
0.3,0.22318986,-0.07681015,0.07681015,0.42733333
0.225,0.20569837,-0.019301623,0.019301623,0.38675
0.0,0.003227368,0.003227368,0.003227368,0.134
0.0,0.0029555336,0.0029555336,0.0029555336,0.33583334
0.0,0.003090568,0.003090568,0.003090568,0.26225
0.175,0.19235769,0.017357692,0.017357692,0.238
0.0,0.0022912398,0.0022912398,0.0022912398,0.42083332
0.0,0.0026494563,0.0026494563,0.0026494563,0.3075
0.3,0.21919188,-0.08080813,0.08080813,0.221
0.0,0.0028755143,0.0028755143,0.0028755143,0.25525
0.0,0.0025618672,0.0025618672,0.0025618672,0.327
0.0,0.002948694,0.002948694,0.002948694,0.30933332
0.18,0.21831995,0.038319945,0.038319945,0.41725
0.0,0.0024372116,0.0024372116,0.0024372116,0.36666667
0.4875,0.41405857,-0.073441446,0.073441446,0.38708332
0.225,0.23071218,0.0057121813,0.0057121813,0.37941667
0.3,0.24785542,-0.052144587,0.052144587,0.26125
0.0,0.003003545,0.003003545,0.003003545,0.34866667
0.3125,0.3056256,-0.0068744123,0.0068744123,0.304
0.725,0.61777675,-0.10722327,0.10722327,0.20933333
0.3,0.22961828,-0.07038173,0.07038173,0.20183334
0.57,0.62425995,0.054259956,0.054259956,0.4735
0.18,0.20758396,0.027583957,0.027583957,0.36016667
0.0,0.0022009239,0.0022009239,0.0022009239,0.36641666
0.45,0.40189427,-0.048105717,0.048105717,0.24966666
0.175,0.18547028,0.010470286,0.010470286,0.3445
0.35,0.28887707,-0.061122924,0.061122924,0.0
0.18,0.20661679,0.026616782,0.026616782,0.38725
0.0,0.0030230805,0.0030230805,0.0030230805,0.2865
0.3,0.22239998,-0.07760003,0.07760003,0.236
0.58,0.5228929,-0.05710709,0.05710709,0.45683333
0.0,0.0027164668,0.0027164668,0.0027164668,0.15125
0.3125,0.2472116,-0.065288395,0.065288395,0.23375
0.6,0.45276475,-0.14723527,0.14723527,0.21125
0.0,0.0021750256,0.0021750256,0.0021750256,0.48958334
0.7125,0.5929324,-0.11956757,0.11956757,0.409
0.725,0.6263201,-0.0986799,0.0986799,0.31975
0.225,0.25197408,0.026974082,0.026974082,0.2725
0.3125,0.23630542,-0.076194584,0.076194584,0.38966668
0.225,0.2523609,0.027360916,0.027360916,0.33916667
0.225,0.21216175,-0.012838244,0.012838244,0.37066665
0.6,0.39786467,-0.20213535,0.20213535,0.36541668
0.225,0.25193828,0.02693829,0.02693829,0.2825
0.3,0.25448936,-0.04551065,0.04551065,0.15716666
0.0,0.0027077273,0.0027077273,0.0027077273,0.2575
0.175,0.2251929,0.050192907,0.050192907,0.37283334
0.36,0.45313504,0.09313503,0.09313503,0.3335
0.65,0.6634221,0.013422132,0.013422132,0.33583334
0.225,0.22828466,0.003284663,0.003284663,0.4625
0.3125,0.28701434,-0.025485665,0.025485665,0.39025
0.32,0.40079603,0.08079603,0.08079603,0.2925
0.41666666,0.3487134,-0.06795326,0.06795326,0.12375
0.4875,0.45958313,-0.027916878,0.027916878,0.30875
0.225,0.23495093,0.009950936,0.009950936,0.235
0.45,0.3610562,-0.08894378,0.08894378,0.2395
0.225,0.251983,0.026982993,0.026982993,0.195
0.175,0.2222254,0.0472254,0.0472254,0.26966667
0.0,0.0031907335,0.0031907335,0.0031907335,0.1425
0.0,0.0026766807,0.0026766807,0.0026766807,0.26333332
0.175,0.20304674,0.028046742,0.028046742,0.355
0.0,0.0028209463,0.0028209463,0.0028209463,0.324
0.0,0.002993621,0.002993621,0.002993621,0.21766667
0.175,0.19076255,0.015762553,0.015762553,0.2425
0.175,0.24215493,0.06715493,0.06715493,0.275
0.0,0.0035016686,0.0035016686,0.0035016686,0.47275
0.53333336,0.42337155,-0.10996181,0.10996181,0.40833333
0.175,0.24082431,0.065824315,0.065824315,0.32533333
0.175,0.24823162,0.07323162,0.07323162,0.15275
0.45,0.42370898,-0.026291013,0.026291013,0.268
0.225,0.2456238,0.020623803,0.020623803,0.36825
0.0,0.0030366555,0.0030366555,0.0030366555,0.24458334
0.625,0.551263,-0.073737025,0.073737025,0.33858332
0.32,0.3804266,0.060426593,0.060426593,0.27241668
0.36,0.43363303,0.073633015,0.073633015,0.34708333
0.72,0.59447837,-0.12552166,0.12552166,0.61625
0.18,0.2366207,0.056620687,0.056620687,0.45625
0.43,0.41595683,-0.014043182,0.014043182,0.27375
0.18,0.20736036,0.02736035,0.02736035,0.42541668
0.75,0.7680847,0.018084705,0.018084705,0.1835
0.18,0.21954915,0.039549142,0.039549142,0.32208332
0.36,0.401861,0.041860998,0.041860998,0.25858334
0.72,0.61116016,-0.10883987,0.10883987,0.468
0.0,0.0029845014,0.0029845014,0.0029845014,0.3
0.14,0.22325358,0.08325358,0.08325358,0.13
0.36,0.40296808,0.042968065,0.042968065,0.34508333
0.57,0.48394698,-0.086053014,0.086053014,0.42675
0.54,0.45612344,-0.08387658,0.08387658,0.392
0.225,0.20950997,-0.015490025,0.015490025,0.23733333
0.225,0.252415,0.027415007,0.027415007,0.30475
0.32,0.3150728,-0.004927188,0.004927188,0.22258334
0.32,0.37897748,0.058977485,0.058977485,0.2445
0.45,0.24585715,-0.20414284,0.20414284,0.28625
0.8,0.39690238,-0.40309763,0.40309763,0.2675
0.225,0.21808109,-0.006918907,0.006918907,0.28883332
0.0,0.0033412129,0.0033412129,0.0033412129,0.108
0.0,0.0030911043,0.0030911043,0.0030911043,0.38866666
0.725,0.48352346,-0.24147657,0.24147657,0.29558334
0.57,0.496999,-0.073001,0.073001,0.3045
0.0,0.0031400844,0.0031400844,0.0031400844,0.29575
0.14,0.19151282,0.051512823,0.051512823,0.59625
0.36,0.39787483,0.037874818,0.037874818,0.3445
0.0,0.0029091164,0.0029091164,0.0029091164,0.064666666
0.8,0.3850093,-0.41499072,0.41499072,0.208
0.225,0.2561447,0.031144708,0.031144708,0.20916666
0.14,0.20101014,0.061010137,0.061010137,0.2675
0.225,0.25370905,0.028709054,0.028709054,0.265
0.225,0.2501948,0.025194794,0.025194794,0.3805
0.58,0.5603965,-0.01960349,0.01960349,0.36908334
0.225,0.25215462,0.027154624,0.027154624,0.26775
0.7,0.21156868,-0.4884313,0.4884313,0.58125
0.175,0.19081496,0.01581496,0.01581496,0.227
0.43,0.4413435,0.011343479,0.011343479,0.26758334
0.3125,0.25814393,-0.05435607,0.05435607,0.255
0.0,0.0027393624,0.0027393624,0.0027393624,0.27
0.53333336,0.3663587,-0.16697466,0.16697466,0.37
0.18,0.219755,0.039754987,0.039754987,0.44083333
0.4,0.36687607,-0.03312394,0.03312394,0.32175
0.0,0.0031220838,0.0031220838,0.0031220838,0.33266667
2.0,0.45104334,-1.5489566,1.5489566,0.42966667
0.0,0.002583541,0.002583541,0.002583541,0.3365
0.225,0.22799,0.0029900074,0.0029900074,0.21416667
0.3125,0.30226776,-0.01023224,0.01023224,0.237
0.4,0.3634161,-0.0365839,0.0365839,0.4045
0.7125,0.53694284,-0.17555714,0.17555714,0.4675
0.4,0.37105402,-0.028945982,0.028945982,0.32
0.4,0.39295855,-0.0070414543,0.0070414543,0.396
0.625,0.57461715,-0.050382853,0.050382853,0.279
0.32,0.29036132,-0.029638678,0.029638678,0.36216667
0.0,0.002489768,0.002489768,0.002489768,0.29933333
0.0,0.0028740019,0.0028740019,0.0028740019,0.198
0.32,0.31941208,-0.0005879104,0.0005879104,0.3305
1.0375,0.77023846,-0.26726156,0.26726156,0.42708334
0.4,0.38589472,-0.01410529,0.01410529,0.35225
0.65,0.6908617,0.040861726,0.040861726,0.30441666
0.39,0.38772166,-0.002278328,0.002278328,0.38333333
0.0,0.0030705854,0.0030705854,0.0030705854,0.1475
0.45,0.3987265,-0.051273495,0.051273495,0.27766666
0.0,0.0023957565,0.0023957565,0.0023957565,0.4035
0.39,0.39363357,0.0036335886,0.0036335886,0.3295
1.225,0.9595991,-0.26540095,0.26540095,0.43958333
0.14,0.19004393,0.050043926,0.050043926,0.35733333
0.5,0.4928306,-0.0071693957,0.0071693957,0.05375
0.0,0.0025844201,0.0025844201,0.0025844201,0.33166668
0.3125,0.2515149,-0.06098509,0.06098509,0.47041667
0.0,0.0026808754,0.0026808754,0.0026808754,0.26708335
0.72,0.7046771,-0.015322924,0.015322924,0.30525
0.7625,0.5248559,-0.23764408,0.23764408,0.255
0.0,0.0027000383,0.0027000383,0.0027000383,0.28208333
0.4,0.40053082,0.00053080916,0.00053080916,0.2275
0.45,0.25269213,-0.19730785,0.19730785,0.44625
0.14,0.22557163,0.08557163,0.08557163,0.214
0.32,0.2885764,-0.0314236,0.0314236,0.42166665
0.42,0.49080983,0.07080984,0.07080984,0.108333334
0.36,0.38888896,0.02888894,0.02888894,0.32316667
0.0,0.0030648932,0.0030648932,0.0030648932,0.2025
0.175,0.23788434,0.062884346,0.062884346,0.19041666
0.8125,0.6710038,-0.14149618,0.14149618,0.4125
0.5,0.56712884,0.06712884,0.06712884,0.3155
0.0,0.0027489215,0.0027489215,0.0027489215,0.14666666
0.18,0.253012,0.073011994,0.073011994,0.3685
0.0,0.0027960911,0.0027960911,0.0027960911,0.21583334
0.28,0.30757445,0.02757445,0.02757445,0.26083332
0.45,0.44913805,-0.00086194277,0.00086194277,0.38225
0.9,0.28403923,-0.6159607,0.6159607,0.11666667
0.0,0.003006272,0.003006272,0.003006272,0.30975
1.075,0.91708505,-0.157915,0.157915,0.20541666
0.57,0.47423625,-0.09576374,0.09576374,0.23475
0.0,0.0026249737,0.0026249737,0.0026249737,0.2275
0.0,0.0030407608,0.0030407608,0.0030407608,0.32491666
0.35,0.38174665,0.031746656,0.031746656,0.44166666
0.0,0.0028208196,0.0028208196,0.0028208196,0.22741666
0.225,0.228565,0.0035650134,0.0035650134,0.30325
0.0,0.0024066046,0.0024066046,0.0024066046,0.384
0.2,0.008542664,-0.19145733,0.19145733,0.322
0.5375,0.39484316,-0.14265686,0.14265686,0.3825
0.0,0.0028921813,0.0028921813,0.0028921813,0.17833333
0.225,0.24899963,0.023999631,0.023999631,0.42416668
0.7625,0.63755417,-0.12494582,0.12494582,0.35925
0.45,0.4044,-0.045599997,0.045599997,0.224
0.23333333,0.20206305,-0.03127028,0.03127028,0.30416667
0.0,0.002316624,0.002316624,0.002316624,0.40083334
0.0,0.002665341,0.002665341,0.002665341,0.26416665
0.5375,0.4099884,-0.12751162,0.12751162,0.286
1.125,1.0221905,-0.10280955,0.10280955,0.18958333
0.45,0.44472486,-0.0052751303,0.0052751303,0.35025
0.0,0.0026603416,0.0026603416,0.0026603416,0.2175
0.225,0.24981871,0.024818718,0.024818718,0.29083332
0.5375,0.45537603,-0.082123995,0.082123995,0.31825
1.2125,0.94655514,-0.26594484,0.26594484,0.46316665
0.3125,0.2842639,-0.028236091,0.028236091,0.32
0.225,0.2076272,-0.017372787,0.017372787,0.323
0.0,0.002759941,0.002759941,0.002759941,0.31125
0.0,0.0031932965,0.0031932965,0.0031932965,0.41241667
0.175,0.20089835,0.025898352,0.025898352,0.33675
0.0,0.002964206,0.002964206,0.002964206,0.223
0.0,0.0030500218,0.0030500218,0.0030500218,0.27225
0.53333336,0.39476568,-0.13856769,0.13856769,0.16416667
0.0,0.0032109842,0.0032109842,0.0032109842,0.32791665
0.3,0.23836502,-0.061634988,0.061634988,0.14333333
0.4,0.3868376,-0.013162404,0.013162404,0.4325
0.0,0.0028029755,0.0028029755,0.0028029755,0.30541667
0.0,0.002935864,0.002935864,0.002935864,0.165
0.725,0.6190841,-0.105915904,0.105915904,0.263
0.3,0.252722,-0.047278017,0.047278017,0.30008334
0.45,0.33750826,-0.11249173,0.11249173,0.33975
0.0,0.0025210306,0.0025210306,0.0025210306,0.36
0.0,0.0025495365,0.0025495365,0.0025495365,0.215
0.225,0.25002027,0.025020272,0.025020272,0.42833334
0.0,0.002871871,0.002871871,0.002871871,0.21
0.9,0.23970291,-0.66029704,0.66029704,0.2325
0.225,0.21497387,-0.010026127,0.010026127,0.3025
0.0,0.0027227178,0.0027227178,0.0027227178,0.275
0.0,0.0023880824,0.0023880824,0.0023880824,0.36416668
0.225,0.23967561,0.014675617,0.014675617,0.26041666
0.9,0.24471164,-0.65528834,0.65528834,0.15083334
0.0,0.002842471,0.002842471,0.002842471,0.213
0.175,0.1970467,0.0220467,0.0220467,0.15125
0.4,0.3743682,-0.025631815,0.025631815,0.30575
0.45,0.43581146,-0.014188528,0.014188528,0.21333334
0.0,0.0028173774,0.0028173774,0.0028173774,0.24708334
0.76,0.7535805,-0.00641948,0.00641948,0.28775
0.8125,0.6697019,-0.14279813,0.14279813,0.27966666
0.28,0.36402553,0.08402553,0.08402553,0.27316666
0.18,0.24115741,0.061157405,0.061157405,0.40833333
0.5375,0.43730637,-0.10019365,0.10019365,0.3065
0.45,0.2592988,-0.19070119,0.19070119,0.17166667
0.0,0.003032349,0.003032349,0.003032349,0.24083333
0.725,0.6587524,-0.06624764,0.06624764,0.2825
0.45,0.47827953,0.028279543,0.028279543,0.10566667
0.0,0.0025428757,0.0025428757,0.0025428757,0.26716667
0.35,0.22271708,-0.12728292,0.12728292,0.30625
0.0,0.0026396587,0.0026396587,0.0026396587,0.29933333
0.3125,0.24380594,-0.068694055,0.068694055,0.35875
0.3125,0.31779665,0.0052966475,0.0052966475,0.12583333
0.9,0.3960803,-0.5039197,0.5039197,0.34583333
0.175,0.23117444,0.056174442,0.056174442,0.35316667
0.675,0.4686409,-0.20635912,0.20635912,0.361
0.5375,0.455895,-0.08160502,0.08160502,0.3
0.225,0.2044639,-0.020536095,0.020536095,0.43658334
0.45,0.4114949,-0.038505077,0.038505077,0.243
0.0,0.0032726228,0.0032726228,0.0032726228,0.46041667
0.0,0.0027916953,0.0027916953,0.0027916953,0.22383334
0.0,0.0030862913,0.0030862913,0.0030862913,0.31625
0.0,0.003094457,0.003094457,0.003094457,0.35758334
0.61,0.54035646,-0.06964356,0.06964356,0.6641667
0.4,0.36734468,-0.03265533,0.03265533,0.58425
0.625,0.2622505,-0.3627495,0.3627495,0.24
0.0,0.0024086684,0.0024086684,0.0024086684,0.33316666
0.5,0.4177294,-0.08227059,0.08227059,0.3725
0.675,0.57783407,-0.09716594,0.09716594,0.315
0.06666667,0.0063668415,-0.06029983,0.06029983,0.38125
0.72,0.7264552,0.006455183,0.006455183,0.47375
0.65,0.5415056,-0.1084944,0.1084944,0.2455
1.0166667,0.6487577,-0.36790895,0.36790895,0.1875
0.57,0.4851588,-0.08484119,0.08484119,0.23325
0.175,0.23517907,0.06017907,0.06017907,0.42375
0.65,0.6709727,0.020972729,0.020972729,0.383
0.225,0.25620613,0.031206131,0.031206131,0.23
0.41666666,0.2963496,-0.12031704,0.12031704,0.285
0.45,0.4448349,-0.0051651,0.0051651,0.49416667
0.75,0.7916371,0.041637123,0.041637123,0.30508333
0.675,0.56773746,-0.10726255,0.10726255,0.4695
0.0,0.0031453446,0.0031453446,0.0031453446,0.2265
0.43,0.41258615,-0.017413855,0.017413855,0.3005
0.9,0.20849249,-0.69150746,0.69150746,0.36625
0.0,0.0031275675,0.0031275675,0.0031275675,0.217
0.5,0.47459313,-0.025406867,0.025406867,0.15683334
0.45,0.42962527,-0.020374715,0.020374715,0.29875
0.625,0.55021346,-0.074786544,0.074786544,0.295
0.25,0.24175423,-0.008245766,0.008245766,0.33625
0.4,0.39900935,-0.000990659,0.000990659,0.2325
0.225,0.24689177,0.021891773,0.021891773,0.40916666
0.225,0.23070633,0.00570634,0.00570634,0.29425
0.9,0.4608781,-0.43912187,0.43912187,0.21666667
0.3125,0.30475295,-0.007747054,0.007747054,0.2665
0.45,0.23759612,-0.21240386,0.21240386,0.24716666
0.18,0.20021981,0.020219803,0.020219803,0.36583334
0.5375,0.4418459,-0.09565413,0.09565413,0.29975
0.5,0.40975928,-0.09024072,0.09024072,0.23375
0.41666666,0.25980276,-0.1568639,0.1568639,0.38983333
0.0,0.0032682642,0.0032682642,0.0032682642,0.39175
0.57,0.5649214,-0.0050786138,0.0050786138,0.109
0.0,0.002704531,0.002704531,0.002704531,0.25875
0.0,0.0029712245,0.0029712245,0.0029712245,0.31833333
0.4,0.32488334,-0.075116664,0.075116664,0.21225
0.18,0.21367392,0.033673912,0.033673912,0.208
0.175,0.22941521,0.05441521,0.05441521,0.42083332
0.0,0.0027289316,0.0027289316,0.0027289316,0.2675
0.48333332,0.30769396,-0.17563936,0.17563936,0.221
1.3166667,0.81727386,-0.49939287,0.49939287,0.2015
0.8875,0.7197158,-0.16778421,0.16778421,0.282
0.9,0.21743569,-0.68256426,0.68256426,0.2735
0.38333333,0.43841743,0.05508411,0.05508411,0.2425
0.0,0.0023758784,0.0023758784,0.0023758784,0.39958334
0.76,0.7375562,-0.022443771,0.022443771,0.41275
0.25714287,0.4275001,0.17035723,0.17035723,0.39225
0.0,0.0023411363,0.0023411363,0.0023411363,0.295
0.0,0.0032669082,0.0032669082,0.0032669082,0.39091668
0.0,0.002388902,0.002388902,0.002388902,0.36166668
0.4857143,0.6491525,0.16343823,0.16343823,0.30316666
0.3,0.3973257,0.09732568,0.09732568,0.36541668
0.4,0.39580363,-0.0041963756,0.0041963756,0.25
0.45,0.25553158,-0.19446841,0.19446841,0.215
0.0,0.0023190603,0.0023190603,0.0023190603,0.40075
0.35833332,0.5214808,0.16314748,0.16314748,0.235
0.11666667,0.2264725,0.10980583,0.10980583,0.32783332
0.0,0.0024986714,0.0024986714,0.0024986714,0.32741666
0.59166664,0.73505425,0.14338762,0.14338762,0.262
0.43,0.430229,0.00022900105,0.00022900105,0.37833333
0.35833332,0.44744232,0.089109,0.089109,0.435
0.3,0.41902626,0.11902624,0.11902624,0.13375
0.5083333,0.6235523,0.115219,0.115219,0.4215
0.1,0.23821366,0.13821366,0.13821366,0.3245
0.65,0.47156033,-0.17843965,0.17843965,0.16541667
0.0,0.002271399,0.002271399,0.002271399,0.3305
0.18,0.2528638,0.07286379,0.07286379,0.3575
0.18,0.23616406,0.056164056,0.056164056,0.1895
0.36,0.36402366,0.0040236413,0.0040236413,0.1945
0.6666667,0.44291502,-0.22375166,0.22375166,0.0925
0.225,0.25240982,0.027409822,0.027409822,0.26333332
0.9,0.2379978,-0.6620022,0.6620022,0.33583334
0.3,0.25091174,-0.04908827,0.04908827,0.20166667
0.23333333,0.20538136,-0.02795197,0.02795197,0.12
0.225,0.23126501,0.0062650144,0.0062650144,0.1925
0.45,0.43686724,-0.013132751,0.013132751,0.26875
0.2,0.0059883296,-0.19401167,0.19401167,0.29125
0.0,0.0030647293,0.0030647293,0.0030647293,0.1675
0.7,0.20048863,-0.49951136,0.49951136,0.27525
0.5,0.42234367,-0.07765633,0.07765633,0.21766667
0.0,0.003128536,0.003128536,0.003128536,0.26
0.0,0.002754338,0.002754338,0.002754338,0.22
0.32,0.2691447,-0.05085528,0.05085528,0.45475
0.0,0.0023319647,0.0023319647,0.0023319647,0.36
0.225,0.26360965,0.038609654,0.038609654,0.17025
0.8,0.37998688,-0.42001313,0.42001313,0.313
0.4,0.39393964,-0.006060362,0.006060362,0.39075
0.36666667,0.2367455,-0.12992117,0.12992117,0.21458334
0.45,0.4360862,-0.01391378,0.01391378,0.34775
0.8125,0.7055036,-0.10699642,0.10699642,0.30441666
0.53333336,0.40214786,-0.1311855,0.1311855,0.38308334
0.85,0.551439,-0.29856104,0.29856104,0.59825
0.9,0.25466192,-0.64533806,0.64533806,0.19666667
0.45,0.23806113,-0.21193886,0.21193886,0.41175
0.0,0.00316187,0.00316187,0.00316187,0.31675
0.14,0.18774594,0.047745943,0.047745943,0.42091668
0.225,0.22160313,-0.0033968687,0.0033968687,0.2585
0.0,0.0029071867,0.0029071867,0.0029071867,0.34008333
0.0,0.0026626736,0.0026626736,0.0026626736,0.29125
2.0,0.41234446,-1.5876555,1.5876555,0.22966667
0.9,0.2298978,-0.6701022,0.6701022,0.27708334
0.45,0.35121435,-0.09878564,0.09878564,0.5225
0.225,0.21601269,-0.008987308,0.008987308,0.26
0.225,0.21523505,-0.00976494,0.00976494,0.26183334
0.175,0.22198841,0.046988413,0.046988413,0.144
0.0,0.0024532005,0.0024532005,0.0024532005,0.38108334
0.0,0.002798386,0.002798386,0.002798386,0.193
0.0,0.0033119097,0.0033119097,0.0033119097,0.48375
0.0,0.003378339,0.003378339,0.003378339,0.406
0.0,0.0031815022,0.0031815022,0.0031815022,0.25983334
0.23333333,0.24117196,0.007838622,0.007838622,0.28725
0.9,0.27518716,-0.62481284,0.62481284,0.125
0.0,0.003227286,0.003227286,0.003227286,0.24058333
0.0,0.002988033,0.002988033,0.002988033,0.1725
0.0,0.0028271452,0.0028271452,0.0028271452,0.21
0.225,0.21954614,-0.005453855,0.005453855,0.24383333
0.225,0.23775816,0.012758166,0.012758166,0.108
0.0,0.0031121448,0.0031121448,0.0031121448,0.38866666
0.225,0.20577124,-0.019228756,0.019228756,0.34558332
0.625,0.45777786,-0.16722214,0.16722214,0.339
0.225,0.20997632,-0.015023679,0.015023679,0.242
0.225,0.21103579,-0.013964206,0.013964206,0.59275
0.4875,0.40146065,-0.086039364,0.086039364,0.27933332
0.225,0.23307842,0.008078426,0.008078426,0.32675
0.0,0.0028598607,0.0028598607,0.0028598607,0.23425
0.3,0.263501,-0.036499023,0.036499023,0.16
0.06666667,0.00607837,-0.0605883,0.0605883,0.22775
0.4,0.40663004,0.0066300333,0.0066300333,0.403
0.575,0.4507159,-0.12428409,0.12428409,0.35908332
0.625,0.58029056,-0.044709444,0.044709444,0.2365
0.225,0.24855098,0.023550987,0.023550987,0.2225
0.0,0.0020920858,0.0020920858,0.0020920858,0.46791667
0.225,0.20465097,-0.020349026,0.020349026,0.41866666
0.0,0.0027596056,0.0027596056,0.0027596056,0.16133334
0.0,0.0029836074,0.0029836074,0.0029836074,0.15033333
0.45,0.4470225,-0.0029774904,0.0029774904,0.17666666
0.0,0.002744235,0.002744235,0.002744235,0.28791666
0.43,0.46571982,0.035719812,0.035719812,0.49375
0.46,0.5193705,0.059370488,0.059370488,0.3155
0.45,0.46479836,0.014798373,0.014798373,0.14666666
0.8,0.75481975,-0.04518026,0.04518026,0.18483333
0.575,0.51289284,-0.062107146,0.062107146,0.35525
0.0,0.0028581843,0.0028581843,0.0028581843,0.1925
0.45,0.39506555,-0.054934442,0.054934442,0.28883332
0.18,0.25300792,0.07300791,0.07300791,0.40975
0.0,0.0027473792,0.0027473792,0.0027473792,0.20666666
0.68,0.6503582,-0.029641807,0.029641807,0.30975
0.45,0.2065571,-0.2434429,0.2434429,0.27425
0.0,0.002968222,0.002968222,0.002968222,0.1875
0.0,0.002733402,0.002733402,0.002733402,0.2825
0.0,0.0026148185,0.0026148185,0.0026148185,0.3225
0.575,0.4421145,-0.13288549,0.13288549,0.325
0.45,0.41593435,-0.034065634,0.034065634,0.2525
0.3125,0.28659,-0.02590999,0.02590999,0.31416667
0.0,0.0027070343,0.0027070343,0.0027070343,0.28291667
0.3,0.24137977,-0.058620244,0.058620244,0.24083333
0.225,0.250664,0.025664002,0.025664002,0.213
0.0,0.0033196285,0.0033196285,0.0033196285,0.16875
0.0,0.002528146,0.002528146,0.002528146,0.34375
0.0,0.0029879287,0.0029879287,0.0029879287,0.15875
0.8333333,0.5810547,-0.25227863,0.25227863,0.1925
0.0,0.0026449189,0.0026449189,0.0026449189,0.31075
0.71666664,0.49130857,-0.22535807,0.22535807,0.30125
0.0,0.0025449172,0.0025449172,0.0025449172,0.33091667
0.9,0.23986086,-0.6601391,0.6601391,0.42633334
0.225,0.22229609,-0.002703905,0.002703905,0.33025
0.0,0.0022427142,0.0022427142,0.0022427142,0.4225
0.625,0.45455825,-0.17044175,0.17044175,0.22333333
0.0,0.0024032593,0.0024032593,0.0024032593,0.355
0.225,0.25380644,0.028806448,0.028806448,0.24383333
0.6,0.44254154,-0.15745848,0.15745848,0.27125
0.7,0.21954092,-0.48045906,0.48045906,0.29933333
0.225,0.26341027,0.038410276,0.038410276,0.12708333
1.25,0.2755161,-0.9744839,0.9744839,0.63375
0.45,0.36725962,-0.08274037,0.08274037,0.2145
0.0,0.0027856901,0.0027856901,0.0027856901,0.25725
0.18,0.20937768,0.02937767,0.02937767,0.3855
0.23333333,0.20034844,-0.032984897,0.032984897,0.42333335
0.0,0.0026303306,0.0026303306,0.0026303306,0.31375
0.14,0.18628128,0.046281278,0.046281278,0.39908335
0.28,0.28471494,0.004714936,0.004714936,0.4205
0.4875,0.39271522,-0.094784796,0.094784796,0.31625
0.82,0.80575866,-0.014241338,0.014241338,0.28958333
0.0,0.0021283105,0.0021283105,0.0021283105,0.558
0.0,0.0022683963,0.0022683963,0.0022683963,0.57925
0.4,0.36444455,-0.035555452,0.035555452,0.3945
0.45,0.42309552,-0.026904464,0.026904464,0.4135
0.0,0.0026113093,0.0026113093,0.0026113093,0.3095
0.0,0.0025977865,0.0025977865,0.0025977865,0.23433334
0.68,0.5848534,-0.0951466,0.0951466,0.3525
0.5375,0.41289228,-0.12460774,0.12460774,0.33791667
0.46,0.46261254,0.0026125312,0.0026125312,0.45575
0.18,0.22884148,0.048841476,0.048841476,0.40583333
1.075,0.50236464,-0.5726354,0.5726354,0.08
0.175,0.21479976,0.039799765,0.039799765,0.24416667
0.4,0.4130695,0.013069481,0.013069481,0.21375
0.0,0.0027308539,0.0027308539,0.0027308539,0.27
0.76,0.7138342,-0.046165764,0.046165764,0.41875
0.3,0.2464087,-0.05359131,0.05359131,0.335
0.43,0.53844315,0.10844314,0.10844314,0.2005
0.0,0.003122881,0.003122881,0.003122881,0.24525
1.01,0.9836318,-0.0263682,0.0263682,0.6626667
0.4875,0.41585034,-0.07164967,0.07164967,0.25375
0.45,0.4561751,0.006175101,0.006175101,0.32666665
0.32,0.36057407,0.040574074,0.040574074,0.3025
0.0,0.002192244,0.002192244,0.002192244,0.44916666
0.0,0.0025824755,0.0025824755,0.0025824755,0.26816666
0.18,0.23370725,0.053707242,0.053707242,0.33008334
0.5,0.4448523,-0.055147707,0.055147707,0.3435
0.54,0.5430363,0.0030362606,0.0030362606,0.3825
0.23333333,0.19680917,-0.03652416,0.03652416,0.1945
0.45,0.2619453,-0.18805468,0.18805468,0.22958334
0.0,0.002484478,0.002484478,0.002484478,0.2315
0.0,0.0027961582,0.0027961582,0.0027961582,0.23175
0.225,0.26897547,0.043975472,0.043975472,0.142
0.0,0.0027617961,0.0027617961,0.0027617961,0.3355
0.225,0.20566979,-0.019330204,0.019330204,0.40291667
0.175,0.19154659,0.016546592,0.016546592,0.28375
0.7,0.35101232,-0.34898767,0.34898767,0.25108334
0.0,0.0031291023,0.0031291023,0.0031291023,0.39966667
0.225,0.25080726,0.025807261,0.025807261,0.24125
0.0,0.0024137497,0.0024137497,0.0024137497,0.36325
0.3,0.19789457,-0.10210544,0.10210544,0.545
0.3125,0.30191055,-0.010589451,0.010589451,0.27375
0.35,0.19509625,-0.15490374,0.15490374,0.27533334
0.5375,0.4263033,-0.11119673,0.11119673,0.26
1.175,0.9303916,-0.24460834,0.24460834,0.20225
0.0,0.0032399371,0.0032399371,0.0032399371,0.24233334
0.35,0.36865124,0.018651247,0.018651247,0.29308334
0.725,0.6153052,-0.10969484,0.10969484,0.35325
0.3,0.25808758,-0.041912436,0.041912436,0.19
0.225,0.21725506,-0.007744938,0.007744938,0.17708333
0.23333333,0.22266373,-0.010669604,0.010669604,0.27125
0.35,0.22000241,-0.12999758,0.12999758,0.33708334
0.225,0.23691091,0.011910915,0.011910915,0.42675
0.175,0.21920025,0.044200256,0.044200256,0.47075
0.625,0.54739493,-0.07760507,0.07760507,0.3679643
0.3125,0.29704288,-0.0154571235,0.0154571235,0.08775
0.5,0.44460234,-0.05539766,0.05539766,0.29425
0.0,0.003223054,0.003223054,0.003223054,0.35091665
0.4,0.3588403,-0.04115972,0.04115972,0.281
0.6666667,0.40714437,-0.25952232,0.25952232,0.34008333
0.9,0.24709949,-0.65290046,0.65290046,0.21875
0.61,0.6351913,0.025191307,0.025191307,0.32208332
0.0,0.0026326403,0.0026326403,0.0026326403,0.2895
0.54,0.47257146,-0.06742856,0.06742856,0.261
0.0,0.0024554953,0.0024554953,0.0024554953,0.38108334
0.0,0.0031952262,0.0031952262,0.0031952262,0.14125
0.4,0.3841587,-0.015841305,0.015841305,0.48375
0.14,0.1827417,0.0427417,0.0427417,0.30725
0.0,0.0028172955,0.0028172955,0.0028172955,0.19916667
0.0,0.0027783886,0.0027783886,0.0027783886,0.215
0.23333333,0.24065748,0.0073241442,0.0073241442,0.3355
0.0,0.0029863566,0.0029863566,0.0029863566,0.1895
0.0,0.0032690987,0.0032690987,0.0032690987,0.2305
0.175,0.18056613,0.005566135,0.005566135,0.46225
0.0,0.0028803796,0.0028803796,0.0028803796,0.2
0.0,0.0026631579,0.0026631579,0.0026631579,0.39975
0.0,0.0032158867,0.0032158867,0.0032158867,0.13666667
0.0,0.0031530932,0.0031530932,0.0031530932,0.25025
0.175,0.17509729,9.728968e-05,9.728968e-05,0.5560833
0.53333336,0.3503393,-0.18299407,0.18299407,0.40816668
0.0,0.0028038397,0.0028038397,0.0028038397,0.23166667
0.0,0.0026836768,0.0026836768,0.0026836768,0.18
0.225,0.24230173,0.017301738,0.017301738,0.2905
0.3125,0.30313626,-0.009363741,0.009363741,0.3935
0.0,0.0028537735,0.0028537735,0.0028537735,0.245
0.6666667,0.48281208,-0.18385461,0.18385461,0.21375
0.4,0.36396006,-0.03603995,0.03603995,0.52875
0.0,0.0033377483,0.0033377483,0.0033377483,0.18875
0.4,0.26578388,-0.13421613,0.13421613,0.4055
0.625,0.55039763,-0.074602365,0.074602365,0.36175
0.4,0.40038466,0.00038465858,0.00038465858,0.089
0.625,0.5405127,-0.08448732,0.08448732,0.42125
0.5,0.44860438,-0.051395625,0.051395625,0.407
0.5,0.5060585,0.006058514,0.006058514,0.24
0.18,0.21034652,0.030346513,0.030346513,0.3575
0.23333333,0.1971843,-0.03614904,0.03614904,0.2195
0.0,0.002798818,0.002798818,0.002798818,0.20083334
0.0,0.0023666099,0.0023666099,0.0023666099,0.45883334
0.225,0.20023274,-0.02476725,0.02476725,0.3585
0.175,0.1858699,0.010869905,0.010869905,0.24383333
0.5,0.41145822,-0.088541776,0.088541776,0.3995
0.575,0.41985905,-0.15514094,0.15514094,0.36841667
0.225,0.23553446,0.010534465,0.010534465,0.166
0.0,0.0028326884,0.0028326884,0.0028326884,0.27125
0.4,0.4305579,0.0305579,0.0305579,0.30916667
0.75,0.6725464,-0.07745361,0.07745361,0.158
0.65,0.45919305,-0.19080693,0.19080693,0.39333335
0.46666667,0.35608533,-0.11058134,0.11058134,0.41458333
0.0,0.0030179992,0.0030179992,0.0030179992,0.25133333
0.0,0.002876915,0.002876915,0.002876915,0.31916666
0.225,0.21590391,-0.009096086,0.009096086,0.2885
0.64,0.5261067,-0.11389327,0.11389327,0.24741666
0.58,0.6250378,0.045037806,0.045037806,0.25125
0.175,0.17903003,0.004030034,0.004030034,0.51775
0.68,0.66224337,-0.01775664,0.01775664,0.33466667
0.32,0.38391373,0.06391373,0.06391373,0.23183334
0.175,0.18888032,0.013880327,0.013880327,0.3005
0.225,0.22806567,0.0030656755,0.0030656755,0.23
0.54,0.57630765,0.036307633,0.036307633,0.6105
0.3,0.21165746,-0.08834255,0.08834255,0.27225
0.175,0.27592736,0.10092737,0.10092737,0.035
0.0,0.0028567314,0.0028567314,0.0028567314,0.2175
0.32,0.3256641,0.00566411,0.00566411,0.2865
0.14,0.20000741,0.06000741,0.06000741,0.2435
0.0,0.0028163865,0.0028163865,0.0028163865,0.30541667
0.0,0.0029408857,0.0029408857,0.0029408857,0.165
0.525,0.43568772,-0.089312255,0.089312255,0.3215
1.25,0.26526898,-0.984731,0.984731,0.425
0.23333333,0.23843351,0.0051001757,0.0051001757,0.15375
0.0,0.0026760027,0.0026760027,0.0026760027,0.25125
0.53333336,0.37067968,-0.16265368,0.16265368,0.36
0.0,0.0022743195,0.0022743195,0.0022743195,0.45083332
0.58,0.6465601,0.06656009,0.06656009,0.28175
0.76,0.66443175,-0.09556824,0.09556824,0.19058333
0.225,0.24817106,0.023171067,0.023171067,0.2225
0.8,0.66147006,-0.13852996,0.13852996,0.43791667
0.0,0.0028178394,0.0028178394,0.0028178394,0.228
1.0375,0.8575026,-0.17999744,0.17999744,0.1725
0.0,0.0029706433,0.0029706433,0.0029706433,0.17
0.0,0.0032594576,0.0032594576,0.0032594576,0.37366667
0.225,0.22468337,-0.00031661987,0.00031661987,0.2765
0.225,0.27245584,0.047455847,0.047455847,0.15033333
0.0,0.0029946938,0.0029946938,0.0029946938,0.24383333
0.675,0.45971704,-0.21528298,0.21528298,0.35058334
0.0,0.0030463338,0.0030463338,0.0030463338,0.29208332
0.225,0.25187808,0.026878089,0.026878089,0.2535
0.225,0.2527966,0.027796596,0.027796596,0.35025
0.0,0.002844222,0.002844222,0.002844222,0.21141666
0.0,0.0027550384,0.0027550384,0.0027550384,0.20666666
0.6625,0.61665887,-0.045841157,0.045841157,0.16
0.5,0.41159618,-0.08840382,0.08840382,0.36783335
0.32,0.33860588,0.018605888,0.018605888,0.288
0.0,0.0025966242,0.0025966242,0.0025966242,0.31433332
0.53,0.46424985,-0.06575012,0.06575012,0.3517381
0.05,0.005906172,-0.04409383,0.04409383,0.26
0.57,0.64036155,0.070361555,0.070361555,0.324
0.58,0.66545844,0.08545846,0.08545846,0.26
0.36,0.33556682,-0.024433196,0.024433196,0.39625
0.525,0.48004436,-0.04495561,0.04495561,0.32741666
0.95,1.0784253,0.1284253,0.1284253,0.27616668
0.5083333,0.5646622,0.056328893,0.056328893,0.42133334
0.36,0.41493243,0.054932415,0.054932415,0.40425
0.625,0.49619624,-0.12880376,0.12880376,0.39958334
0.54,0.5138204,-0.026179612,0.026179612,0.2465
0.35,0.20264062,-0.14735937,0.14735937,0.30716667
0.6,0.45112276,-0.14887726,0.14887726,0.31083333
0.32,0.4087721,0.08877212,0.08877212,0.22416666
0.94,0.90116096,-0.038839042,0.038839042,0.41858333
0.45,0.60199594,0.15199596,0.15199596,0.312
0.32,0.40237433,0.082374334,0.082374334,0.27208334
0.32,0.3859848,0.065984815,0.065984815,0.28225
0.0,0.0024108961,0.0024108961,0.0024108961,0.2605
0.14,0.22206941,0.08206941,0.08206941,0.25716665
0.35,0.19413486,-0.15586513,0.15586513,0.345
0.45,0.1962029,-0.25379708,0.25379708,0.5083333
0.0,0.0024084747,0.0024084747,0.0024084747,0.39225
0.0,0.0026583225,0.0026583225,0.0026583225,0.33816665
0.0,0.0025928542,0.0025928542,0.0025928542,0.31041667
0.35,0.24308091,-0.10691908,0.10691908,0.2515
0.175,0.19186272,0.01686272,0.01686272,0.3685
0.36,0.40869486,0.04869485,0.04869485,0.18375
0.95,0.7516478,-0.19835222,0.19835222,0.31375
0.0,0.0030495077,0.0030495077,0.0030495077,0.224
0.0,0.0030961782,0.0030961782,0.0030961782,0.10375
0.0,0.0029585958,0.0029585958,0.0029585958,0.47916666
0.96666664,0.6191417,-0.34752494,0.34752494,0.24458334
0.54,0.48845136,-0.05154866,0.05154866,0.26766667
0.3,0.21220821,-0.0877918,0.0877918,0.33125
0.175,0.24040541,0.06540541,0.06540541,0.29
0.39,0.47944218,0.08944219,0.08944219,0.17025
0.18,0.2474697,0.067469686,0.067469686,0.31325
0.675,0.47224185,-0.20275816,0.20275816,0.19791667
0.61,0.5018231,-0.10817689,0.10817689,0.322
0.0,0.0024388954,0.0024388954,0.0024388954,0.34333333
0.43,0.43743414,0.0074341297,0.0074341297,0.28625
0.625,0.4728779,-0.15212211,0.15212211,0.36175
0.3125,0.2386787,-0.073821306,0.073821306,0.30141667
0.72,0.72335434,0.003354311,0.003354311,0.39425
0.32,0.38301128,0.06301129,0.06301129,0.2565
0.175,0.22952646,0.054526463,0.054526463,0.20025
0.5,0.46326673,-0.03673327,0.03673327,0.30008334
0.0,0.0022025928,0.0022025928,0.0022025928,0.455
0.5,0.5383026,0.0383026,0.0383026,0.467
0.0,0.0027240291,0.0027240291,0.0027240291,0.51625
0.175,0.20785958,0.03285958,0.03285958,0.28375
0.35,0.3750347,0.025034696,0.025034696,0.19083333
0.32,0.33545867,0.015458673,0.015458673,0.19525
0.18,0.20710242,0.02710241,0.02710241,0.43875
0.9,0.44674948,-0.4532505,0.4532505,0.158
0.5375,0.50141114,-0.036088884,0.036088884,0.32625
0.61,0.5087493,-0.10125071,0.10125071,0.36125
0.53333336,0.38745642,-0.14587694,0.14587694,0.2225
0.0,0.002608575,0.002608575,0.002608575,0.31775
0.5,0.4301412,-0.06985879,0.06985879,0.26433334
0.65,0.45387763,-0.19612235,0.19612235,0.28275
0.23333333,0.24291793,0.009584591,0.009584591,0.24666667
0.0,0.002435699,0.002435699,0.002435699,0.3475
0.5,0.38531137,-0.114688635,0.114688635,0.37816668
0.0,0.0027946755,0.0027946755,0.0027946755,0.29466668
0.45,0.23720118,-0.2127988,0.2127988,0.1305
0.0,0.0030228868,0.0030228868,0.0030228868,0.3475
0.0,0.0032392144,0.0032392144,0.0032392144,0.38725
0.225,0.21022028,-0.014779717,0.014779717,0.2225
0.3,0.2765537,-0.023446321,0.023446321,0.1305
0.0,0.0026363432,0.0026363432,0.0026363432,0.32675
0.0,0.0030274168,0.0030274168,0.0030274168,0.44233334
0.225,0.22561547,0.00061547756,0.00061547756,0.15941666
0.0,0.0026162118,0.0026162118,0.0026162118,0.265
0.4875,0.45434952,-0.033150494,0.033150494,0.37175
0.175,0.24004954,0.065049544,0.065049544,0.299
0.0,0.0021976307,0.0021976307,0.0021976307,0.40416667
0.0,0.0030913427,0.0030913427,0.0030913427,0.4165
0.0,0.0027711987,0.0027711987,0.0027711987,0.2595
0.45,0.24464208,-0.20535791,0.20535791,0.294
0.0,0.0026696697,0.0026696697,0.0026696697,0.2975
0.4,0.40209392,0.0020939112,0.0020939112,0.34541667
0.5375,0.46194535,-0.07555467,0.07555467,0.24291667
0.7,0.19629395,-0.50370604,0.50370604,0.1375
0.3125,0.28656518,-0.025934815,0.025934815,0.42416668
0.225,0.24374545,0.018745452,0.018745452,0.23583333
0.23333333,0.20664635,-0.026686981,0.026686981,0.20708333
0.0,0.0028300062,0.0028300062,0.0028300062,0.305
0.3,0.21582988,-0.08417013,0.08417013,0.14875
0.175,0.22462106,0.04962106,0.04962106,0.25116667
0.225,0.20184621,-0.023153782,0.023153782,0.30775
0.0,0.002585739,0.002585739,0.002585739,0.18666667
0.175,0.24007848,0.06507848,0.06507848,0.38125
0.675,0.6374254,-0.03757459,0.03757459,0.16
0.225,0.25257745,0.02757746,0.02757746,0.3325
0.175,0.21401277,0.039012775,0.039012775,0.2995
0.0,0.003135629,0.003135629,0.003135629,0.39033332
0.0,0.0028224066,0.0028224066,0.0028224066,0.26466668
0.0,0.0026010945,0.0026010945,0.0026010945,0.32875
0.71666664,0.40354434,-0.3131223,0.3131223,0.52608335
0.625,0.4505911,-0.17440891,0.17440891,0.33616668
0.0,0.00284677,0.00284677,0.00284677,0.35425
0.3,0.20670158,-0.093298435,0.093298435,0.33933333
0.23333333,0.20297292,-0.030360416,0.030360416,0.19175
0.3,0.23554951,-0.0644505,0.0644505,0.325
0.0,0.0031419843,0.0031419843,0.0031419843,0.15333334
0.225,0.20212248,-0.022877514,0.022877514,0.32791665
0.0,0.0031576678,0.0031576678,0.0031576678,0.15
0.0,0.0030983165,0.0030983165,0.0030983165,0.30975
0.175,0.21887869,0.04387869,0.04387869,0.45
0.3125,0.23053768,-0.08196232,0.08196232,0.33475
0.0,0.0030961111,0.0030961111,0.0030961111,0.35891667
0.55,0.2553594,-0.2946406,0.2946406,0.22808333
0.4875,0.4611212,-0.02637881,0.02637881,0.1875
0.0,0.0028444156,0.0028444156,0.0028444156,0.35916665
0.0,0.0031417608,0.0031417608,0.0031417608,0.18
0.3125,0.24515513,-0.067344874,0.067344874,0.2925
0.3,0.26034454,-0.039655477,0.039655477,0.19916667
0.4875,0.44502872,-0.04247129,0.04247129,0.32125
0.175,0.23987368,0.06487368,0.06487368,0.15875
0.0,0.0026833937,0.0026833937,0.0026833937,0.33783334
0.225,0.2357871,0.0107871,0.0107871,0.31075
0.0,0.0022134706,0.0022134706,0.0022134706,0.46925
0.8125,0.7665034,-0.045996606,0.045996606,0.26483333
0.225,0.24992773,0.024927735,0.024927735,0.32291666
0.7,0.23572922,-0.46427077,0.46427077,0.1925
0.575,0.53467876,-0.04032123,0.04032123,0.28591666
0.0,0.0022688508,0.0022688508,0.0022688508,0.39175
0.5375,0.42961487,-0.10788515,0.10788515,0.35275
0.0,0.0030681118,0.0030681118,0.0030681118,0.33275
0.0,0.0027266443,0.0027266443,0.0027266443,0.26791668
0.0,0.0025622323,0.0025622323,0.0025622323,0.26633334
0.4,0.39240614,-0.00759387,0.00759387,0.29125
0.94,0.91907954,-0.020920455,0.020920455,0.27633333
0.5,0.48447055,-0.015529454,0.015529454,0.14958334
0.0,0.0026317015,0.0026317015,0.0026317015,0.73625
0.0,0.0031636953,0.0031636953,0.0031636953,0.2595
0.4,0.38343108,-0.016568929,0.016568929,0.23475
0.0,0.0032005012,0.0032005012,0.0032005012,0.4035
0.23333333,0.19983771,-0.03349562,0.03349562,0.42416668
0.45,0.40464908,-0.04535091,0.04535091,0.29625
0.32,0.27934566,-0.04065433,0.04065433,0.40641665
0.0,0.0028517991,0.0028517991,0.0028517991,0.1905
0.0,0.0030349568,0.0030349568,0.0030349568,0.3605
0.175,0.19989082,0.024890825,0.024890825,0.3985
0.0,0.0027981699,0.0027981699,0.0027981699,0.2075
0.0,0.0029268041,0.0029268041,0.0029268041,0.20466666
0.0,0.0028003082,0.0028003082,0.0028003082,0.36825
0.23333333,0.215242,-0.018091336,0.018091336,0.4585
0.23333333,0.21975726,-0.013576075,0.013576075,0.3095
0.3125,0.23552498,-0.07697502,0.07697502,0.363
0.225,0.22472423,-0.0002757609,0.0002757609,0.46975
0.75,0.8887909,0.1387909,0.1387909,0.38216665
0.65,0.74552846,0.09552848,0.09552848,0.37066665
0.45,0.25190833,-0.19809166,0.19809166,0.1875
0.0,0.0027495995,0.0027495995,0.0027495995,0.26166666
0.41666666,0.28144735,-0.1352193,0.1352193,0.27
0.45,0.46348095,0.013480961,0.013480961,0.44075
0.9,0.5878886,-0.31211138,0.31211138,0.2435
0.0,0.0031375587,0.0031375587,0.0031375587,0.24525
0.1,0.005357735,-0.09464227,0.09464227,0.44125
0.41666666,0.47691205,0.060245395,0.060245395,0.7316667
0.45,0.45762336,0.0076233745,0.0076233745,0.34166667
0.625,0.7652228,0.14022279,0.14022279,0.2995
0.0,0.002197601,0.002197601,0.002197601,0.44916666
0.35,0.49378118,0.14378119,0.14378119,0.23691666
0.41666666,0.47456652,0.057899863,0.057899863,0.3625
0.35,0.3493291,-0.0006708801,0.0006708801,0.33058333
0.95,0.704242,-0.245758,0.245758,0.3795
0.23333333,0.20636985,-0.026963487,0.026963487,0.4365
0.0,0.0027264357,0.0027264357,0.0027264357,0.23458333
0.0,0.0026003942,0.0026003942,0.0026003942,0.1925
0.0,0.0024206117,0.0024206117,0.0024206117,0.36416668
0.9,0.21921581,-0.68078417,0.68078417,0.3815
0.14,0.2082515,0.068251505,0.068251505,0.25833333
0.225,0.23019868,0.0051986873,0.0051986873,0.38441667
0.0,0.0027710274,0.0027710274,0.0027710274,0.25525
0.43,0.48008326,0.05008325,0.05008325,0.4955
0.225,0.24324352,0.018243521,0.018243521,0.33125
0.4,0.38396034,-0.01603967,0.01603967,0.37216666
0.35,0.32271457,-0.027285427,0.027285427,0.27216667
0.0,0.0032424852,0.0032424852,0.0032424852,0.1305
0.54,0.47346726,-0.06653276,0.06653276,0.2975
0.5,0.43823755,-0.061762452,0.061762452,0.165
0.225,0.221041,-0.003959,0.003959,0.25583333
0.54,0.5099863,-0.03001374,0.03001374,0.59725
0.0,0.002773784,0.002773784,0.002773784,0.18166667
0.93,0.9704859,0.04048592,0.04048592,0.29266667
0.0,0.002735965,0.002735965,0.002735965,0.26275
0.36,0.37805024,0.018050224,0.018050224,0.44233334
0.8875,0.73338836,-0.15411162,0.15411162,0.163
0.0,0.0031399354,0.0031399354,0.0031399354,0.15941666
0.4,0.45581377,0.05581376,0.05581376,0.4025
0.45,0.43390843,-0.016091555,0.016091555,0.299
0.625,0.44818336,-0.17681664,0.17681664,0.18158333
0.0,0.0026110932,0.0026110932,0.0026110932,0.30958334
0.32,0.41749325,0.09749326,0.09749326,0.2125
0.36,0.43167353,0.07167351,0.07167351,0.38258332
0.0,0.0032931864,0.0032931864,0.0032931864,0.119
0.0,0.0031955093,0.0031955093,0.0031955093,0.313
0.3,0.20303929,-0.09696072,0.09696072,0.32841668
0.58,0.50476086,-0.07523912,0.07523912,0.38425
1.37,1.2844692,-0.08553076,0.08553076,0.30875
0.18,0.22938514,0.04938513,0.04938513,0.34141666
0.175,0.23434597,0.059345976,0.059345976,0.13716666
0.0,0.0026781708,0.0026781708,0.0026781708,0.27083334
0.0,0.0027169436,0.0027169436,0.0027169436,0.2575
0.35833332,0.42095724,0.06262392,0.06262392,0.2975
0.18,0.26148772,0.081487715,0.081487715,0.193
0.725,0.56796426,-0.15703577,0.15703577,0.14125
0.45,0.45320487,0.0032048821,0.0032048821,0.16916667
0.7416667,0.9201156,0.17844892,0.17844892,0.1925
0.68,0.5853994,-0.09460062,0.09460062,0.3105
0.0,0.0026240274,0.0026240274,0.0026240274,0.27333334
0.0,0.0029072836,0.0029072836,0.0029072836,0.31175
1.25,0.2721886,-0.9778114,0.9778114,0.27
0.625,0.44699806,-0.17800194,0.17800194,0.266
0.28,0.34120393,0.061203927,0.061203927,0.42625
0.225,0.234296,0.009296,0.009296,0.266
0.4,0.40898737,0.008987367,0.008987367,0.21775
0.225,0.2522858,0.027285814,0.027285814,0.30008334
0.625,0.28882205,-0.33617795,0.33617795,0.36
0.225,0.22305393,-0.0019460618,0.0019460618,0.46625
0.225,0.23077896,0.0057789683,0.0057789683,0.30125
0.175,0.21703371,0.042033717,0.042033717,0.22583333
0.5,0.4477842,-0.052215815,0.052215815,0.22725
0.61,0.4964371,-0.11356291,0.11356291,0.408
0.57,0.63314795,0.06314796,0.06314796,0.17683333
0.225,0.25255254,0.027552545,0.027552545,0.29933333
0.8,0.41057277,-0.38942724,0.38942724,0.208
0.18,0.25286472,0.07286471,0.07286471,0.32666665
0.26666668,0.30081385,0.034147173,0.034147173,0.39975
0.18,0.25197408,0.07197407,0.07197407,0.2725
0.41666666,0.3054712,-0.111195445,0.111195445,0.31
0.4,0.39548576,-0.004514247,0.004514247,0.44775
0.0,0.0031802356,0.0031802356,0.0031802356,0.37575
0.0,0.0027051196,0.0027051196,0.0027051196,0.2675
0.0,0.0030729696,0.0030729696,0.0030729696,0.3215
0.0,0.0028591082,0.0028591082,0.0028591082,0.1775
0.0,0.0024008825,0.0024008825,0.0024008825,0.44083333
0.3,0.19934446,-0.100655556,0.100655556,0.341
0.45,0.23524809,-0.2147519,0.2147519,0.29216668
0.45,0.34628463,-0.10371536,0.10371536,0.2405
0.225,0.27163363,0.04663363,0.04663363,0.1635
0.175,0.20083645,0.025836453,0.025836453,0.4095
0.175,0.18544272,0.010442719,0.010442719,0.36008334
0.0,0.0028460994,0.0028460994,0.0028460994,0.27125
0.0,0.0026589707,0.0026589707,0.0026589707,0.30616668
0.36666667,0.27370703,-0.09295964,0.09295964,0.375
0.0,0.0023390725,0.0023390725,0.0023390725,0.41125
0.4,0.36200863,-0.037991375,0.037991375,0.27916667
0.43,0.4267437,-0.003256321,0.003256321,0.297
0.5,0.48471102,-0.015288979,0.015288979,0.2145
0.3125,0.2388297,-0.0736703,0.0736703,0.2125
0.175,0.18070027,0.0057002753,0.0057002753,0.44475
0.0,0.0028826818,0.0028826818,0.0028826818,0.2
0.0,0.002704911,0.002704911,0.002704911,0.351
0.41666666,0.24222991,-0.17443675,0.17443675,0.2015
0.45,0.32935196,-0.12064803,0.12064803,0.52358335
0.0,0.0023293272,0.0023293272,0.0023293272,0.42583334
0.4875,0.39849526,-0.089004755,0.089004755,0.399
0.53333336,0.39966965,-0.13366371,0.13366371,0.23166667
0.175,0.21999568,0.04499568,0.04499568,0.28175
0.0,0.003213741,0.003213741,0.003213741,0.14333333
0.225,0.24130452,0.016304523,0.016304523,0.371
0.3,0.24643573,-0.05356428,0.05356428,0.145
0.0,0.002871029,0.002871029,0.002871029,0.27525
0.175,0.20936102,0.03436102,0.03436102,0.55075
0.175,0.19334216,0.018342167,0.018342167,0.135
0.0,0.002313599,0.002313599,0.002313599,0.41616666
0.7,0.2152771,-0.48472288,0.48472288,0.353
0.95,0.72435874,-0.22564125,0.22564125,0.36041668
0.53333336,0.39779717,-0.1355362,0.1355362,0.35775
0.225,0.23089126,0.0058912635,0.0058912635,0.38566667
0.4,0.42994636,0.029946357,0.029946357,0.42916667
0.0,0.0036366656,0.0036366656,0.0036366656,0.652
0.35,0.35804516,0.008045167,0.008045167,0.1975
0.0,0.0028009564,0.0028009564,0.0028009564,0.2815
0.46,0.40460896,-0.055391043,0.055391043,0.5525
0.225,0.2447303,0.0197303,0.0197303,0.265
0.0,0.0029979274,0.0029979274,0.0029979274,0.29233333
0.8125,0.5773704,-0.2351296,0.2351296,0.25625
0.225,0.20606989,-0.018930107,0.018930107,0.2885
0.28,0.37438968,0.09438968,0.09438968,0.139
0.5,0.43207702,-0.06792298,0.06792298,0.1875
0.0,0.0033123568,0.0033123568,0.0033123568,0.21983333
0.32,0.40746462,0.08746463,0.08746463,0.28808334
0.5,0.45033014,-0.04966986,0.04966986,0.40775
0.5,0.46731493,-0.03268507,0.03268507,0.22
0.39,0.47954676,0.08954677,0.08954677,0.32166666
0.28,0.3255389,0.045538902,0.045538902,0.43583333
0.225,0.2462596,0.021259606,0.021259606,0.278
0.8125,0.5156047,-0.29689533,0.29689533,0.4815
0.625,0.47876856,-0.14623144,0.14623144,0.24133334
0.45,0.36479658,-0.08520341,0.08520341,0.278
0.0,0.002814792,0.002814792,0.002814792,0.2525
0.36,0.41798386,0.057983845,0.057983845,0.4645
0.0,0.0032184198,0.0032184198,0.0032184198,0.317
0.225,0.21015024,-0.014849752,0.014849752,0.27975
0.35,0.40053242,0.05053243,0.05053243,0.0525
0.0,0.0028580353,0.0028580353,0.0028580353,0.2175
0.225,0.22104105,-0.0039589405,0.0039589405,0.24
0.0,0.0028496757,0.0028496757,0.0028496757,0.26375
0.225,0.26732343,0.04232344,0.04232344,0.165
0.85,0.69724685,-0.15275317,0.15275317,0.41333333
0.0,0.0022745952,0.0022745952,0.0022745952,0.45083332
0.54,0.6143688,0.074368775,0.074368775,0.32225
0.53,0.4502492,-0.07975078,0.07975078,0.26658332
0.18,0.24513656,0.06513655,0.06513655,0.245
0.36,0.44384623,0.08384621,0.08384621,0.5179167
0.0,0.0028201416,0.0028201416,0.0028201416,0.228
0.18,0.2467635,0.06676349,0.06676349,0.27625
0.18,0.2029947,0.022994697,0.022994697,0.35616666
0.8,0.3708419,-0.42915812,0.42915812,0.2765
0.97,1.0161142,0.046114206,0.046114206,0.24383333
0.35,0.26174116,-0.08825883,0.08825883,0.292
0.3,0.20373043,-0.09626958,0.09626958,0.41808334
0.0,0.0030612275,0.0030612275,0.0030612275,0.29208332
0.5,0.46306354,-0.036936462,0.036936462,0.276
0.36,0.44212234,0.082122326,0.082122326,0.32275
0.14,0.2305826,0.090582594,0.090582594,0.18808334
0.9,0.25914797,-0.640852,0.640852,0.19
0.79,0.812412,0.022412002,0.022412002,0.28883332
0.4875,0.47731745,-0.0101825595,0.0101825595,0.15333334
0.9,0.8205501,-0.07944989,0.07944989,0.16375
0.54,0.49501437,-0.044985652,0.044985652,0.41783333
0.4,0.33522117,-0.064778835,0.064778835,0.288
0.225,0.25179112,0.026791126,0.026791126,0.25
0.625,0.45144153,-0.17355847,0.17355847,0.3872381
0.5,0.46901867,-0.030981332,0.030981332,0.331
0.7625,0.68745077,-0.07504922,0.07504922,0.318
0.0,0.0034210756,0.0034210756,0.0034210756,0.43225
0.8125,0.6824195,-0.13008052,0.13008052,0.40075
0.39,0.4702155,0.08021551,0.08021551,0.37116668
0.18,0.2172409,0.037240893,0.037240893,0.44966668
0.175,0.21443087,0.03943087,0.03943087,0.40425
0.3,0.22609064,-0.07390937,0.07390937,0.3005
0.0,0.002842553,0.002842553,0.002842553,0.24716666
0.0,0.002805747,0.002805747,0.002805747,0.21116666
0.225,0.24776018,0.022760183,0.022760183,0.41758335
0.0,0.002459459,0.002459459,0.002459459,0.3345
0.225,0.24300623,0.018006235,0.018006235,0.26175
0.0,0.0024668053,0.0024668053,0.0024668053,0.2425
0.0,0.0026671663,0.0026671663,0.0026671663,0.27333334
0.225,0.21128929,-0.013710707,0.013710707,0.335
0.4,0.26170713,-0.13829288,0.13829288,0.5308333
0.4,0.38250425,-0.017495751,0.017495751,0.3385
0.5,0.42474753,-0.07525247,0.07525247,0.29316667
0.675,0.5710143,-0.10398573,0.10398573,0.28583333
0.7,0.22308859,-0.4769114,0.4769114,0.31041667
0.3,0.25408447,-0.045915544,0.045915544,0.2565
0.175,0.19097793,0.015977934,0.015977934,0.341
0.45,0.41043568,-0.03956431,0.03956431,0.166
0.0,0.0024032667,0.0024032667,0.0024032667,0.36375
0.0,0.0030641928,0.0030641928,0.0030641928,0.224
0.0,0.0028825775,0.0028825775,0.0028825775,0.27916667
0.225,0.2209478,-0.004052192,0.004052192,0.225
0.0,0.002812542,0.002812542,0.002812542,0.1975
0.0,0.0030779764,0.0030779764,0.0030779764,0.36125
0.3,0.25270995,-0.047290057,0.047290057,0.2775
0.625,0.5804561,-0.044543922,0.044543922,0.20925
0.9,0.7090662,-0.19093376,0.19093376,0.30875
0.175,0.1945509,0.019550905,0.019550905,0.23541667
0.7125,0.6400827,-0.07241726,0.07241726,0.33666667
0.4,0.3950643,-0.0049357116,0.0049357116,0.17341666
0.0,0.0027468204,0.0027468204,0.0027468204,0.2825
0.0,0.002510801,0.002510801,0.002510801,0.34333333
0.46,0.4379896,-0.022010416,0.022010416,0.34525
0.0,0.0025265068,0.0025265068,0.0025265068,0.339
0.72,0.7756593,0.055659294,0.055659294,0.2525
0.32,0.4076054,0.08760542,0.08760542,0.36291668
0.32,0.37602,0.05602002,0.05602002,0.29666665
0.175,0.21597862,0.040978625,0.040978625,0.24833333
0.18,0.2149032,0.0349032,0.0349032,0.1625
0.0,0.0027609542,0.0027609542,0.0027609542,0.23583333
0.5,0.44671327,-0.05328673,0.05328673,0.45541668
0.225,0.22486213,-0.00013786554,0.00013786554,0.235
0.175,0.18273917,0.0077391714,0.0077391714,0.31225
0.0,0.002650164,0.002650164,0.002650164,0.2275
0.76,0.822195,0.062195003,0.062195003,0.26125
0.4875,0.38533545,-0.10216457,0.10216457,0.36366665
0.0,0.0030756146,0.0030756146,0.0030756146,0.1475
0.4,0.37615073,-0.023849279,0.023849279,0.253
0.0,0.0026034042,0.0026034042,0.0026034042,0.32875
0.7,0.21224454,-0.48775545,0.48775545,0.4035
0.225,0.2016998,-0.0233002,0.0233002,0.55475
0.175,0.19006056,0.015060559,0.015060559,0.34166667
0.225,0.22134414,-0.003655851,0.003655851,0.35425
0.18,0.2057879,0.02578789,0.02578789,0.33333334
0.0,0.0030651912,0.0030651912,0.0030651912,0.19708334
0.225,0.23348388,0.008483887,0.008483887,0.355
0.175,0.1855576,0.010557607,0.010557607,0.27916667
0.0,0.003233917,0.003233917,0.003233917,0.1325
0.9,0.20988092,-0.690119,0.690119,0.27375
0.3,0.24164987,-0.058350146,0.058350146,0.3725
0.8333333,0.470878,-0.3624553,0.3624553,0.46225
0.3,0.25334656,-0.04665345,0.04665345,0.27675
0.0,0.0033196732,0.0033196732,0.0033196732,0.3485
0.0,0.0030524507,0.0030524507,0.0030524507,0.26091668
0.225,0.23450494,0.009504944,0.009504944,0.22933333
0.0,0.0028105155,0.0028105155,0.0028105155,0.23625
0.175,0.24661753,0.07161753,0.07161753,0.16133334
0.8125,0.6554969,-0.1570031,0.1570031,0.33666667
0.0,0.0027672425,0.0027672425,0.0027672425,0.2525
0.0,0.0028644204,0.0028644204,0.0028644204,0.18916667
0.0,0.0029085204,0.0029085204,0.0029085204,0.17625
0.575,0.4688601,-0.1061399,0.1061399,0.30325
0.225,0.23358113,0.008581132,0.008581132,0.42425
0.0,0.0027218238,0.0027218238,0.0027218238,0.16833334
0.175,0.24032074,0.065320745,0.065320745,0.34608334
0.0,0.00247325,0.00247325,0.00247325,0.34541667
0.225,0.25214612,0.02714613,0.02714613,0.2625
0.0,0.0026242658,0.0026242658,0.0026242658,0.30175
0.23333333,0.2188749,-0.014458433,0.014458433,0.44966668
0.675,0.5983788,-0.076621234,0.076621234,0.37425
0.0,0.002896376,0.002896376,0.002896376,0.3065
0.225,0.20946774,-0.015532255,0.015532255,0.31025
0.23333333,0.23806372,0.0047303885,0.0047303885,0.3925
0.225,0.21368992,-0.011310071,0.011310071,0.28583333
0.41666666,0.32430345,-0.09236321,0.09236321,0.15066667
0.0,0.0027303398,0.0027303398,0.0027303398,0.26125
0.0,0.0025107563,0.0025107563,0.0025107563,0.35233334
0.58,0.5906371,0.0106371045,0.0106371045,0.67125
0.41666666,0.30312264,-0.11354402,0.11354402,0.28666666
0.76,0.6969503,-0.063049674,0.063049674,0.237
0.53,0.5019773,-0.028022647,0.028022647,0.22475
0.3,0.26745796,-0.03254205,0.03254205,0.168
0.58,0.53154594,-0.048454046,0.048454046,0.416
0.0,0.0031328946,0.0031328946,0.0031328946,0.325
0.0,0.003016822,0.003016822,0.003016822,0.145
0.41666666,0.23894793,-0.17771873,0.17771873,0.33575
0.61,0.5868914,-0.023108602,0.023108602,0.18216667
0.0,0.0024417862,0.0024417862,0.0024417862,0.37925
0.68,0.6942849,0.014284909,0.014284909,0.34575
0.4875,0.4480903,-0.039409697,0.039409697,0.33683333
0.36666667,0.26561177,-0.10105491,0.10105491,0.33283332
0.14,0.18638292,0.04638292,0.04638292,0.34825
0.53333336,0.29404116,-0.2392922,0.2392922,0.39166668
0.45,0.22670668,-0.2232933,0.2232933,0.43125
0.0,0.0026090667,0.0026090667,0.0026090667,0.45716667
0.0,0.0022708625,0.0022708625,0.0022708625,0.43566668
0.3125,0.29795027,-0.014549732,0.014549732,0.22166666
0.3,0.25904685,-0.04095316,0.04095316,0.25375
0.0,0.0027453378,0.0027453378,0.0027453378,0.26166666
0.45,0.35889512,-0.091104865,0.091104865,0.46325
0.9,0.56237453,-0.33762544,0.33762544,0.3335
0.0,0.0031522363,0.0031522363,0.0031522363,0.24525
0.675,0.5527867,-0.122213304,0.122213304,0.45125
0.225,0.19410548,-0.030894518,0.030894518,0.73333335
0.4,0.40559483,0.00559482,0.00559482,0.34666666
0.0,0.0022029579,0.0022029579,0.0022029579,0.44916666
0.0,0.0025891587,0.0025891587,0.0025891587,0.27191666
0.225,0.23246834,0.007468343,0.007468343,0.34225
0.0,0.003386736,0.003386736,0.003386736,0.4245
0.35,0.24908507,-0.100914925,0.100914925,0.1375
0.0,0.0025657117,0.0025657117,0.0025657117,0.42983332
0.0,0.0027264655,0.0027264655,0.0027264655,0.23458333
0.3,0.26175863,-0.038241386,0.038241386,0.17
0.65,0.39492667,-0.2550733,0.2550733,0.4535
0.0,0.0027599782,0.0027599782,0.0027599782,0.24983333
0.23333333,0.20806813,-0.025265202,0.025265202,0.38441667
0.6,0.41695952,-0.1830405,0.1830405,0.25525
0.3125,0.30338615,-0.009113848,0.009113848,0.4485
0.9,0.25256512,-0.64743483,0.64743483,0.33025
0.0,0.0026619956,0.0026619956,0.0026619956,0.22
0.41666666,0.30061004,-0.11605662,0.11605662,0.26375
0.0,0.002495654,0.002495654,0.002495654,0.325
0.725,0.477431,-0.24756902,0.24756902,0.38416666
0.0,0.002815552,0.002815552,0.002815552,0.30716667
0.5375,0.454691,-0.08280903,0.08280903,0.1125
0.0,0.003021583,0.003021583,0.003021583,0.2935
0.4875,0.39255452,-0.09494549,0.09494549,0.29425
0.0,0.003354989,0.003354989,0.003354989,0.1975
0.175,0.24536541,0.070365414,0.070365414,0.1605
0.0,0.00293421,0.00293421,0.00293421,0.255
0.3,0.26898724,-0.031012774,0.031012774,0.15916666
0.175,0.201359,0.026359007,0.026359007,0.33566666
0.3,0.21627358,-0.083726436,0.083726436,0.39933333
0.0,0.002864562,0.002864562,0.002864562,0.25175
0.225,0.22469935,-0.00030064583,0.00030064583,0.13691667
1.25,0.3061956,-0.9438044,0.9438044,0.2025
0.225,0.2478272,0.022827208,0.022827208,0.4425
0.85,0.59653676,-0.25346327,0.25346327,0.22158334
0.5,0.45563674,-0.04436326,0.04436326,0.41391668
0.0,0.0026449263,0.0026449263,0.0026449263,0.29458332
0.0,0.002671048,0.002671048,0.002671048,0.28708333
0.0,0.002952665,0.002952665,0.002952665,0.1745
0.0,0.0025047585,0.0025047585,0.0025047585,0.35108334
0.45,0.4165234,-0.03347659,0.03347659,0.119
0.6,0.39916563,-0.2008344,0.2008344,0.2585
0.8333333,0.4609831,-0.37235022,0.37235022,0.44225
0.0,0.0023633689,0.0023633689,0.0023633689,0.41075
0.225,0.22837248,0.0033724904,0.0033724904,0.35941666
0.0,0.003112398,0.003112398,0.003112398,0.15466666
0.5375,0.50728405,-0.030215979,0.030215979,0.27083334
0.0,0.0027192384,0.0027192384,0.0027192384,0.2575
0.0,0.0030988231,0.0030988231,0.0030988231,0.24333334
0.18,0.23657838,0.056578368,0.056578368,0.31358334
2.0,0.47559124,-1.5244088,1.5244088,0.211
0.0,0.0033317208,0.0033317208,0.0033317208,0.47
0.0,0.0032609776,0.0032609776,0.0032609776,0.30375
0.225,0.2630009,0.03800091,0.03800091,0.21416667
0.8,0.39815876,-0.40184125,0.40184125,0.26666668
0.0,0.0023426637,0.0023426637,0.0023426637,0.31008333
0.3125,0.2894037,-0.023096293,0.023096293,0.1895
0.0,0.0028185993,0.0028185993,0.0028185993,0.2295
0.0,0.003478095,0.003478095,0.003478095,0.42725
0.725,0.5857556,-0.13924444,0.13924444,0.351
0.5,0.43838346,-0.06161654,0.06161654,0.13666667
0.53333336,0.31541523,-0.21791813,0.21791813,0.22066666
0.4,0.2670704,-0.1329296,0.1329296,0.50233334
0.35,0.274008,-0.07599199,0.07599199,0.40775
0.0,0.0027245507,0.0027245507,0.0027245507,0.268
0.225,0.23978841,0.014788419,0.014788419,0.3935
0.23333333,0.2047889,-0.02854444,0.02854444,0.21
0.3,0.24585935,-0.054140657,0.054140657,0.145
0.175,0.19944152,0.024441525,0.024441525,0.27525
0.0,0.0026352033,0.0026352033,0.0026352033,0.28041667
0.54,0.5363319,-0.0036681294,0.0036681294,0.55425
0.23333333,0.1931546,-0.04017873,0.04017873,0.1225
0.225,0.19710398,-0.027896017,0.027896017,0.4315
0.5,0.441212,-0.058788,0.058788,0.4005
0.43,0.45026022,0.020260215,0.020260215,0.1065
0.1,0.005638607,-0.094361395,0.094361395,0.35166666
0.36,0.4192751,0.05927509,0.05927509,0.46525
0.72,0.6886952,-0.031304836,0.031304836,0.33275
0.53333336,0.40438187,-0.12895149,0.12895149,0.2275
0.0,0.0023926124,0.0023926124,0.0023926124,0.29775
0.18,0.20879191,0.028791904,0.028791904,0.3035
0.225,0.232276,0.0072759986,0.0072759986,0.37416667
0.28,0.24236688,-0.03763312,0.03763312,0.326
0.175,0.21098599,0.03598599,0.03598599,0.30116665
0.23333333,0.18213952,-0.05119382,0.05119382,0.2855
0.0,0.0029025301,0.0029025301,0.0029025301,0.168
0.23333333,0.21389785,-0.01943548,0.01943548,0.1745
0.0,0.002859518,0.002859518,0.002859518,0.27125
0.36,0.39868224,0.038682222,0.038682222,0.30616668
0.225,0.21338087,-0.011619121,0.011619121,0.173
0.0,0.002354078,0.002354078,0.002354078,0.38833332
0.45,0.43574482,-0.014255166,0.014255166,0.33875
0.0,0.002903752,0.002903752,0.002903752,0.31916666
0.225,0.2131322,-0.011867791,0.011867791,0.3175
0.0,0.0032198057,0.0032198057,0.0032198057,0.361
0.9,0.2575255,-0.6424745,0.6424745,0.27333334
0.0,0.0029290468,0.0029290468,0.0029290468,0.29425
0.3,0.25354546,-0.04645455,0.04645455,0.27583334
0.225,0.22275174,-0.0022482574,0.0022482574,0.42425
0.0,0.0031740516,0.0031740516,0.0031740516,0.3285
0.0,0.002388008,0.002388008,0.002388008,0.45425
0.0,0.0025767237,0.0025767237,0.0025767237,0.22583333
0.0,0.0027334765,0.0027334765,0.0027334765,0.266
0.225,0.25408787,0.029087871,0.029087871,0.2525
0.225,0.24667898,0.021678984,0.021678984,0.25775
0.0,0.0025837421,0.0025837421,0.0025837421,0.26458332
0.71666664,0.4688168,-0.24784985,0.24784985,0.4225
0.23333333,0.21705565,-0.016277686,0.016277686,0.22
0.5,0.44704685,-0.052953154,0.052953154,0.23725
0.86,0.8489307,-0.011069298,0.011069298,0.43775
0.0,0.0025185049,0.0025185049,0.0025185049,0.3125
0.175,0.23465523,0.059655234,0.059655234,0.23383333
0.3,0.25597283,-0.04402718,0.04402718,0.23183334
0.3,0.2457718,-0.054228216,0.054228216,0.288
0.225,0.25531277,0.030312777,0.030312777,0.278
0.175,0.24185085,0.066850856,0.066850856,0.2455
0.35,0.20957822,-0.14042178,0.14042178,0.36816666
0.175,0.24020794,0.06520794,0.06520794,0.42416668
0.23333333,0.24453086,0.011197522,0.011197522,0.0945
0.65,0.45834953,-0.19165045,0.19165045,0.2325
0.8,0.5147473,-0.2852527,0.2852527,0.36741668
0.225,0.2103762,-0.014623791,0.014623791,0.32716668
0.5375,0.5278163,-0.009683728,0.009683728,0.22375
0.725,0.59428865,-0.13071138,0.13071138,0.332
0.28,0.27615124,-0.0038487613,0.0038487613,0.239
0.28,0.24789825,-0.03210175,0.03210175,0.311
0.35,0.2203953,-0.1296047,0.1296047,0.1495
0.0,0.0027884692,0.0027884692,0.0027884692,0.2375
0.35,0.24977288,-0.10022712,0.10022712,0.21983333
0.4,0.40211296,0.0021129549,0.0021129549,0.26608333
0.32,0.37759367,0.057593673,0.057593673,0.44025
0.35,0.3664508,0.016450793,0.016450793,0.27583334
0.3125,0.31125516,-0.001244843,0.001244843,0.27
0.0,0.0031466857,0.0031466857,0.0031466857,0.105
0.0,0.0026877224,0.0026877224,0.0026877224,0.248
0.45,0.4531442,0.0031442046,0.0031442046,0.16625
0.675,0.5832212,-0.091778815,0.091778815,0.23375
0.0,0.0023395866,0.0023395866,0.0023395866,0.4735
0.18,0.20383304,0.023833036,0.023833036,0.51475
0.46,0.4279307,-0.032069296,0.032069296,0.34166667
0.46,0.45105302,-0.008946985,0.008946985,0.33675
0.14,0.1874151,0.047415093,0.047415093,0.298
0.0,0.0030798689,0.0030798689,0.0030798689,0.19708334
0.0,0.0032160357,0.0032160357,0.0032160357,0.26541665
0.175,0.18822947,0.013229474,0.013229474,0.33575
0.18,0.24549964,0.06549963,0.06549963,0.285
0.32,0.35680503,0.036805034,0.036805034,0.49183333
0.0,0.002603367,0.002603367,0.002603367,0.28925
0.32,0.27221003,-0.04778996,0.04778996,0.3165
0.56,0.47757652,-0.08242348,0.08242348,0.26091668
0.06666667,0.005959563,-0.060707107,0.060707107,0.22933333
0.32,0.278371,-0.041628987,0.041628987,0.29625
0.0,0.0029298812,0.0029298812,0.0029298812,0.1955
0.45,0.44780722,-0.0021927655,0.0021927655,0.48391667
0.175,0.2247797,0.0497797,0.0497797,0.2105
0.35,0.37339666,0.02339667,0.02339667,0.17
0.0,0.003207706,0.003207706,0.003207706,0.30666667
0.18,0.22383761,0.043837607,0.043837607,0.3565
0.4875,0.46507844,-0.022421569,0.022421569,0.15033333
1.0833334,0.6062834,-0.47704995,0.47704995,0.31416667
0.36,0.37444782,0.014447808,0.014447808,0.327
0.25,0.24018869,-0.009811312,0.009811312,0.29208332
0.225,0.25237998,0.02737999,0.02737999,0.296
0.3,0.25130883,-0.048691183,0.048691183,0.26375
0.45,0.4524889,0.0024889112,0.0024889112,0.20208333
0.53333336,0.41216606,-0.1211673,0.1211673,0.20208333
0.0,0.002626568,0.002626568,0.002626568,0.23625
0.18,0.22171548,0.041715473,0.041715473,0.3735
0.7,0.17547858,-0.5245214,0.5245214,0.50333333
0.225,0.2543312,0.029331207,0.029331207,0.29408333
0.45,0.3980425,-0.051957488,0.051957488,0.28916666
0.0,0.002623789,0.002623789,0.002623789,0.28666666
0.225,0.24653667,0.021536678,0.021536678,0.24875
0.41666666,0.29101208,-0.12565458,0.12565458,0.2865
0.32,0.29940122,-0.02059877,0.02059877,0.3225
0.18,0.25311083,0.07311082,0.07311082,0.29625
0.225,0.21929905,-0.005700946,0.005700946,0.2015
0.575,0.5214941,-0.053505898,0.053505898,0.10375
0.0,0.002896905,0.002896905,0.002896905,0.2725
0.0,0.002371803,0.002371803,0.002371803,0.26666668
0.58,0.51471585,-0.06528413,0.06528413,0.225
0.0,0.002870731,0.002870731,0.002870731,0.175
0.225,0.21037033,-0.014629662,0.014629662,0.33875
0.3,0.25217378,-0.04782623,0.04782623,0.3075
0.45,0.43100354,-0.018996447,0.018996447,0.24583334
1.025,0.9203901,-0.10460985,0.10460985,0.1955
0.0,0.0023550019,0.0023550019,0.0023550019,0.39875
0.4,0.33462036,-0.06537965,0.06537965,0.22291666
0.0,0.0028530732,0.0028530732,0.0028530732,0.21875
0.0,0.0027658194,0.0027658194,0.0027658194,0.2525
0.175,0.1936248,0.018624797,0.018624797,0.30625
0.18,0.26150316,0.08150315,0.08150315,0.18916667
0.0,0.002603218,0.002603218,0.002603218,0.31625
0.45,0.39894584,-0.05105415,0.05105415,0.34325
0.9,0.86459696,-0.035403013,0.035403013,0.37425
0.18,0.2378433,0.057843298,0.057843298,0.339
0.18,0.28045848,0.10045847,0.10045847,0.115
0.32,0.41530442,0.09530443,0.09530443,0.34108335
0.5,0.535902,0.035902023,0.035902023,0.30941668
0.28,0.3726274,0.092627406,0.092627406,0.255
0.575,0.5389103,-0.03608966,0.03608966,0.26575
0.4,0.45449415,0.054494143,0.054494143,0.473
0.5,0.5158636,0.015863597,0.015863597,0.44175
0.175,0.1976834,0.022683397,0.022683397,0.2785
0.36,0.37767506,0.017675042,0.017675042,0.24675
0.36,0.4038602,0.043860197,0.043860197,0.24541667
0.7,0.23810273,-0.46189725,0.46189725,0.38083333
0.0,0.0030763745,0.0030763745,0.0030763745,0.24083333
0.175,0.24345404,0.06845404,0.06845404,0.23633334
0.5375,0.44099587,-0.09650415,0.09650415,0.2595
0.0,0.0028944835,0.0028944835,0.0028944835,0.17833333
0.175,0.23753431,0.06253432,0.06253432,0.33241665
0.225,0.23785812,0.012858123,0.012858123,0.25616667
0.675,0.6103711,-0.0646289,0.0646289,0.213
0.45,0.3760695,-0.0739305,0.0739305,0.1805
0.45,0.4332031,-0.016796887,0.016796887,0.40541667
0.225,0.2439062,0.018906206,0.018906206,0.22833334
0.225,0.22810075,0.0031007528,0.0031007528,0.15916666
0.175,0.20437756,0.029377565,0.029377565,0.20416667
0.6,0.3784988,-0.22150123,0.22150123,0.17875
0.14,0.22571716,0.08571716,0.08571716,0.22266667
0.225,0.19979459,-0.025205404,0.025205404,0.31225
0.175,0.2446374,0.0696374,0.0696374,0.18666667
0.225,0.25279924,0.027799249,0.027799249,0.35375
0.4875,0.47560388,-0.011896133,0.011896133,0.1875
0.0,0.0024513677,0.0024513677,0.0024513677,0.33725
0.0,0.003119588,0.003119588,0.003119588,0.34573808
0.225,0.24270356,0.017703563,0.017703563,0.2425
0.0,0.002278529,0.002278529,0.002278529,0.39425
0.35,0.24363774,-0.10636225,0.10636225,0.37125
0.41666666,0.30785376,-0.1088129,0.1088129,0.1725
0.225,0.25164866,0.02664867,0.02664867,0.4195
0.45,0.43217295,-0.017827034,0.017827034,0.39266667
0.225,0.21782643,-0.007173568,0.007173568,0.42766666
0.5375,0.44206986,-0.095430166,0.095430166,0.43958333
0.45,0.43153444,-0.018465549,0.018465549,0.23083334
0.0,0.002799593,0.002799593,0.002799593,0.3125
0.175,0.20739534,0.032395348,0.032395348,0.1505
0.0,0.0028080493,0.0028080493,0.0028080493,0.21116666
0.625,0.5268176,-0.09818238,0.09818238,0.42208335
0.0,0.0026497692,0.0026497692,0.0026497692,0.2635
0.225,0.252244,0.027244002,0.027244002,0.30408335
0.175,0.21884203,0.043842033,0.043842033,0.26675
0.0,0.0028071925,0.0028071925,0.0028071925,0.21958333
0.4,0.39494577,-0.0050542355,0.0050542355,0.1495
0.9,0.43733996,-0.46266,0.46266,0.27
0.36,0.445867,0.08586699,0.08586699,0.207
0.0,0.0035031438,0.0035031438,0.0035031438,0.41725
0.225,0.22414228,-0.00085771084,0.00085771084,0.43225
0.18,0.24394473,0.06394473,0.06394473,0.41125
0.58,0.47922942,-0.10077056,0.10077056,0.38675
0.23333333,0.18752891,-0.045804426,0.045804426,0.238
0.5,0.4014703,-0.0985297,0.0985297,0.2815
0.5375,0.44977933,-0.08772069,0.08772069,0.30125
0.18,0.19586062,0.015860617,0.015860617,0.46183333
0.225,0.20111859,-0.023881406,0.023881406,0.271
0.0,0.0030717626,0.0030717626,0.0030717626,0.43041667
0.8,0.451446,-0.34855402,0.34855402,0.09
0.93,0.9319395,0.0019394755,0.0019394755,0.21925
0.76,0.7398572,-0.020142794,0.020142794,0.3435
0.0,0.003040731,0.003040731,0.003040731,0.19
0.0,0.0025713295,0.0025713295,0.0025713295,0.34216666
0.32,0.35959128,0.039591283,0.039591283,0.50658333
0.9,0.22673124,-0.67326874,0.67326874,0.25166667
0.3125,0.30474618,-0.007753819,0.007753819,0.38375
0.23333333,0.22077778,-0.0125555545,0.0125555545,0.34416667
0.4,0.26354256,-0.13645744,0.13645744,0.42725
0.4,0.36100465,-0.038995355,0.038995355,0.4235
0.225,0.24468708,0.019687086,0.019687086,0.45625
0.0,0.0031738356,0.0031738356,0.0031738356,0.274
0.225,0.20838508,-0.016614914,0.016614914,0.299
0.0,0.0029193908,0.0029193908,0.0029193908,0.15416667
0.0,0.0025338382,0.0025338382,0.0025338382,0.355
0.225,0.19553602,-0.029463977,0.029463977,0.50733334
0.225,0.19752273,-0.027477264,0.027477264,0.3315
0.8333333,0.46274775,-0.37058556,0.37058556,0.40108332
0.0,0.002695419,0.002695419,0.002695419,0.18
0.225,0.2475898,0.022589803,0.022589803,0.19675
0.175,0.22043377,0.045433775,0.045433775,0.376
0.0,0.0030260608,0.0030260608,0.0030260608,0.19
0.46666667,0.3716171,-0.09504956,0.09504956,0.26241666
0.0,0.0024425015,0.0024425015,0.0024425015,0.5549167
0.0,0.002072759,0.002072759,0.002072759,0.435
0.3,0.23761141,-0.0623886,0.0623886,0.35233334
0.3125,0.31209052,-0.0004094839,0.0004094839,0.204
0.225,0.19720429,-0.027795702,0.027795702,0.30475
0.6666667,0.51729274,-0.14937395,0.14937395,0.19958334
0.0,0.002749674,0.002749674,0.002749674,0.401
0.0,0.003144525,0.003144525,0.003144525,0.34975
0.0,0.00262212,0.00262212,0.00262212,0.31875
0.0,0.003213413,0.003213413,0.003213413,0.31216666
0.0,0.0032655224,0.0032655224,0.0032655224,0.23883334
0.225,0.19521593,-0.029784068,0.029784068,0.43483335
0.225,0.21335548,-0.011644512,0.011644512,0.43041667
0.23333333,0.18817958,-0.045153752,0.045153752,0.3025
0.225,0.24041304,0.015413046,0.015413046,0.28975
0.225,0.20762852,-0.017371476,0.017371476,0.32041666
0.0,0.0024049208,0.0024049208,0.0024049208,0.38825
0.675,0.59072614,-0.084273875,0.084273875,0.35675
0.45,0.3968798,-0.053120196,0.053120196,0.49858335
0.3,0.20667383,-0.09332618,0.09332618,0.355
0.3,0.2520314,-0.047968626,0.047968626,0.25008333
0.0,0.002988793,0.002988793,0.002988793,0.18875
0.225,0.20752081,-0.017479181,0.017479181,0.22125
0.0,0.0022494197,0.0022494197,0.0022494197,0.46391666
0.41666666,0.30339047,-0.11327618,0.11327618,0.27983335
0.0,0.0032142699,0.0032142699,0.0032142699,0.313
0.71666664,0.4322843,-0.28438234,0.28438234,0.301
0.7,0.19169763,-0.50830233,0.50830233,0.46308333
0.0,0.00244575,0.00244575,0.00244575,0.3795
0.0,0.0027217641,0.0027217641,0.0027217641,0.38191667
0.0,0.003079027,0.003079027,0.003079027,0.17083333
0.0,0.0031135008,0.0031135008,0.0031135008,0.24333334
0.0,0.0028961897,0.0028961897,0.0028961897,0.27875
0.53333336,0.31966084,-0.21367252,0.21367252,0.14583333
0.225,0.23623502,0.0112350285,0.0112350285,0.31358334
0.0,0.002304785,0.002304785,0.002304785,0.411
0.225,0.19651496,-0.02848503,0.02848503,0.3815
0.225,0.20669156,-0.01830843,0.01830843,0.345
0.175,0.18128556,0.006285563,0.006285563,0.30375
0.175,0.20050111,0.025501117,0.025501117,0.28625
0.225,0.23198584,0.006985843,0.006985843,0.4325
0.45,0.2319229,-0.2180771,0.2180771,0.172
0.175,0.22057357,0.045573577,0.045573577,0.315
0.18,0.24374571,0.06374571,0.06374571,0.40675
0.14,0.1860345,0.0460345,0.0460345,0.42725
0.18,0.20995548,0.029955477,0.029955477,0.264
0.8,0.34958664,-0.45041338,0.45041338,0.17283334
0.3125,0.27785835,-0.034641653,0.034641653,0.30125
0.46666667,0.24268681,-0.22397986,0.22397986,0.271
0.225,0.23402545,0.0090254545,0.0090254545,0.28666666
0.175,0.17918038,0.0041803867,0.0041803867,0.30883333
0.175,0.2008658,0.025865808,0.025865808,0.397
0.3,0.20233712,-0.097662896,0.097662896,0.31133333
0.45,0.39840382,-0.051596165,0.051596165,0.34216666
0.68,0.56109744,-0.118902564,0.118902564,0.1955
0.175,0.23083371,0.055833712,0.055833712,0.32583332
0.0,0.0023363754,0.0023363754,0.0023363754,0.415
0.3125,0.24785146,-0.06464854,0.06464854,0.22008333
0.0,0.002917163,0.002917163,0.002917163,0.31916666
0.45,0.38341567,-0.06658432,0.06658432,0.3
0.225,0.20808908,-0.01691091,0.01691091,0.27541667
0.0,0.002745457,0.002745457,0.002745457,0.24816667
0.0,0.0026963875,0.0026963875,0.0026963875,0.30383334
0.225,0.24559721,0.02059722,0.02059722,0.283
0.45,0.37242055,-0.07757944,0.07757944,0.40266666
0.625,0.3131986,-0.3118014,0.3118014,0.17375
0.0,0.002825193,0.002825193,0.002825193,0.25883332
0.0,0.0022035763,0.0022035763,0.0022035763,0.4865
0.32,0.33371037,0.01371038,0.01371038,0.26975
0.06666667,0.006421633,-0.060245037,0.060245037,0.2995
0.45,0.4226675,-0.027332485,0.027332485,0.27125
0.53333336,0.4264046,-0.106928766,0.106928766,0.15375
0.5375,0.4085641,-0.12893593,0.12893593,0.3915
0.36,0.39399332,0.033993304,0.033993304,0.38825
0.4,0.3090666,-0.09093341,0.09093341,0.3185
0.0,0.003024295,0.003024295,0.003024295,0.2225
0.7,0.21958834,-0.48041165,0.48041165,0.43625
0.225,0.24951366,0.024513662,0.024513662,0.30566666
0.35,0.36589447,0.015894473,0.015894473,0.30575
0.0,0.002187036,0.002187036,0.002187036,0.483
0.25,0.25018886,0.00018885732,0.00018885732,0.278
0.46666667,0.27899,-0.18767667,0.18767667,0.20083334
0.225,0.25375012,0.028750122,0.028750122,0.25383332
0.0,0.0024961457,0.0024961457,0.0024961457,0.35983333
0.0,0.0028107688,0.0028107688,0.0028107688,0.23525
0.225,0.19718716,-0.027812839,0.027812839,0.296
0.675,0.6055504,-0.0694496,0.0694496,0.21625
0.0,0.0027636886,0.0027636886,0.0027636886,0.365
0.3125,0.23938012,-0.07311988,0.07311988,0.29175
0.0,0.0026244223,0.0026244223,0.0026244223,0.31875
0.45,0.3498721,-0.100127876,0.100127876,0.28016666
0.3,0.20754078,-0.09245923,0.09245923,0.22083333
0.0,0.003442429,0.003442429,0.003442429,0.36333334
0.675,0.47546017,-0.19953984,0.19953984,0.36291668
0.0,0.0031349882,0.0031349882,0.0031349882,0.29083332
0.0,0.0027580932,0.0027580932,0.0027580932,0.2585
0.36,0.3665872,0.0065871775,0.0065871775,0.28916666
0.0,0.0025558397,0.0025558397,0.0025558397,0.33025
0.85,0.68967235,-0.16032767,0.16032767,0.38125
0.0,0.0025663525,0.0025663525,0.0025663525,0.30908334
1.0375,0.8074715,-0.23002851,0.23002851,0.45025
0.7125,0.47398,-0.23851997,0.23851997,0.385
0.14,0.24291006,0.10291006,0.10291006,0.24008334
0.0,0.003066264,0.003066264,0.003066264,0.17075
0.32,0.30118707,-0.018812925,0.018812925,0.21175
0.175,0.21453813,0.03953813,0.03953813,0.18666667
0.45,0.2593001,-0.19069988,0.19069988,0.1745
0.225,0.24122468,0.016224682,0.016224682,0.304
0.225,0.20136479,-0.023635209,0.023635209,0.313
0.5,0.4035784,-0.0964216,0.0964216,0.35516667
0.45,0.20854658,-0.24145341,0.24145341,0.5018333
0.0,0.002751872,0.002751872,0.002751872,0.32816666
0.76666665,0.44793743,-0.31872922,0.31872922,0.13083333
0.225,0.21267179,-0.0123282075,0.0123282075,0.24333334
0.225,0.22063345,-0.004366547,0.004366547,0.27875
0.0,0.003363587,0.003363587,0.003363587,0.19916667
0.575,0.48035365,-0.094646335,0.094646335,0.26108333
0.0,0.002488695,0.002488695,0.002488695,0.321
0.36,0.30660528,-0.053394735,0.053394735,0.362
0.0,0.0031542554,0.0031542554,0.0031542554,0.3275
0.14,0.1821624,0.042162403,0.042162403,0.28525
0.5,0.47240245,-0.027597547,0.027597547,0.2325
0.5375,0.45657068,-0.08092934,0.08092934,0.41
0.175,0.20931205,0.034312055,0.034312055,0.1995
0.85,0.6992995,-0.15070051,0.15070051,0.2825
0.18,0.24420527,0.06420526,0.06420526,0.38875
0.175,0.18457565,0.00957565,0.00957565,0.44125
0.3,0.24580166,-0.054198354,0.054198354,0.25833333
0.4,0.32147822,-0.07852179,0.07852179,0.217
0.0,0.0031906143,0.0031906143,0.0031906143,0.1995
0.225,0.23404479,0.009044796,0.009044796,0.28
0.225,0.20015204,-0.024847955,0.024847955,0.26366666
0.225,0.19682986,-0.028170139,0.028170139,0.30883333
0.0,0.002856277,0.002856277,0.002856277,0.30616668
0.225,0.20121005,-0.023789942,0.023789942,0.31883332
0.45,0.40820515,-0.041794837,0.041794837,0.19783333
0.225,0.23261759,0.007617593,0.007617593,0.34216666
0.71666664,0.41404378,-0.30262285,0.30262285,0.246
2.0,0.47399607,-1.526004,1.526004,0.34333333
0.225,0.24031761,0.015317619,0.015317619,0.34833333
0.3,0.21504802,-0.084952,0.084952,0.25133333
0.0,0.0029305816,0.0029305816,0.0029305816,0.31916666
1.0,0.7928123,-0.20718771,0.20718771,0.345
0.0,0.0031465814,0.0031465814,0.0031465814,0.28391665
0.0,0.0028054118,0.0028054118,0.0028054118,0.22566667
0.9,0.2293759,-0.6706241,0.6706241,0.28133333
0.35,0.36874217,0.018742174,0.018742174,0.3055
0.225,0.2111947,-0.0138053,0.0138053,0.39766666
1.25,0.30850357,-0.94149643,0.94149643,0.20125
0.6,0.4007249,-0.19927514,0.19927514,0.25883332
0.41666666,0.30247974,-0.11418691,0.11418691,0.1775
0.175,0.22290456,0.047904566,0.047904566,0.4465
0.32,0.3321894,0.012189418,0.012189418,0.26275
0.4,0.28685492,-0.11314508,0.11314508,0.27491668
0.225,0.23895308,0.01395309,0.01395309,0.31625
0.9,0.2541849,-0.6458151,0.6458151,0.20708333
0.175,0.19059068,0.015590683,0.015590683,0.40525
0.225,0.20853537,-0.01646462,0.01646462,0.3405
0.0,0.00217136,0.00217136,0.00217136,0.50625
0.4,0.4796443,0.07964429,0.07964429,0.29216668
0.4,0.386684,-0.0133160055,0.0133160055,0.29875
0.225,0.23720038,0.012200385,0.012200385,0.483
0.14,0.19768396,0.05768396,0.05768396,0.263
0.35,0.27475038,-0.07524961,0.07524961,0.2075
0.175,0.24342373,0.06842373,0.06842373,0.23633334
0.225,0.24010661,0.015106618,0.015106618,0.3355
0.0,0.0025380924,0.0025380924,0.0025380924,0.3255
0.7125,0.468397,-0.24410298,0.24410298,0.44125
0.3125,0.30098134,-0.011518657,0.011518657,0.25833333
0.225,0.20895836,-0.016041636,0.016041636,0.257
0.35,0.2794259,-0.070574105,0.070574105,0.1995
0.0,0.0028759688,0.0028759688,0.0028759688,0.2125
0.5,0.38101617,-0.118983835,0.118983835,0.28616667
1.0,0.42612472,-0.5738753,0.5738753,0.30916667
0.225,0.19761506,-0.027384937,0.027384937,0.29133335
0.0,0.0028697029,0.0028697029,0.0028697029,0.30616668
0.0,0.0032500774,0.0032500774,0.0032500774,0.31133333
0.4,0.3896829,-0.010317117,0.010317117,0.19783333
0.0,0.0026765987,0.0026765987,0.0026765987,0.29266667
0.175,0.18535063,0.01035063,0.01035063,0.29516667
0.0,0.0025908127,0.0025908127,0.0025908127,0.3175
0.725,0.4934847,-0.23151532,0.23151532,0.28133333
0.0,0.0029550865,0.0029550865,0.0029550865,0.26916668
0.4,0.30537906,-0.09462094,0.09462094,0.409
0.0,0.002732642,0.002732642,0.002732642,0.26125
0.0,0.0026692674,0.0026692674,0.0026692674,0.29316667
0.225,0.23377264,0.008772641,0.008772641,0.42083332
0.36,0.37397355,0.013973534,0.013973534,0.358
0.625,0.3002342,-0.3247658,0.3247658,0.28375
0.0,0.0026760474,0.0026760474,0.0026760474,0.28333333
0.0,0.0023814067,0.0023814067,0.0023814067,0.37766665
0.4,0.40494764,0.0049476326,0.0049476326,0.223
0.5375,0.45028484,-0.087215185,0.087215185,0.27875
0.28,0.2464396,-0.033560395,0.033560395,0.2885
0.23333333,0.21082386,-0.02250947,0.02250947,0.26166666
0.225,0.20520985,-0.019790143,0.019790143,0.44575
0.175,0.18706842,0.012068421,0.012068421,0.29083332
0.18,0.20579204,0.025792032,0.025792032,0.32516667
0.58,0.5332082,-0.046791792,0.046791792,0.7378333
0.57,0.6035797,0.033579707,0.033579707,0.41625
0.45,0.38766116,-0.06233883,0.06233883,0.327
0.45,0.43475658,-0.015243411,0.015243411,0.23191667
0.575,0.45412314,-0.12087685,0.12087685,0.40416667
0.35,0.2487377,-0.1012623,0.1012623,0.38
0.575,0.5315184,-0.04348159,0.04348159,0.19158334
0.45,0.4145797,-0.0354203,0.0354203,0.15275
0.14,0.2091828,0.0691828,0.0691828,0.36316666
0.225,0.20704347,-0.017956525,0.017956525,0.19875
0.14,0.17433797,0.034337968,0.034337968,0.567
0.8,0.39717972,-0.4028203,0.4028203,0.24333334
0.68,0.5671339,-0.1128661,0.1128661,0.34575
0.625,0.45178893,-0.17321107,0.17321107,0.32716668
0.0,0.0030070469,0.0030070469,0.0030070469,0.2075
0.61,0.48524633,-0.124753684,0.124753684,0.48225
0.3125,0.30370063,-0.008799374,0.008799374,0.2875
0.225,0.21143961,-0.0135603845,0.0135603845,0.2925
0.725,0.52130324,-0.20369679,0.20369679,0.26125
0.46,0.47702277,0.017022759,0.017022759,0.162
0.225,0.20958766,-0.015412331,0.015412331,0.15916666
0.0,0.0034208,0.0034208,0.0034208,0.34925
0.175,0.18465334,0.009653345,0.009653345,0.25483334
0.0,0.002880983,0.002880983,0.002880983,0.2825
0.36,0.40193993,0.041939914,0.041939914,0.46375
0.9,0.2291092,-0.6708908,0.6708908,0.217
0.175,0.2190581,0.0440581,0.0440581,0.318
0.6625,0.46463788,-0.19786215,0.19786215,0.3175
0.225,0.24855116,0.023551166,0.023551166,0.2825
0.225,0.19059658,-0.034403414,0.034403414,0.5733333
0.175,0.21615809,0.041158095,0.041158095,0.356
0.28,0.24103838,-0.03896162,0.03896162,0.4805
0.5,0.44339716,-0.056602836,0.056602836,0.2615
0.0,0.0027060732,0.0027060732,0.0027060732,0.31166667
0.46666667,0.27520895,-0.19145772,0.19145772,0.2025
0.0,0.0029814318,0.0029814318,0.0029814318,0.19
0.0,0.0033928975,0.0033928975,0.0033928975,0.26216668
0.58,0.4830199,-0.096980095,0.096980095,0.3145
0.9,0.22498667,-0.6750133,0.6750133,0.16
0.0,0.0030935407,0.0030935407,0.0030935407,0.224
1.25,0.3423956,-0.9076044,0.9076044,0.13875
0.45,0.40300396,-0.046996027,0.046996027,0.25766668
0.0,0.0030666366,0.0030666366,0.0030666366,0.19125
0.23333333,0.21221527,-0.02111806,0.02111806,0.292
0.175,0.1918961,0.016896099,0.016896099,0.33875
0.3,0.24448478,-0.05551523,0.05551523,0.25
0.0,0.002159275,0.002159275,0.002159275,0.39
0.41666666,0.2285173,-0.18814936,0.18814936,0.51775
0.0,0.0025890917,0.0025890917,0.0025890917,0.32625
0.225,0.20659137,-0.018408626,0.018408626,0.29175
0.625,0.29453832,-0.33046168,0.33046168,0.21916667
0.5,0.42333168,-0.07666832,0.07666832,0.2525
0.0,0.003053449,0.003053449,0.003053449,0.25975
0.4,0.3046055,-0.09539449,0.09539449,0.30225
0.0,0.0029660389,0.0029660389,0.0029660389,0.19416666
0.23333333,0.21715951,-0.016173825,0.016173825,0.29875
0.0,0.0025796369,0.0025796369,0.0025796369,0.36175
0.3125,0.2662969,-0.046203107,0.046203107,0.23375
0.3,0.24894491,-0.051055104,0.051055104,0.30016667
0.175,0.24534133,0.070341334,0.070341334,0.0925
0.0,0.0025834963,0.0025834963,0.0025834963,0.32125
0.53,0.51722395,-0.012776017,0.012776017,0.374
0.225,0.23662996,0.011629969,0.011629969,0.48216668
0.7125,0.5296671,-0.1828329,0.1828329,0.4775
0.4,0.35058004,-0.04941997,0.04941997,0.277
0.175,0.19513291,0.020132914,0.020132914,0.18916667
0.0,0.0027134493,0.0027134493,0.0027134493,0.22258334
0.0,0.0023470894,0.0023470894,0.0023470894,0.38333333
1.0,0.4928949,-0.5071051,0.5071051,0.26125
0.0,0.0027740672,0.0027740672,0.0027740672,0.25316668
0.0,0.0024446324,0.0024446324,0.0024446324,0.38083333
0.0,0.0030426607,0.0030426607,0.0030426607,0.3265
0.5,0.48223433,-0.017765671,0.017765671,0.32291666
0.0,0.0026329085,0.0026329085,0.0026329085,0.45716667
0.725,0.5866598,-0.13834023,0.13834023,0.34266666
0.18,0.21073797,0.030737966,0.030737966,0.2405
0.5,0.43061215,-0.06938785,0.06938785,0.2875
0.5,0.43896118,-0.061038822,0.061038822,0.294
0.0,0.0027407482,0.0027407482,0.0027407482,0.2625
0.4,0.2858202,-0.11417982,0.11417982,0.45425
0.0,0.0032568425,0.0032568425,0.0032568425,0.22333333
0.18,0.20485625,0.02485624,0.02485624,0.34316668
0.0,0.0036534443,0.0036534443,0.0036534443,0.63916665
1.19,1.1115333,-0.07846677,0.07846677,0.44825
0.225,0.21861568,-0.006384313,0.006384313,0.3545
0.3,0.25639912,-0.043600887,0.043600887,0.23525
0.35,0.3044315,-0.045568496,0.045568496,0.38166666
0.76,0.7162386,-0.043761373,0.043761373,0.36625
0.225,0.2268591,0.0018590987,0.0018590987,0.307
0.0,0.0026233345,0.0026233345,0.0026233345,0.3075
0.68,0.63057053,-0.049429476,0.049429476,0.36625
0.225,0.24918336,0.024183363,0.024183363,0.26
0.76,0.5916214,-0.16837859,0.16837859,0.5733333
0.4,0.3790595,-0.020940512,0.020940512,0.32475
0.36,0.3353432,-0.024656802,0.024656802,0.4545
0.58,0.4750949,-0.10490507,0.10490507,0.2615
0.5,0.4841246,-0.0158754,0.0158754,0.27166668
0.54,0.44294837,-0.09705165,0.09705165,0.26216668
0.0,0.0027001128,0.0027001128,0.0027001128,0.27125
0.0,0.0031902269,0.0031902269,0.0031902269,0.3545
0.0,0.0029526278,0.0029526278,0.0029526278,0.2325
0.0,0.0032947734,0.0032947734,0.0032947734,0.1565
0.45,0.2585848,-0.19141519,0.19141519,0.2325
1.19,1.1556073,-0.034392715,0.034392715,0.30266666
0.0,0.0031434968,0.0031434968,0.0031434968,0.16875
0.0,0.0025755093,0.0025755093,0.0025755093,0.31
0.9,0.23526794,-0.66473204,0.66473204,0.28533334
0.625,0.4505911,-0.17440891,0.17440891,0.33375
0.225,0.24840686,0.023406863,0.023406863,0.19875
0.45,0.43689585,-0.013104141,0.013104141,0.20908333
0.225,0.23254502,0.007545024,0.007545024,0.17525
0.225,0.23308858,0.008088589,0.008088589,0.32841668
0.5,0.39096242,-0.10903758,0.10903758,0.22125
0.225,0.25282753,0.027827531,0.027827531,0.41916665
0.4,0.26731858,-0.13268143,0.13268143,0.524
0.0,0.0029985383,0.0029985383,0.0029985383,0.18666667
0.9,0.42313135,-0.47686863,0.47686863,0.32333332
0.28,0.24647558,-0.033524424,0.033524424,0.41375
0.225,0.208482,-0.016517997,0.016517997,0.37216666
0.45,0.22335666,-0.22664332,0.22664332,0.2075
0.175,0.17977436,0.004774362,0.004774362,0.477
0.5,0.40372938,-0.09627062,0.09627062,0.297
0.0,0.0029294714,0.0029294714,0.0029294714,0.28875
0.225,0.23848087,0.013480872,0.013480872,0.183
0.72,0.5733341,-0.14666593,0.14666593,0.15166667
0.0,0.003350757,0.003350757,0.003350757,0.28175
0.4,0.2879958,-0.11200422,0.11200422,0.24233334
0.0,0.0029001683,0.0029001683,0.0029001683,0.2465
0.575,0.4768961,-0.09810388,0.09810388,0.49975
0.0,0.0028134212,0.0028134212,0.0028134212,0.20166667
0.0,0.0035813302,0.0035813302,0.0035813302,0.52816665
0.0,0.0028109923,0.0028109923,0.0028109923,0.23625
0.41666666,0.23524919,-0.18141747,0.18141747,0.31425
0.0,0.002857916,0.002857916,0.002857916,0.235
0.71,0.657251,-0.05274898,0.05274898,0.24225
0.0,0.0031462163,0.0031462163,0.0031462163,0.31975
0.4,0.3866284,-0.013371617,0.013371617,0.27708334
0.6,0.46044582,-0.1395542,0.1395542,0.26583335
0.3125,0.27516806,-0.03733194,0.03733194,0.29925
0.41666666,0.26520592,-0.15146074,0.15146074,0.23
0.225,0.24706298,0.022062987,0.022062987,0.33016667
0.35,0.24555135,-0.10444865,0.10444865,0.08
0.0,0.0025857985,0.0025857985,0.0025857985,0.32125
0.225,0.22743452,0.002434522,0.002434522,0.409
1.0,0.44730285,-0.5526972,0.5526972,0.43966666
0.0,0.0027965382,0.0027965382,0.0027965382,0.54875
0.0,0.0029804185,0.0029804185,0.0029804185,0.249
0.0,0.0024869964,0.0024869964,0.0024869964,0.49833333
0.0,0.0032917038,0.0032917038,0.0032917038,0.18416667
0.225,0.26575792,0.040757924,0.040757924,0.17758334
0.0,0.0024741814,0.0024741814,0.0024741814,0.33
0.41666666,0.30883336,-0.107833296,0.107833296,0.31625
0.9,0.23826015,-0.6617398,0.6617398,0.31416667
0.225,0.2112562,-0.013743788,0.013743788,0.2945
0.0,0.0024304017,0.0024304017,0.0024304017,0.37291667
0.0,0.0024641678,0.0024641678,0.0024641678,0.34716666
0.45,0.36149508,-0.08850491,0.08850491,0.2585
0.225,0.23464233,0.009642333,0.009642333,0.2875
0.225,0.20053393,-0.024466068,0.024466068,0.29525
0.725,0.61937606,-0.10562396,0.10562396,0.2625
0.675,0.45765054,-0.21734947,0.21734947,0.42175
0.6,0.36024618,-0.23975384,0.23975384,0.22333333
0.0,0.003212005,0.003212005,0.003212005,0.34316668
0.225,0.19502056,-0.029979438,0.029979438,0.5441667
0.5,0.44906574,-0.050934255,0.050934255,0.51725
0.0,0.0029502884,0.0029502884,0.0029502884,0.377
0.0,0.0028128177,0.0028128177,0.0028128177,0.19525
0.0,0.0027998537,0.0027998537,0.0027998537,0.41666666
0.0,0.0026578829,0.0026578829,0.0026578829,0.33983332
0.3,0.20295298,-0.09704703,0.09704703,0.37975
0.7,0.20329535,-0.49670464,0.49670464,0.3295
0.3,0.24021691,-0.0597831,0.0597831,0.3075
0.225,0.20845842,-0.01654157,0.01654157,0.3855
0.45,0.45931417,0.009314179,0.009314179,0.26
0.225,0.18915096,-0.035849035,0.035849035,0.57308334
0.175,0.21497321,0.039973214,0.039973214,0.36475
0.25,0.23006016,-0.01993984,0.01993984,0.43675
0.35,0.24683037,-0.10316962,0.10316962,0.297
0.4,0.3746692,-0.025330812,0.025330812,0.28
0.6666667,0.40628123,-0.26038545,0.26038545,0.24916667
0.225,0.23720077,0.012200773,0.012200773,0.13
0.85,0.5111988,-0.3388012,0.3388012,0.29866666
0.53333336,0.3993379,-0.13399547,0.13399547,0.23925
0.35,0.24928674,-0.10071325,0.10071325,0.322
0.0,0.0030156747,0.0030156747,0.0030156747,0.215
0.225,0.2182126,-0.0067873895,0.0067873895,0.1565
0.0,0.0026127473,0.0026127473,0.0026127473,0.2775
0.45,0.39325646,-0.056743532,0.056743532,0.38
0.0,0.0031581745,0.0031581745,0.0031581745,0.16875
0.0,0.002577804,0.002577804,0.002577804,0.31
0.0,0.0025632158,0.0025632158,0.0025632158,0.34533334
0.0,0.0031777397,0.0031777397,0.0031777397,0.37375
0.225,0.2479958,0.0229958,0.0229958,0.19791667
0.0,0.002166316,0.002166316,0.002166316,0.39
0.45,0.42218333,-0.027816653,0.027816653,0.35791665
0.0,0.0024326965,0.0024326965,0.0024326965,0.37291667
0.45,0.390899,-0.059100986,0.059100986,0.3905
0.39,0.47183055,0.08183056,0.08183056,0.28216666
0.0,0.00316751,0.00316751,0.00316751,0.286
0.4,0.3724377,-0.02756232,0.02756232,0.31
0.225,0.2042993,-0.020700693,0.020700693,0.24525
0.58,0.61634696,0.036346972,0.036346972,0.277
0.36,0.3449428,-0.015057206,0.015057206,0.45725
0.0,0.0024045855,0.0024045855,0.0024045855,0.3785
0.575,0.42778873,-0.14721125,0.14721125,0.26583335
0.225,0.21042776,-0.014572233,0.014572233,0.21816666
0.46,0.39933977,-0.060660243,0.060660243,0.52066666
0.3125,0.27407792,-0.038422078,0.038422078,0.51725
0.72,0.7190939,-0.0009061098,0.0009061098,0.327
0.275,0.28903824,0.014038235,0.014038235,0.18125
0.58,0.57265675,-0.0073432326,0.0073432326,0.32166666
0.0,0.0033627227,0.0033627227,0.0033627227,0.40975
0.3125,0.30540857,-0.007091433,0.007091433,0.25408334
0.0,0.0029478818,0.0029478818,0.0029478818,0.19775
0.83,0.8442071,0.014207125,0.014207125,0.35091665
0.225,0.20027617,-0.024723828,0.024723828,0.27125
0.14,0.17328018,0.03328018,0.03328018,0.564
0.3,0.23618513,-0.06381488,0.06381488,0.35583332
0.14,0.18375424,0.043754235,0.043754235,0.42775
0.06666667,0.0063602403,-0.06030643,0.06030643,0.35466668
0.65,0.41627067,-0.2337293,0.2337293,0.235
0.46,0.4033592,-0.056640804,0.056640804,0.477
0.525,0.47644183,-0.048558146,0.048558146,0.31875
0.0,0.0031211078,0.0031211078,0.0031211078,0.347
0.0,0.0030381158,0.0030381158,0.0030381158,0.2175
0.0,0.002989389,0.002989389,0.002989389,0.188
0.0,0.0033538043,0.0033538043,0.0033538043,0.22366667
0.4,0.2746653,-0.12533471,0.12533471,0.233
0.575,0.42119366,-0.15380633,0.15380633,0.21483333
0.175,0.20218411,0.027184114,0.027184114,0.21525
0.4,0.361431,-0.038569003,0.038569003,0.52225
0.225,0.2247414,-0.00025859475,0.00025859475,0.3855
0.35,0.36056948,0.010569483,0.010569483,0.3375
0.4875,0.38105446,-0.10644555,0.10644555,0.39
0.175,0.22676235,0.051762357,0.051762357,0.2425
0.5375,0.37123263,-0.1662674,0.1662674,0.52891666
0.35,0.35604724,0.006047249,0.006047249,0.3335
0.65,0.50671166,-0.14328831,0.14328831,0.37175
0.175,0.18273827,0.0077382773,0.0077382773,0.314
0.0,0.0027423576,0.0027423576,0.0027423576,0.32
0.4,0.39561078,-0.0043892264,0.0043892264,0.1525
0.7125,0.45099017,-0.2615098,0.2615098,0.36116666
0.0,0.0026064813,0.0026064813,0.0026064813,0.27483332
0.14,0.18640995,0.04640995,0.04640995,0.307
0.4,0.3410576,-0.058942407,0.058942407,0.085
0.0,0.002612777,0.002612777,0.002612777,0.2775
0.57,0.58231544,0.012315452,0.012315452,0.3525
0.225,0.22302812,-0.0019718707,0.0019718707,0.12375
0.175,0.18914753,0.014147535,0.014147535,0.33375
0.0,0.0028494075,0.0028494075,0.0028494075,0.22041667
0.0,0.002813451,0.002813451,0.002813451,0.20166667
0.0,0.0035790503,0.0035790503,0.0035790503,0.5056667
0.0,0.0028095618,0.0028095618,0.0028095618,0.23625
0.225,0.20823818,-0.01676181,0.01676181,0.25591666
0.225,0.22546926,0.00046926737,0.00046926737,0.235
0.0,0.003073886,0.003073886,0.003073886,0.28125
0.0,0.0031649843,0.0031649843,0.0031649843,0.31975
0.0,0.003065899,0.003065899,0.003065899,0.17083333
0.65,0.43162352,-0.21837646,0.21837646,0.31708333
0.7,0.22844139,-0.4715586,0.4715586,0.32583332
0.225,0.23237062,0.007370621,0.007370621,0.2985
0.53333336,0.36738133,-0.16595203,0.16595203,0.27166668
0.225,0.2455469,0.020546913,0.020546913,0.35266668
0.0,0.0032166317,0.0032166317,0.0032166317,0.115
0.41666666,0.30311748,-0.11354917,0.11354917,0.27125
0.675,0.5109674,-0.16403264,0.16403264,0.4315
0.0,0.0022475421,0.0022475421,0.0022475421,0.44966668
0.0,0.0027361587,0.0027361587,0.0027361587,0.42375
0.0,0.0027216598,0.0027216598,0.0027216598,0.23375
0.225,0.21791908,-0.0070809126,0.0070809126,0.249
0.0,0.0022715703,0.0022715703,0.0022715703,0.41583332
0.3,0.21448132,-0.08551869,0.08551869,0.18416667
0.0,0.0028998628,0.0028998628,0.0028998628,0.15708333
0.0,0.0027121976,0.0027121976,0.0027121976,0.24
0.0,0.002439402,0.002439402,0.002439402,0.28533334
0.9,0.51106125,-0.38893872,0.38893872,0.17525
0.71666664,0.44229478,-0.27437186,0.27437186,0.40391666
0.0,0.003344439,0.003344439,0.003344439,0.29375
0.4,0.4296482,0.029648185,0.029648185,0.44166666
0.6625,0.44010466,-0.22239536,0.22239536,0.5155
0.43,0.38994783,-0.040052176,0.040052176,0.42375
0.0,0.0031530187,0.0031530187,0.0031530187,0.34333333
0.0,0.0029310063,0.0029310063,0.0029310063,0.27
0.225,0.19832432,-0.026675671,0.026675671,0.398
0.175,0.19037044,0.015370443,0.015370443,0.2795
0.0,0.0031495318,0.0031495318,0.0031495318,0.1825
0.0,0.0029906929,0.0029906929,0.0029906929,0.188
0.3,0.20612714,-0.093872875,0.093872875,0.20616667
0.225,0.1995886,-0.025411397,0.025411397,0.243
0.225,0.20490116,-0.020098835,0.020098835,0.21833333
0.3125,0.2612574,-0.05124259,0.05124259,0.2015
0.0,0.002381064,0.002381064,0.002381064,0.51725
0.0,0.0028134808,0.0028134808,0.0028134808,0.20166667
0.4,0.36465478,-0.035345227,0.035345227,0.49166667
0.0,0.0028081462,0.0028081462,0.0028081462,0.23625
0.18,0.20700604,0.02700603,0.02700603,0.26041666
0.85,0.7344938,-0.11550623,0.11550623,0.26416665
0.45,0.4027477,-0.047252297,0.047252297,0.235
0.0,0.003087692,0.003087692,0.003087692,0.26375
0.0,0.00314226,0.00314226,0.00314226,0.27975
0.0,0.003163971,0.003163971,0.003163971,0.14833333
0.0,0.0026789457,0.0026789457,0.0026789457,0.29208332
1.25,0.29845008,-0.9515499,0.9515499,0.39583334
0.9,0.39391157,-0.5060884,0.5060884,0.321
0.4,0.36057413,-0.03942588,0.03942588,0.3025
0.25,0.30174294,0.05174294,0.05174294,0.35766667
0.0,0.0032216609,0.0032216609,0.0032216609,0.115
0.45,0.23995268,-0.2100473,0.2100473,0.31291667
0.54,0.50402695,-0.035973072,0.035973072,0.4815
0.3,0.2418786,-0.058121413,0.058121413,0.31633332
2.9,0.5548309,-2.345169,2.345169,0.40125
0.625,0.45696014,-0.16803986,0.16803986,0.249
0.3125,0.26901472,-0.043485284,0.043485284,0.45333335
0.35,0.23705012,-0.11294988,0.11294988,0.41583332
0.23333333,0.1921193,-0.041214034,0.041214034,0.21416667
0.0,0.0030145422,0.0030145422,0.0030145422,0.12583333
0.3,0.27675402,-0.02324599,0.02324599,0.11333334
0.0,0.0025870278,0.0025870278,0.0025870278,0.32166666
0.0,0.0028649345,0.0028649345,0.0028649345,0.2115
0.3,0.21344489,-0.08655512,0.08655512,0.256
0.45,0.241211,-0.20878899,0.20878899,0.37291667
0.6666667,0.41779652,-0.24887016,0.24887016,0.3905
0.23333333,0.23059836,-0.002734974,0.002734974,0.2795
0.0,0.0031923652,0.0031923652,0.0031923652,0.25475
0.23333333,0.20994896,-0.023384377,0.023384377,0.305
0.0,0.0033457652,0.0033457652,0.0033457652,0.2365
0.0,0.0027354509,0.0027354509,0.0027354509,0.263
0.6666667,0.37536067,-0.29130602,0.29130602,0.42575
0.0,0.003257513,0.003257513,0.003257513,0.24208333
0.225,0.20866051,-0.01633948,0.01633948,0.24066667
0.0,0.0035633817,0.0035633817,0.0035633817,0.47266668
0.0,0.0023620203,0.0023620203,0.0023620203,0.5485
0.0,0.0029710904,0.0029710904,0.0029710904,0.359
0.0,0.002782546,0.002782546,0.002782546,0.20875
0.3,0.22429937,-0.07570064,0.07570064,0.36216667
0.0,0.0033444837,0.0033444837,0.0033444837,0.38725
0.0,0.0030213296,0.0030213296,0.0030213296,0.14166667
0.53333336,0.2615629,-0.27177045,0.27177045,0.43666667
0.0,0.0028067306,0.0028067306,0.0028067306,0.23625
0.0,0.0032013506,0.0032013506,0.0032013506,0.26091668
0.725,0.5425476,-0.18245244,0.18245244,0.23
0.0,0.0031023324,0.0031023324,0.0031023324,0.26375
0.5375,0.4160092,-0.121490836,0.121490836,0.21875
0.0,0.0031638145,0.0031638145,0.0031638145,0.14833333
0.225,0.23963442,0.01463443,0.01463443,0.27458334
0.35,0.22383875,-0.12616125,0.12616125,0.5208333
0.0,0.002656594,0.002656594,0.002656594,0.34475
0.45,0.39221907,-0.05778092,0.05778092,0.3025
0.8375,0.6700771,-0.16742289,0.16742289,0.30666667
0.0,0.0034018978,0.0034018978,0.0034018978,0.075
0.625,0.55516964,-0.06983036,0.06983036,0.27666667
0.72,0.7106518,-0.009348214,0.009348214,0.5075
0.3,0.23999667,-0.06000334,0.06000334,0.34633332
0.18,0.21622387,0.03622386,0.03622386,0.62125
0.32,0.3413896,0.021389604,0.021389604,0.25775
0.3125,0.24126568,-0.071234316,0.071234316,0.2375
0.35,0.3987929,0.0487929,0.0487929,0.1025
0.0,0.0025704429,0.0025704429,0.0025704429,0.33083335
0.625,0.45059144,-0.17440856,0.17440856,0.2685
0.45,0.38460347,-0.06539652,0.06539652,0.45716667
0.225,0.25112358,0.026123583,0.026123583,0.27483332
0.53333336,0.4099222,-0.12341115,0.12341115,0.22
0.9,0.25146684,-0.6485331,0.6485331,0.1875
0.175,0.18079917,0.0057991743,0.0057991743,0.38675
0.39,0.42300755,0.033007562,0.033007562,0.2405
0.28,0.24437046,-0.03562954,0.03562954,0.42116666
0.0,0.003295429,0.003295429,0.003295429,0.3315
0.3,0.20763084,-0.09236917,0.09236917,0.31583333
0.0,0.0024645403,0.0024645403,0.0024645403,0.356
0.0,0.0029737726,0.0029737726,0.0029737726,0.1925
0.175,0.17157872,-0.0034212768,0.0034212768,0.40241668
0.0,0.0027296096,0.0027296096,0.0027296096,0.31858334
0.5,0.4251056,-0.0748944,0.0748944,0.42391667
0.45,0.21495411,-0.23504588,0.23504588,0.3415
0.0,0.002675049,0.002675049,0.002675049,0.3695
0.36666667,0.28662837,-0.08003831,0.08003831,0.18625
0.175,0.2016041,0.026604101,0.026604101,0.36966667
0.3,0.24748954,-0.05251047,0.05251047,0.17375
0.0,0.0023565888,0.0023565888,0.0023565888,0.28625
0.61,0.6599083,0.04990828,0.04990828,0.32083333
0.18,0.20762315,0.027623147,0.027623147,0.331
0.175,0.20301294,0.028012946,0.028012946,0.42966667
0.85,0.6959456,-0.1540544,0.1540544,0.27483332
0.18,0.24830785,0.06830785,0.06830785,0.23733333
0.725,0.46407953,-0.2609205,0.2609205,0.40425
0.14,0.20729762,0.06729762,0.06729762,0.2795
0.28,0.24299514,-0.03700486,0.03700486,0.42666668
0.14,0.18090445,0.040904447,0.040904447,0.3135
0.46,0.42965686,-0.030343145,0.030343145,0.32833335
0.53,0.51461434,-0.015385628,0.015385628,0.1925
0.32,0.25070938,-0.06929061,0.06929061,0.39191666
0.28,0.23829821,-0.041701794,0.041701794,0.40266666
0.58,0.5804592,0.00045919418,0.00045919418,0.3695
0.675,0.63082695,-0.04417306,0.04417306,0.17416666
0.0,0.0028283522,0.0028283522,0.0028283522,0.36966667
0.225,0.23071298,0.005712986,0.005712986,0.29483333
0.0,0.002896905,0.002896905,0.002896905,0.20375
0.4,0.39579022,-0.0042097867,0.0042097867,0.35733333
0.675,0.52810425,-0.14689577,0.14689577,0.40358335
0.175,0.17199631,-0.0030036867,0.0030036867,0.56425
0.0,0.0031927675,0.0031927675,0.0031927675,0.105
0.0,0.0035056695,0.0035056695,0.0035056695,0.40875
0.0,0.0032228455,0.0032228455,0.0032228455,0.26091668
0.32,0.27120867,-0.04879132,0.04879132,0.42175
0.175,0.2002995,0.025299504,0.025299504,0.2625
0.4,0.28707194,-0.11292806,0.11292806,0.34333333
0.9,0.5871016,-0.3128984,0.3128984,0.3905
0.0,0.0030879676,0.0030879676,0.0030879676,0.2795
0.3,0.20953041,-0.0904696,0.0904696,0.2225
0.0,0.0031636506,0.0031636506,0.0031636506,0.14833333
0.0,0.0029919967,0.0029919967,0.0029919967,0.188
0.96666664,0.5171418,-0.44952482,0.44952482,0.325
0.45,0.265819,-0.18418097,0.18418097,0.075
0.225,0.21650484,-0.008495152,0.008495152,0.5335
0.3,0.2157912,-0.08420882,0.08420882,0.63925
0.0,0.002929397,0.002929397,0.002929397,0.17708333
0.175,0.18364185,0.008641854,0.008641854,0.21833333
0.0,0.0025220737,0.0025220737,0.0025220737,0.43958333
0.0,0.0031466857,0.0031466857,0.0031466857,0.12
0.5375,0.46957758,-0.06792244,0.06792244,0.39733332
0.0,0.0026004165,0.0026004165,0.0026004165,0.42941666
0.725,0.45903945,-0.26596057,0.26596057,0.49175
0.0,0.0032566339,0.0032566339,0.0032566339,0.0875
0.54,0.44582507,-0.09417495,0.09417495,0.40875
0.36,0.34653792,-0.013462096,0.013462096,0.26091668
0.61,0.48182583,-0.12817419,0.12817419,0.39575
0.46,0.45192665,-0.00807336,0.00807336,0.28
0.41666666,0.23550081,-0.18116584,0.18116584,0.37666667
0.3,0.19595808,-0.104041934,0.104041934,0.4525
0.3125,0.24151877,-0.070981234,0.070981234,0.2475
0.35,0.26023886,-0.08976114,0.08976114,0.17625
0.0,0.00326173,0.00326173,0.00326173,0.12583333
0.0,0.0031005815,0.0031005815,0.0031005815,0.163
0.45,0.3852609,-0.06473908,0.06473908,0.35666665
0.32,0.35389653,0.033896536,0.033896536,0.524
0.0,0.0030814335,0.0030814335,0.0030814335,0.66925
0.625,0.43027148,-0.19472852,0.19472852,0.2125
0.0,0.0026255995,0.0026255995,0.0026255995,0.34958333
0.18,0.27545616,0.09545615,0.09545615,0.12
0.35,0.29670936,-0.053290635,0.053290635,0.3905
0.4,0.37994337,-0.020056635,0.020056635,0.3585
0.18,0.20756558,0.027565569,0.027565569,0.299
0.58,0.5772248,-0.0027751923,0.0027751923,0.35716668
1.0,0.9409543,-0.059045672,0.059045672,0.32483333
0.225,0.2484979,0.02349791,0.02349791,0.23283334
0.0,0.0034779683,0.0034779683,0.0034779683,0.40475
0.32,0.38194436,0.061944366,0.061944366,0.2485
0.18,0.19871533,0.018715322,0.018715322,0.45466667
0.4,0.27208346,-0.12791654,0.12791654,0.305
0.7,0.2243061,-0.47569388,0.47569388,0.356
0.35,0.20994657,-0.14005342,0.14005342,0.223
0.0,0.0036767796,0.0036767796,0.0036767796,0.40141666
0.0,0.002743028,0.002743028,0.002743028,0.31858334
0.54,0.44698635,-0.093013674,0.093013674,0.36966667
0.0,0.0032790974,0.0032790974,0.0032790974,0.125
0.0,0.0030463114,0.0030463114,0.0030463114,0.3865
0.225,0.2280519,0.0030519068,0.0030519068,0.3915
0.18,0.25809756,0.07809755,0.07809755,0.24166666
0.5,0.47048447,-0.029515535,0.029515535,0.30716667
0.0,0.003106542,0.003106542,0.003106542,0.15875
0.35,0.28676555,-0.06323445,0.06323445,0.4255
0.18,0.23825708,0.058257073,0.058257073,0.3085
0.36,0.38593042,0.025930405,0.025930405,0.41516668
0.6,0.60472465,0.004724622,0.004724622,0.40733334
0.225,0.24763191,0.022631913,0.022631913,0.23733333
0.0,0.0026864037,0.0026864037,0.0026864037,0.2775
0.36,0.3129469,-0.04705313,0.04705313,0.34675
0.84166664,1.0127977,0.17113107,0.17113107,0.2805
0.28,0.2414253,-0.038574696,0.038574696,0.39666668
0.36,0.33388957,-0.02611044,0.02611044,0.295
0.0,0.0031544194,0.0031544194,0.0031544194,0.32766667
0.0,0.0029211715,0.0029211715,0.0029211715,0.15416667
0.32,0.38738552,0.067385525,0.067385525,0.426
0.0,0.0027401522,0.0027401522,0.0027401522,0.258
0.32,0.24872604,-0.07127395,0.07127395,0.37891668
0.0,0.0027647838,0.0027647838,0.0027647838,0.30108333
0.68333334,0.76790094,0.08456761,0.08456761,0.32266667
0.0,0.0033366159,0.0033366159,0.0033366159,0.1075
0.58,0.55779666,-0.022203326,0.022203326,0.414
0.41666666,0.5738772,0.15721056,0.15721056,0.25966668
0.18,0.2213743,0.041374296,0.041374296,0.33966666
0.14,0.20699137,0.066991374,0.066991374,0.31733334
0.8,0.40299833,-0.39700168,0.39700168,0.1275
0.68,0.7063924,0.0263924,0.0263924,0.42941666
0.0,0.002114579,0.002114579,0.002114579,0.45916668
0.4,0.35995585,-0.04004416,0.04004416,0.47125
0.65,0.47628993,-0.17371005,0.17371005,0.0875
0.57,0.4555779,-0.11442208,0.11442208,0.409
0.45,0.2689909,-0.18100908,0.18100908,0.11783333
0.0,0.003331907,0.003331907,0.003331907,0.22566667
0.14,0.18081021,0.040810212,0.040810212,0.3805
0.53,0.48566324,-0.044336736,0.044336736,0.276
0.5375,0.39496535,-0.14253467,0.14253467,0.41833332
0.14,0.17694551,0.036945507,0.036945507,0.46
0.32,0.3066551,-0.013344884,0.013344884,0.27875
0.18,0.20868951,0.028689504,0.028689504,0.21125
0.9,0.23196661,-0.66803336,0.66803336,0.075833336
0.0,0.0031004176,0.0031004176,0.0031004176,0.163
0.275,0.23525384,-0.039746165,0.039746165,0.35291666
2.0,0.47866443,-1.5213356,1.5213356,0.12
0.23333333,0.27755693,0.04422359,0.04422359,0.506
0.9,0.5107041,-0.38929588,0.38929588,0.57925
0.0,0.0030941963,0.0030941963,0.0030941963,0.14583333
0.53,0.4406669,-0.08933306,0.08933306,0.2525
1.25,0.27348578,-0.9765142,0.9765142,0.34958333
0.96666664,0.6578663,-0.30880034,0.30880034,0.138
0.93,0.9104717,-0.01952833,0.01952833,0.309
0.0,0.003101565,0.003101565,0.003101565,0.272
0.28,0.3033122,0.023312211,0.023312211,0.36116666
0.175,0.2237539,0.048753902,0.048753902,0.40233332
0.64,0.48911482,-0.15088516,0.15088516,0.36875
0.79,0.83198005,0.04198003,0.04198003,0.323
0.14,0.17989242,0.03989242,0.03989242,0.37966666
0.32,0.26593852,-0.054061472,0.054061472,0.313
0.78,0.75165874,-0.028341234,0.028341234,0.32766667
0.28,0.352168,0.07216799,0.07216799,0.20425
0.86,0.7732005,-0.0867995,0.0867995,0.36425
0.0,0.0027968064,0.0027968064,0.0027968064,0.26208332
0.5,0.4290138,-0.07098621,0.07098621,0.34933335
0.0,0.0030182377,0.0030182377,0.0030182377,0.3415
0.0,0.0027134046,0.0027134046,0.0027134046,0.427
0.36,0.43026534,0.07026532,0.07026532,0.26633334
0.0,0.0028958097,0.0028958097,0.0028958097,0.30766666
1.225,0.9815025,-0.24349755,0.24349755,0.30133334
0.7625,0.656917,-0.10558301,0.10558301,0.2075
0.45,0.41638184,-0.033618152,0.033618152,0.45108333
0.5,0.41032213,-0.08967787,0.08967787,0.46541667
0.225,0.19350451,-0.03149548,0.03149548,0.42125
0.35,0.2493451,-0.1006549,0.1006549,0.085
0.71666664,0.38937673,-0.3272899,0.3272899,0.34475
0.43,0.4104466,-0.019553393,0.019553393,0.20316666
0.36,0.3136263,-0.046373725,0.046373725,0.3765
0.28,0.27777138,-0.0022286177,0.0022286177,0.329
0.4,0.28020534,-0.11979467,0.11979467,0.44958332
0.54,0.44683254,-0.093167484,0.093167484,0.402
0.05,0.006377645,-0.043622356,0.043622356,0.31075
0.36,0.35068667,-0.009313345,0.009313345,0.22925
0.41666666,0.27288035,-0.14378631,0.14378631,0.14333333
0.5,0.4319526,-0.068047404,0.068047404,0.149
0.14,0.19680232,0.056802318,0.056802318,0.38041666
0.35,0.22859228,-0.12140772,0.12140772,0.32
0.5,0.4723183,-0.027681708,0.027681708,0.47183332
0.3,0.2138806,-0.08611941,0.08611941,0.66925
0.0,0.0030992255,0.0030992255,0.0030992255,0.14583333
0.45,0.31465977,-0.13534021,0.13534021,0.3055
0.0,0.002626285,0.002626285,0.002626285,0.38458332
0.625,0.3242519,-0.3007481,0.3007481,0.16716667
0.3,0.2348181,-0.06518191,0.06518191,0.44233334
0.5,0.41077128,-0.08922872,0.08922872,0.43416667
0.14,0.17531008,0.035310075,0.035310075,0.37175
0.0,0.0035688207,0.0035688207,0.0035688207,0.39891666
0.575,0.42181045,-0.15318954,0.15318954,0.22866666
0.36,0.31097567,-0.049024343,0.049024343,0.3985
0.0,0.002909854,0.002909854,0.002909854,0.3345
0.225,0.20433155,-0.020668447,0.020668447,0.28958333
0.83,0.7455772,-0.08442277,0.08442277,0.411
0.0,0.0026347488,0.0026347488,0.0026347488,0.30125
0.4,0.29095715,-0.10904285,0.10904285,0.29325
0.3125,0.23598489,-0.07651511,0.07651511,0.23525
0.5375,0.43818536,-0.09931466,0.09931466,0.13166666
0.175,0.21292427,0.037924275,0.037924275,0.1815
0.35,0.26922908,-0.08077091,0.08077091,0.39441666
0.0,0.0024555996,0.0024555996,0.0024555996,0.355
0.18,0.21979702,0.039797008,0.039797008,0.44933334
0.3,0.2126056,-0.08739442,0.08739442,0.65425
0.225,0.1910542,-0.0339458,0.0339458,0.3505
0.45,0.26160163,-0.18839836,0.18839836,0.20716667
0.0,0.0026173964,0.0026173964,0.0026173964,0.317
0.32,0.36678517,0.046785176,0.046785176,0.37116668
0.42,0.47640282,0.056402832,0.056402832,0.41983333
0.32,0.25749853,-0.06250146,0.06250146,0.41525
0.39,0.4095458,0.019545823,0.019545823,0.402
0.36,0.31572157,-0.044278443,0.044278443,0.34866667
0.0,0.003357686,0.003357686,0.003357686,0.305
0.46,0.41507566,-0.04492435,0.04492435,0.40566668
0.9,0.5698234,-0.3301766,0.3301766,0.388
0.5,0.48622715,-0.013772845,0.013772845,0.201
0.5,0.40046978,-0.09953022,0.09953022,0.42775
0.36,0.40565848,0.04565847,0.04565847,0.20833333
0.5,0.42395025,-0.076049745,0.076049745,0.37683332
0.54,0.51296246,-0.027037561,0.027037561,0.4045
0.65,0.70017254,0.050172567,0.050172567,0.30233333
0.675,0.4910684,-0.18393162,0.18393162,0.266
0.0,0.0026982576,0.0026982576,0.0026982576,0.37633333
0.5,0.55139273,0.051392734,0.051392734,0.26125
0.72,0.65587306,-0.06412697,0.06412697,0.272
0.225,0.23408654,0.009086549,0.009086549,0.44983333
0.58,0.5440919,-0.035908103,0.035908103,0.46166667
0.6,0.38857436,-0.21142566,0.21142566,0.32816666
0.175,0.22191742,0.046917424,0.046917424,0.46183333
0.18,0.19429308,0.014293075,0.014293075,0.30075
0.0,0.002712205,0.002712205,0.002712205,0.41766667
0.225,0.1956299,-0.0293701,0.0293701,0.36216667
0.43,0.3808429,-0.049157113,0.049157113,0.412
0.225,0.20144886,-0.023551136,0.023551136,0.31208333
0.25,0.22162145,-0.028378546,0.028378546,0.36883333
0.4,0.2566733,-0.1433267,0.1433267,0.464
0.36,0.35288757,-0.0071124434,0.0071124434,0.2795
0.175,0.19384353,0.018843532,0.018843532,0.279
0.18,0.23333597,0.053335965,0.053335965,0.171
0.5375,0.49552372,-0.041976303,0.041976303,0.32233334
0.0,0.0029300824,0.0029300824,0.0029300824,0.276
0.0,0.0035633445,0.0035633445,0.0035633445,0.373
0.0,0.0025431886,0.0025431886,0.0025431886,0.34416667
0.5,0.3975315,-0.10246849,0.10246849,0.29025
0.525,0.45958412,-0.06541586,0.06541586,0.43233332
0.225,0.22114673,-0.0038532615,0.0038532615,0.48466668
0.0,0.0028093532,0.0028093532,0.0028093532,0.38816667
0.0,0.0023342893,0.0023342893,0.0023342893,0.40683332
0.0,0.003457345,0.003457345,0.003457345,0.31875
0.45,0.3858459,-0.06415409,0.06415409,0.41766667
0.725,0.4604585,-0.26454154,0.26454154,0.34466666
0.0,0.0029871687,0.0029871687,0.0029871687,0.16283333
0.175,0.17714286,0.0021428615,0.0021428615,0.375
0.0,0.0032508597,0.0032508597,0.0032508597,0.31208333
0.175,0.17251319,-0.00248681,0.00248681,0.39383334
0.725,0.45412907,-0.27087095,0.27087095,0.458
0.225,0.20827794,-0.016722053,0.016722053,0.23425
0.0,0.0031390712,0.0031390712,0.0031390712,0.154
0.8125,0.68265426,-0.12984574,0.12984574,0.34608334
0.41666666,0.25336564,-0.16330102,0.16330102,0.241
0.0,0.003524825,0.003524825,0.003524825,0.338
0.9,0.64562285,-0.25437713,0.25437713,0.309
0.4,0.37464252,-0.025357485,0.025357485,0.47083333
0.5375,0.42559963,-0.11190039,0.11190039,0.49316666
0.45,0.3859054,-0.06409457,0.06409457,0.38816667
0.175,0.22186032,0.046860322,0.046860322,0.40683332
0.175,0.17381832,-0.001181677,0.001181677,0.30475
0.32,0.36589968,0.04589969,0.04589969,0.39016667
0.225,0.1938135,-0.031186491,0.031186491,0.34966666
0.0,0.0029921979,0.0029921979,0.0029921979,0.16283333
0.28,0.23763534,-0.042364657,0.042364657,0.3245
0.675,0.45253086,-0.22246915,0.22246915,0.24958333
0.28,0.2311677,-0.048832297,0.048832297,0.38883334
0.175,0.172661,-0.0023389906,0.0023389906,0.4695
0.0,0.003276825,0.003276825,0.003276825,0.23425
0.35,0.26933625,-0.08066374,0.08066374,0.2645
0.0,0.00333976,0.00333976,0.00333976,0.108
0.175,0.23313951,0.058139518,0.058139518,0.42733333
0.0,0.0029521957,0.0029521957,0.0029521957,0.28266665
0.225,0.18918282,-0.035817176,0.035817176,0.3205
0.5,0.37981984,-0.12018016,0.12018016,0.363
0.0,0.0022766814,0.0022766814,0.0022766814,0.44458333
0.14,0.19696373,0.056963727,0.056963727,0.5244167
0.0,0.002845101,0.002845101,0.002845101,0.38816667
0.175,0.22249061,0.04749061,0.04749061,0.38533333
0.64,0.48021448,-0.15978551,0.15978551,0.28225
0.3125,0.26195687,-0.05054313,0.05054313,0.36416668
0.225,0.19291809,-0.032081902,0.032081902,0.33616668
0.0,0.002276443,0.002276443,0.002276443,0.433
0.4,0.37351972,-0.026480287,0.026480287,0.3245
0.45,0.33967245,-0.11032754,0.11032754,0.29458332
0.225,0.18826042,-0.036739573,0.036739573,0.37083334
0.39,0.33491638,-0.055083603,0.055083603,0.4695
0.32,0.3090653,-0.010934681,0.010934681,0.18425
0.41666666,0.24561685,-0.1710498,0.1710498,0.237
0.9875,0.81790644,-0.16959357,0.16959357,0.0855
0.46666667,0.36672536,-0.09994131,0.09994131,0.41733333
0.5,0.41726524,-0.08273476,0.08273476,0.22466667
0.9875,0.6353301,-0.35216993,0.35216993,0.303
0.32,0.27365497,-0.046345025,0.046345025,0.413
0.14,0.21548349,0.075483486,0.075483486,0.38208333
0.4,0.40548965,0.0054896474,0.0054896474,0.45541668
0.5,0.46984202,-0.030157983,0.030157983,0.3215
0.14,0.22235665,0.08235665,0.08235665,0.3795
0.93,0.8589616,-0.071038425,0.071038425,0.33225
0.32,0.36482972,0.044829726,0.044829726,0.39541668
0.57,0.4533861,-0.116613895,0.116613895,0.292
0.0,0.003482625,0.003482625,0.003482625,0.3505
0.46,0.4141485,-0.0458515,0.0458515,0.33291668
0.14,0.16975626,0.029756263,0.029756263,0.39333335
0.6,0.45722145,-0.14277858,0.14277858,0.4625
0.54,0.45039082,-0.089609206,0.089609206,0.21625
0.175,0.19394487,0.018944874,0.018944874,0.23366667
0.14,0.20939964,0.06939964,0.06939964,0.18425
0.36,0.43358427,0.07358426,0.07358426,0.464
0.32,0.34895986,0.02895987,0.02895987,0.24466667
0.43,0.38067788,-0.04932213,0.04932213,0.34425
